{"type":"FeatureCollection","features":[{"type":"Feature","geometry":{"type":"Polygon","coordinates":[[[129.0323805,35.1098749],[129.0324182,35.1098959],[129.0324809,35.1099326],[129.0325071,35.1099456],[129.0326449,35.1100167],[129.0327779,35.110086],[129.0327877,35.1100908],[129.0328026,35.1100987],[129.0328505,35.1101203],[129.0329075,35.1101396],[129.0329575,35.1101513],[129.0330027,35.1101571],[129.0330481,35.110158],[129.0331166,35.1101546],[129.0331606,35.1101515],[129.0332401,35.1101357],[129.0333071,35.1101228],[129.0333512,35.1101112],[129.0333884,35.1100996],[129.0334029,35.1100918],[129.0334121,35.1100858],[129.0334629,35.1100545],[129.0334922,35.1100315],[129.0335033,35.1100213],[129.033542,35.109984],[129.0335799,35.1099417],[129.033581,35.1099426],[129.0336035,35.1099179],[129.0336431,35.1098741],[129.0336933,35.109818],[129.0337016,35.1098089],[129.0337408,35.1097662],[129.0337628,35.1097384],[129.0337824,35.109713],[129.0337989,35.1096847],[129.033816,35.1096447],[129.0338369,35.1096029],[129.0338463,35.1095841],[129.0338651,35.1095521],[129.0338845,35.109513],[129.0338951,35.1094982],[129.0339212,35.1094473],[129.0339237,35.1094424],[129.0339408,35.1094496],[129.0339481,35.1094352],[129.0339579,35.109418],[129.0339879,35.1093653],[129.0339955,35.109354],[129.0340223,35.1093103],[129.0340515,35.1092607],[129.0340774,35.1092183],[129.0341075,35.1091674],[129.0341417,35.1091075],[129.0341703,35.1090595],[129.0341959,35.1090139],[129.0342723,35.1088868],[129.0342828,35.108869],[129.0342898,35.1088546],[129.0342922,35.1088096],[129.0342694,35.1087995],[129.0342695,35.10879],[129.0342661,35.108754],[129.0342486,35.1087205],[129.0342397,35.1087033],[129.0342244,35.1086734],[129.0342207,35.1086669],[129.0341992,35.1086256],[129.0341733,35.1085969],[129.0341203,35.1085388],[129.0341065,35.1085239],[129.0340919,35.1085143],[129.0340146,35.1084622],[129.0340041,35.108455],[129.0339452,35.1084159],[129.0339002,35.1083851],[129.0338601,35.1083579],[129.0338501,35.108351],[129.0338047,35.1083201],[129.0337925,35.1083121],[129.0337589,35.1082892],[129.0337499,35.1082832],[129.033724,35.1082655],[129.0336863,35.1082405],[129.0336696,35.1082293],[129.0336477,35.1082143],[129.033615,35.1081924],[129.0335801,35.1081692],[129.0335457,35.1081457],[129.0335411,35.1081426],[129.033515,35.1081249],[129.0335009,35.1081159],[129.0334988,35.1081118],[129.0334952,35.1081091],[129.0334568,35.1080831],[129.0334151,35.108054],[129.0333638,35.1080188],[129.033348,35.1080079],[129.0333399,35.1080024],[129.0333018,35.1079602],[129.0332663,35.1079183],[129.0332036,35.1079704],[129.0331557,35.1080105],[129.0330926,35.1080617],[129.0330807,35.108072],[129.0330291,35.1081163],[129.0329769,35.1081612],[129.03296,35.1081751],[129.0329503,35.1081834],[129.0329006,35.1082252],[129.0328433,35.1082737],[129.0328312,35.1082837],[129.0328218,35.1082919],[129.0328119,35.1083003],[129.0327882,35.1083202],[129.0327952,35.1083217],[129.0329603,35.1084083],[129.0329913,35.108378],[129.0330072,35.1083735],[129.0330235,35.1083778],[129.0330696,35.1084041],[129.0331769,35.1084632],[129.0332538,35.108507],[129.0332757,35.1085212],[129.0333278,35.1085703],[129.0334155,35.1086728],[129.0334187,35.1086831],[129.0334148,35.1086946],[129.0333992,35.1087106],[129.0333779,35.1087242],[129.033325,35.1087425],[129.0332987,35.1087515],[129.0332746,35.1087522],[129.0332534,35.1087535],[129.033178,35.1087592],[129.0330833,35.1087664],[129.0330163,35.1087662],[129.0329757,35.108766],[129.0329603,35.1087658],[129.0329714,35.1088098],[129.0329554,35.1088384],[129.0328826,35.108983],[129.0328819,35.1090266],[129.0328584,35.109027],[129.0327836,35.1092068],[129.0327674,35.1092322],[129.0327332,35.109258],[129.032894,35.1093564],[129.0329944,35.1094179],[129.0331413,35.1094832],[129.0330814,35.1095408],[129.0330026,35.109616],[129.0329464,35.1096701],[129.0328913,35.1097227],[129.0327778,35.1098316],[129.0326766,35.1098424],[129.0323805,35.1098749]]]},"properties":{"name":"","type":"기타","admCode":"26110","mnum":"62600002611020260069UDT1000001001"}},{"type":"Feature","geometry":{"type":"Polygon","coordinates":[[[129.0358867,35.099804],[129.0359647,35.0998072],[129.0359648,35.0998111],[129.0362813,35.0998237],[129.0363158,35.0998252],[129.036314,35.0998521],[129.0363681,35.099854],[129.0363791,35.0996911],[129.0363833,35.0996252],[129.0363856,35.0995912],[129.0363908,35.0995088],[129.0363937,35.0994634],[129.0363965,35.0994208],[129.0363689,35.0993662],[129.0362795,35.0992816],[129.0362751,35.0992771],[129.0361729,35.0991681],[129.0361202,35.0991162],[129.0360449,35.0990416],[129.0360285,35.0990384],[129.0360168,35.0990375],[129.0359409,35.0990342],[129.0359356,35.0990956],[129.0359322,35.0991525],[129.0359312,35.0991702],[129.035969,35.0991722],[129.0360068,35.0991743],[129.0360118,35.099176],[129.0360084,35.0992227],[129.036005,35.0992694],[129.0360045,35.0992806],[129.0360039,35.0992919],[129.036002,35.0993197],[129.0360001,35.0993474],[129.0359975,35.0993474],[129.0359942,35.0993472],[129.0359736,35.0993459],[129.035953,35.0993446],[129.0359351,35.0993436],[129.0359172,35.0993426],[129.0359139,35.0993977],[129.0359126,35.0994125],[129.0359106,35.0994432],[129.0359098,35.0994579],[129.0359069,35.0995023],[129.0359037,35.0995482],[129.0359004,35.0995958],[129.0358867,35.099804]]]},"properties":{"name":"","type":"기타","admCode":"26110","mnum":"62600002611020230308UDT1000001001"}},{"type":"Feature","geometry":{"type":"Polygon","coordinates":[[[129.0331984,35.1150622],[129.0332013,35.1150844],[129.0332054,35.1151184],[129.0332141,35.1151386],[129.0332269,35.1151777],[129.0332368,35.1152082],[129.0332562,35.1152706],[129.0332746,35.115327],[129.0332778,35.1153441],[129.0332872,35.1153715],[129.033313,35.1154223],[129.0333302,35.1154673],[129.0333272,35.1154806],[129.0333334,35.11548],[129.0333397,35.1154961],[129.033424,35.115565],[129.0334391,35.115578],[129.0334695,35.1156014],[129.033464,35.115609],[129.0334802,35.1156209],[129.0334927,35.1156296],[129.0335699,35.1156964],[129.0335843,35.1157097],[129.0336071,35.115729],[129.0336521,35.1157672],[129.0336864,35.115796],[129.0337037,35.1158105],[129.0337025,35.1158134],[129.033779,35.1158746],[129.033822,35.1159071],[129.0338263,35.1159098],[129.0338405,35.1159151],[129.0338513,35.115908],[129.033881,35.1158887],[129.0339328,35.115855],[129.0339927,35.1158162],[129.0340261,35.1158057],[129.0341255,35.1157765],[129.0341499,35.1157659],[129.034189,35.1157504],[129.0342671,35.1157434],[129.0343303,35.1157137],[129.0344133,35.115674],[129.0344679,35.1156481],[129.0344577,35.1156297],[129.0344754,35.1156041],[129.0344956,35.1155749],[129.0345209,35.1155634],[129.0345359,35.1155512],[129.034601,35.115502],[129.034612,35.1155169],[129.0347179,35.1154636],[129.0347363,35.1154541],[129.0347469,35.1154484],[129.0347568,35.115438],[129.0347682,35.1154262],[129.0347643,35.115424],[129.0347568,35.1153533],[129.0347506,35.1153374],[129.0347323,35.1152978],[129.0347047,35.1152488],[129.0346981,35.1152362],[129.0346551,35.1151903],[129.0346431,35.1151811],[129.0345734,35.1151279],[129.0344873,35.1150662],[129.0344715,35.1150573],[129.0343912,35.1149737],[129.0342772,35.1147904],[129.0342604,35.1147627],[129.0342528,35.1147507],[129.0342419,35.1147335],[129.0342038,35.1146738],[129.0341691,35.1146175],[129.0341232,35.1145551],[129.0341029,35.1145623],[129.0338363,35.1146576],[129.033833,35.1146588],[129.0338297,35.1146599],[129.0338281,35.1146605],[129.0338264,35.114661],[129.0338248,35.1146615],[129.0338231,35.1146621],[129.0338215,35.1146626],[129.0338198,35.1146631],[129.0338181,35.1146636],[129.0338164,35.1146641],[129.0338148,35.1146646],[129.0338131,35.1146651],[129.0338114,35.1146656],[129.0338097,35.114666],[129.033808,35.1146665],[129.0338063,35.1146669],[129.0338047,35.1146674],[129.033803,35.1146678],[129.0338013,35.1146683],[129.0337996,35.1146687],[129.0337978,35.1146691],[129.0337961,35.1146695],[129.0337944,35.1146699],[129.0337927,35.1146703],[129.033791,35.1146707],[129.0337893,35.1146711],[129.0337876,35.1146714],[129.0337858,35.1146718],[129.0337841,35.1146722],[129.0337824,35.1146725],[129.0337806,35.1146728],[129.0337789,35.1146732],[129.0337772,35.1146735],[129.0337754,35.1146738],[129.0337737,35.1146741],[129.033772,35.1146744],[129.0337702,35.1146747],[129.0337685,35.114675],[129.0337667,35.1146753],[129.033765,35.1146756],[129.0337632,35.1146758],[129.0337615,35.1146761],[129.0337597,35.1146763],[129.033758,35.1146766],[129.0337562,35.1146768],[129.0337544,35.114677],[129.0337521,35.1146773],[129.0334596,35.1147112],[129.0334582,35.1147113],[129.0334568,35.1147115],[129.0334554,35.1147117],[129.033454,35.1147118],[129.0334526,35.114712],[129.0334512,35.1147121],[129.0334498,35.1147122],[129.0334484,35.1147123],[129.033447,35.1147124],[129.0334456,35.1147125],[129.0334442,35.1147126],[129.0334428,35.1147127],[129.0334414,35.1147128],[129.03344,35.1147128],[129.0334386,35.1147128],[129.0334372,35.1147129],[129.0334358,35.1147129],[129.0334344,35.1147129],[129.033433,35.1147129],[129.0334316,35.1147129],[129.0334302,35.1147129],[129.0334288,35.1147129],[129.0334274,35.1147129],[129.033426,35.1147128],[129.0334246,35.1147128],[129.0334232,35.1147127],[129.0334218,35.1147126],[129.0334204,35.1147125],[129.033419,35.1147124],[129.0334176,35.1147124],[129.0334162,35.1147122],[129.0334148,35.1147121],[129.0334134,35.114712],[129.033412,35.1147119],[129.0334106,35.1147117],[129.0334092,35.1147116],[129.0334078,35.1147114],[129.0334064,35.1147112],[129.0334051,35.114711],[129.0334037,35.1147108],[129.0334023,35.1147106],[129.0334009,35.1147104],[129.0333995,35.1147102],[129.0333982,35.1147099],[129.0333968,35.1147097],[129.0333954,35.1147094],[129.0333941,35.1147092],[129.0333927,35.1147089],[129.0333913,35.1147086],[129.03339,35.1147083],[129.0333886,35.114708],[129.0333873,35.1147077],[129.0333859,35.1147074],[129.0333846,35.1147071],[129.0333832,35.1147067],[129.0333819,35.1147064],[129.0333806,35.114706],[129.0333792,35.1147057],[129.0333779,35.1147053],[129.0333766,35.1147049],[129.0333752,35.1147045],[129.0333739,35.1147041],[129.0333726,35.1147037],[129.0333713,35.1147033],[129.03337,35.1147029],[129.0333687,35.1147024],[129.0333674,35.114702],[129.0333661,35.1147015],[129.0333648,35.114701],[129.0333636,35.1147006],[129.0333623,35.1147001],[129.033361,35.1146996],[129.0333597,35.1146991],[129.0333585,35.1146986],[129.0333572,35.1146981],[129.033356,35.1146975],[129.0333547,35.114697],[129.0333535,35.1146965],[129.0333523,35.1146959],[129.033351,35.1146954],[129.0333498,35.1146948],[129.0333486,35.1146942],[129.0333474,35.1146936],[129.0333462,35.114693],[129.033345,35.1146924],[129.0333438,35.1146918],[129.0333426,35.1146912],[129.0333414,35.1146906],[129.0333403,35.1146899],[129.0333391,35.1146893],[129.0333379,35.1146886],[129.0333368,35.114688],[129.0333356,35.1146873],[129.0333345,35.1146866],[129.0333334,35.114686],[129.0333322,35.1146853],[129.0333311,35.1146846],[129.03333,35.1146839],[129.0333289,35.1146832],[129.0333278,35.1146824],[129.0333267,35.1146817],[129.0333256,35.114681],[129.0333246,35.1146802],[129.0333235,35.1146795],[129.0333224,35.1146787],[129.0333214,35.1146779],[129.0333203,35.1146772],[129.0333193,35.1146764],[129.0333183,35.1146756],[129.0333173,35.1146748],[129.0333163,35.114674],[129.0333152,35.1146732],[129.0333143,35.1146724],[129.0333133,35.1146716],[129.0333123,35.1146707],[129.0333113,35.1146699],[129.0333104,35.1146691],[129.0333094,35.1146682],[129.0333085,35.1146674],[129.0333075,35.1146665],[129.0333066,35.1146656],[129.0333057,35.1146648],[129.0333048,35.1146639],[129.0333039,35.114663],[129.033303,35.1146621],[129.0333021,35.1146612],[129.0333012,35.1146603],[129.0333004,35.1146594],[129.0332995,35.1146585],[129.0332987,35.1146575],[129.0332979,35.1146566],[129.033297,35.1146557],[129.0332962,35.1146547],[129.0332954,35.1146538],[129.0332946,35.1146528],[129.0332938,35.1146519],[129.0332931,35.1146509],[129.0332923,35.11465],[129.0332915,35.114649],[129.0332908,35.114648],[129.0332901,35.114647],[129.0332893,35.114646],[129.0332886,35.114645],[129.0332879,35.114644],[129.0332872,35.114643],[129.0332865,35.114642],[129.0332858,35.114641],[129.0332852,35.11464],[129.0332845,35.114639],[129.0332839,35.114638],[129.0332917,35.1146925],[129.0332845,35.1148036],[129.0332251,35.1148979],[129.033216,35.114948],[129.0332019,35.1149818],[129.0332,35.115034],[129.0331984,35.1150622]]]},"properties":{"name":"영주1재건축정비구역","type":"재건축","admCode":"26110","mnum":"62600002611020210136UDT1000001001"}},{"type":"Feature","geometry":{"type":"Polygon","coordinates":[[[129.029394,35.114571],[129.0294448,35.1145968],[129.0294459,35.1146351],[129.0294352,35.1146669],[129.0294671,35.1147153],[129.0295495,35.1147783],[129.0295663,35.1147912],[129.0296406,35.1148471],[129.0297399,35.1148805],[129.0297891,35.1149015],[129.0298148,35.1149174],[129.0298385,35.11493],[129.0298752,35.1149522],[129.0299061,35.1149735],[129.0299426,35.1150013],[129.0299729,35.1150257],[129.0300183,35.115069],[129.0300382,35.1150914],[129.0300742,35.1151323],[129.0301148,35.1151858],[129.0301288,35.1152038],[129.0303448,35.1153612],[129.0309535,35.1156221],[129.0310351,35.1156444],[129.0310797,35.1156525],[129.0312553,35.1155921],[129.0314013,35.1155382],[129.0314545,35.1155387],[129.0314568,35.1155383],[129.0315059,35.1155322],[129.0315629,35.1155254],[129.0316134,35.1155241],[129.0316671,35.1155265],[129.0317114,35.1155328],[129.0317588,35.1155384],[129.0317749,35.1155418],[129.0319208,35.1155431],[129.0320856,35.1154393],[129.0325617,35.1154942],[129.0325396,35.1154431],[129.0325934,35.1153418],[129.0326336,35.1153617],[129.0326392,35.1153103],[129.0327012,35.1153137],[129.0327085,35.1151889],[129.0327451,35.1151512],[129.0327587,35.115137],[129.0327549,35.1151051],[129.0327538,35.1150995],[129.032742,35.1149968],[129.0327406,35.1149864],[129.0326919,35.1149884],[129.0326485,35.1149938],[129.0326049,35.1150013],[129.0325717,35.1150083],[129.0325423,35.1150187],[129.0325165,35.1150295],[129.0323403,35.115096],[129.0323093,35.1151083],[129.0322797,35.1151167],[129.0322558,35.1151196],[129.0322235,35.1151231],[129.0321755,35.1151205],[129.0321203,35.1151152],[129.0320272,35.1151074],[129.0319568,35.115103],[129.0318072,35.1150904],[129.0317821,35.1150887],[129.0317595,35.1150866],[129.0316851,35.1150809],[129.0316464,35.1150779],[129.031628,35.1150765],[129.0316182,35.1150755],[129.0315986,35.1150743],[129.0315606,35.1150714],[129.0314248,35.1150616],[129.0313313,35.1150555],[129.0312777,35.1150521],[129.0312407,35.115047],[129.0311913,35.1150358],[129.0311644,35.1150285],[129.0311353,35.1150192],[129.0308014,35.1148839],[129.0307898,35.1148789],[129.0306227,35.1148171],[129.0301434,35.1146403],[129.0300026,35.1145883],[129.0298626,35.1145381],[129.0298119,35.1144862],[129.0297975,35.1144729],[129.0297345,35.1143927],[129.0296775,35.1144138],[129.0296418,35.114427],[129.0296044,35.114408],[129.0296136,35.1143997],[129.029567,35.1143511],[129.029394,35.114571]]]},"properties":{"name":"","type":"기타","admCode":"26110","mnum":"62600002611020210131UDT1000001001"}},{"type":"Feature","geometry":{"type":"Polygon","coordinates":[[[129.0162831,35.1034816],[129.0163005,35.1034814],[129.0163179,35.1034811],[129.0163325,35.1034809],[129.0163493,35.1034807],[129.016362,35.1034805],[129.0163747,35.1034804],[129.0163904,35.1034675],[129.0164061,35.1034546],[129.0164077,35.1034698],[129.0164107,35.1034504],[129.0164121,35.1033954],[129.0164122,35.1033938],[129.0164122,35.1033921],[129.0164158,35.1033585],[129.0164195,35.1033249],[129.0164205,35.1033144],[129.0164238,35.1032604],[129.0164257,35.1032205],[129.0164282,35.1031736],[129.0164307,35.1031266],[129.0164309,35.1031181],[129.0164327,35.1030342],[129.0164338,35.1029188],[129.0163023,35.1029357],[129.0162101,35.1029428],[129.0161676,35.1029464],[129.0160006,35.1029532],[129.0159986,35.1029306],[129.015998,35.1029091],[129.0159984,35.1029042],[129.0159998,35.1028864],[129.0159952,35.1028408],[129.0160161,35.1028178],[129.0159949,35.1028318],[129.0159709,35.1028481],[129.0159664,35.1028512],[129.0159366,35.1028014],[129.0159081,35.102754],[129.0159803,35.1027157],[129.0159413,35.1026493],[129.0159314,35.1026071],[129.0158944,35.1026081],[129.0158335,35.1026093],[129.0157989,35.1026101],[129.0157878,35.1026104],[129.0157918,35.1025992],[129.0158024,35.1025698],[129.0157783,35.1025805],[129.0156385,35.1023907],[129.0156295,35.1023733],[129.0156218,35.1023543],[129.0156961,35.1023316],[129.0156837,35.1023115],[129.0156439,35.1022478],[129.0156571,35.1022424],[129.0157477,35.1022084],[129.0157599,35.1022298],[129.0158311,35.1022094],[129.0159044,35.1021884],[129.0159082,35.1021683],[129.0159594,35.1021503],[129.0159815,35.102176],[129.0160549,35.1021399],[129.0160768,35.1021489],[129.016099,35.1021591],[129.0161055,35.1021446],[129.016145,35.102105],[129.0161655,35.1021147],[129.0162436,35.102105],[129.0162665,35.1021023],[129.0163025,35.1021651],[129.0164305,35.1021484],[129.0164396,35.102148],[129.0164396,35.1021406],[129.0164288,35.1020984],[129.0164148,35.102063],[129.0164124,35.1020578],[129.0163975,35.1020255],[129.0163662,35.1019585],[129.0163592,35.1019438],[129.0163573,35.1019335],[129.0163528,35.101905],[129.0163037,35.1018565],[129.0163027,35.1018449],[129.0163092,35.1018088],[129.0163275,35.1017415],[129.0163479,35.1016658],[129.0163633,35.101621],[129.01637,35.101605],[129.0164053,35.10152],[129.0164242,35.1014738],[129.0164523,35.1014084],[129.016459,35.1013674],[129.0164969,35.1011372],[129.0164987,35.1011027],[129.0165079,35.1010633],[129.0165063,35.1010035],[129.016505,35.1009982],[129.0164898,35.1009302],[129.0164782,35.1009031],[129.0164606,35.1008595],[129.0164438,35.1008188],[129.0164012,35.100716],[129.0163703,35.1006432],[129.0163611,35.1006249],[129.0163086,35.1005202],[129.016305,35.1005122],[129.01622,35.1002665],[129.0161781,35.1002343],[129.0161421,35.1002141],[129.0161277,35.1002031],[129.0161206,35.1001977],[129.0161134,35.1001922],[129.0161063,35.1001866],[129.0160993,35.100181],[129.0160923,35.1001754],[129.0160854,35.1001697],[129.0160786,35.100164],[129.0160719,35.1001581],[129.0160652,35.1001522],[129.0160587,35.1001462],[129.0160523,35.1001402],[129.0160458,35.1001341],[129.0160394,35.1001281],[129.0160329,35.1001221],[129.0160263,35.1001161],[129.0160196,35.1001102],[129.0160128,35.1001044],[129.0160059,35.1000988],[129.0159988,35.1000932],[129.0159955,35.1000907],[129.0157532,35.0999667],[129.0156156,35.0999405],[129.0155717,35.099932],[129.0154653,35.0999133],[129.0154403,35.0999089],[129.015375,35.0999041],[129.0150517,35.0999082],[129.0150254,35.0999082],[129.0149043,35.0999094],[129.0148533,35.0999119],[129.0147913,35.0999129],[129.014706,35.0999136],[129.0146211,35.0999157],[129.0145672,35.0999229],[129.0144376,35.0999623],[129.0141339,35.0999789],[129.0140203,35.099997],[129.0139927,35.1000032],[129.0139735,35.1000077],[129.0139465,35.1000138],[129.0138885,35.1000272],[129.0138215,35.1000438],[129.0137571,35.1000597],[129.0136718,35.1000954],[129.0136184,35.1001179],[129.0135809,35.1001345],[129.0135334,35.1001525],[129.0134552,35.1001966],[129.0131882,35.1003479],[129.0131244,35.100379],[129.0130426,35.1004223],[129.0130198,35.1004356],[129.0129746,35.1004645],[129.0129559,35.1004777],[129.012931,35.1004967],[129.0129076,35.1005175],[129.0128985,35.1005269],[129.0128628,35.1005676],[129.0127836,35.100634],[129.0127526,35.1006638],[129.012715,35.1006995],[129.0126856,35.1007216],[129.0126353,35.100759],[129.0126678,35.1007869],[129.0126826,35.1007996],[129.0127541,35.1008851],[129.0128275,35.1009192],[129.0128478,35.1009325],[129.0129112,35.1009911],[129.0130871,35.1010422],[129.0134075,35.1009547],[129.0135673,35.1009128],[129.0138814,35.1007677],[129.0141676,35.100687],[129.0143306,35.1007584],[129.0144774,35.1008442],[129.0145853,35.1009348],[129.0146919,35.1010406],[129.0147986,35.1010987],[129.0148557,35.1011693],[129.0149298,35.1012987],[129.0147906,35.1017867],[129.0147116,35.1019],[129.0146438,35.1020836],[129.0147855,35.1022702],[129.0149744,35.102489],[129.0149947,35.1028774],[129.0149907,35.1029355],[129.01499,35.102951],[129.014821,35.1031336],[129.0148623,35.1033124],[129.0149136,35.103295],[129.0149383,35.1032867],[129.0150141,35.1032662],[129.0150168,35.1032655],[129.0150387,35.103256],[129.0150606,35.1032466],[129.0150712,35.103242],[129.0150856,35.1032358],[129.015079,35.1032238],[129.0151129,35.1032115],[129.0151203,35.1032088],[129.015167,35.1031917],[129.0151945,35.1031817],[129.0152066,35.1031773],[129.0152253,35.1031713],[129.0152584,35.1031722],[129.0152951,35.1031742],[129.0153318,35.1031762],[129.0153811,35.1031789],[129.0154533,35.1032199],[129.0154985,35.1032445],[129.0155685,35.1032823],[129.0156539,35.1033009],[129.0157012,35.1033112],[129.0157599,35.103324],[129.0157952,35.1033317],[129.0158601,35.1033458],[129.0158791,35.1033498],[129.0159561,35.1033663],[129.0159716,35.103369],[129.0160322,35.1033795],[129.0160739,35.1033961],[129.0160928,35.103407],[129.0161117,35.1034178],[129.0161316,35.1034292],[129.016147,35.103438],[129.0161706,35.1034516],[129.0161944,35.1034652],[129.0162072,35.1034705],[129.016219,35.1034736],[129.0162308,35.1034768],[129.016241,35.1034785],[129.0162512,35.1034802],[129.0162632,35.1034812],[129.0162831,35.1034816]]]},"properties":{"name":"","type":"기타","admCode":"26140","mnum":"62600002614020250211UDT1000001001"}},{"type":"Feature","geometry":{"type":"Polygon","coordinates":[[[129.0092979,35.1087123],[129.009322,35.1088171],[129.0093264,35.1088365],[129.0093404,35.1088845],[129.0093562,35.1088684],[129.0093701,35.1088546],[129.0094855,35.108772],[129.0095765,35.1087217],[129.0096156,35.1087019],[129.0096555,35.1086818],[129.009684,35.1086693],[129.0097243,35.1086516],[129.0097341,35.1086481],[129.0097848,35.1086302],[129.009808,35.1086245],[129.0098975,35.1086203],[129.0099101,35.1086207],[129.0099224,35.1086205],[129.0099537,35.1086207],[129.0099854,35.1086225],[129.0100011,35.1086442],[129.0100212,35.1086733],[129.0100466,35.1087103],[129.0100644,35.1087462],[129.010066,35.1087495],[129.0100709,35.1087593],[129.0100883,35.1087943],[129.0101151,35.1088439],[129.0101317,35.1088751],[129.0101399,35.1088914],[129.0101518,35.1089148],[129.0101655,35.1089527],[129.0102021,35.109046],[129.0102052,35.1090542],[129.0102099,35.1090685],[129.0102129,35.1090786],[129.0102325,35.1091362],[129.0102464,35.109174],[129.0102733,35.1092324],[129.0102915,35.1092671],[129.010333,35.1093313],[129.0103388,35.109342],[129.0103471,35.1093572],[129.0103602,35.1093813],[129.0103754,35.1094027],[129.0104245,35.109472],[129.0104382,35.10949],[129.0104597,35.1095184],[129.0104872,35.1095548],[129.0105132,35.1095891],[129.0105253,35.1096043],[129.0105776,35.1096687],[129.0105845,35.1096772],[129.0106152,35.1097151],[129.0106292,35.1097301],[129.0107053,35.109812],[129.0107237,35.1098318],[129.0107891,35.109808],[129.0107718,35.109786],[129.0107884,35.1097631],[129.0108539,35.1097353],[129.0108433,35.1097187],[129.0109145,35.109688],[129.0109343,35.1096824],[129.0109273,35.1096609],[129.0109449,35.1096675],[129.0110127,35.1097403],[129.0110213,35.1097494],[129.0110285,35.109759],[129.011058,35.1098067],[129.0110764,35.1098312],[129.0111032,35.1098757],[129.0111601,35.1099602],[129.011166,35.1099689],[129.0111396,35.1099836],[129.0110196,35.1100453],[129.0109328,35.1100355],[129.0109968,35.1100909],[129.0110434,35.1101267],[129.0110885,35.1101612],[129.0110897,35.1101621],[129.0111316,35.1101936],[129.0111572,35.1102117],[129.0112241,35.1102523],[129.0112961,35.1102958],[129.0113131,35.110306],[129.0113475,35.1103262],[129.0113344,35.1102983],[129.0113271,35.1102858],[129.0113066,35.110246],[129.0112728,35.1101807],[129.0112645,35.1101659],[129.0112379,35.1101278],[129.0112198,35.1101022],[129.011335,35.1100383],[129.011497,35.1099535],[129.0116039,35.1098971],[129.0116251,35.1098859],[129.0116511,35.109872],[129.0116785,35.1098578],[129.0117586,35.1098214],[129.0117969,35.1098023],[129.0118111,35.1097957],[129.0118569,35.1097739],[129.0120269,35.1096916],[129.012043,35.1096834],[129.0120765,35.1096663],[129.0121148,35.1096467],[129.0121249,35.1096396],[129.0122215,35.109592],[129.0123655,35.109521],[129.0123928,35.1095072],[129.0124429,35.1094823],[129.0124559,35.1094757],[129.0125302,35.1094365],[129.0125465,35.1094279],[129.0125582,35.1094217],[129.0125804,35.10941],[129.012607,35.1093963],[129.0126414,35.1093789],[129.0127367,35.1093314],[129.0127914,35.1093041],[129.0128025,35.1092985],[129.0128382,35.1092807],[129.0129282,35.1092358],[129.0129458,35.109227],[129.0130025,35.1091987],[129.0131316,35.1091344],[129.0131852,35.1091066],[129.0132215,35.1090882],[129.013264,35.1090673],[129.013289,35.1090548],[129.0133597,35.1090196],[129.0134271,35.1089853],[129.0134924,35.1089526],[129.0135541,35.1089209],[129.0135933,35.1088992],[129.0136077,35.1088918],[129.01362,35.1088856],[129.0137426,35.1088242],[129.0138135,35.1087891],[129.0139046,35.1087433],[129.0139839,35.1087036],[129.0140246,35.1086831],[129.0140641,35.108663],[129.0141042,35.1086432],[129.0141739,35.1086082],[129.014255,35.1085671],[129.014248,35.1085261],[129.0142447,35.1085064],[129.0142958,35.1084808],[129.0143194,35.1084686],[129.0143272,35.1084647],[129.014308,35.1084405],[129.014301,35.1084363],[129.0143001,35.1084305],[129.0142578,35.1083769],[129.0142166,35.1083247],[129.014195,35.1082972],[129.0141866,35.1082867],[129.0141633,35.1082642],[129.0140967,35.1082208],[129.0140291,35.1081861],[129.0140246,35.1081838],[129.0140089,35.1081766],[129.0139643,35.1081563],[129.0139484,35.1081518],[129.0139277,35.1081459],[129.0138965,35.108137],[129.0138956,35.1081367],[129.0138767,35.1081314],[129.0138167,35.1081147],[129.013757,35.1081033],[129.0136741,35.1080905],[129.0136325,35.1080906],[129.0135642,35.1080907],[129.0135399,35.1080907],[129.013493,35.1080894],[129.0134462,35.1080882],[129.0134462,35.1080882],[129.0134296,35.1080877],[129.0133549,35.1080843],[129.0132751,35.1080807],[129.0132642,35.1080803],[129.0131703,35.1080764],[129.0130935,35.1080709],[129.0130849,35.1080644],[129.0130822,35.1080642],[129.0130242,35.1080615],[129.0130094,35.1080751],[129.0130046,35.1080999],[129.0130004,35.1081221],[129.0129846,35.1081548],[129.0129755,35.1081708],[129.012975,35.1081716],[129.0129529,35.1081724],[129.0129456,35.1081723],[129.0129091,35.1081721],[129.0128268,35.1081697],[129.012775,35.1081682],[129.0127405,35.1081688],[129.0126388,35.1081708],[129.0126212,35.1081707],[129.0126128,35.1081707],[129.0125805,35.1081734],[129.0125368,35.1081785],[129.0125215,35.1081795],[129.0124784,35.1081825],[129.012432,35.108193],[129.0124256,35.1081944],[129.0124228,35.108195],[129.0123555,35.1082176],[129.0123367,35.1082243],[129.0122828,35.1082557],[129.0122271,35.1083024],[129.0121645,35.1083484],[129.0121319,35.1083699],[129.0120794,35.1084084],[129.0120425,35.1084355],[129.0119322,35.1085147],[129.0118679,35.108561],[129.0118542,35.1085688],[129.0118408,35.1085766],[129.0118081,35.1085909],[129.0117673,35.1086073],[129.0116929,35.1086441],[129.0116645,35.1086682],[129.011656,35.1086755],[129.0115993,35.1087237],[129.0115939,35.1087282],[129.0115654,35.1087363],[129.0114769,35.1087365],[129.0114066,35.1087363],[129.0113386,35.1087367],[129.011274,35.1087386],[129.0112588,35.1087391],[129.0112184,35.1087403],[129.011142,35.1087417],[129.0111176,35.1087427],[129.0110949,35.108739],[129.0110275,35.1087234],[129.0109997,35.1087173],[129.010912,35.1086987],[129.0108421,35.1086838],[129.0108242,35.1086801],[129.0107466,35.1086641],[129.0107211,35.1086572],[129.0107163,35.1086556],[129.0106862,35.1086463],[129.0106511,35.1086383],[129.0106433,35.1086365],[129.010557,35.1086333],[129.0105404,35.1086333],[129.0104781,35.1086528],[129.0104438,35.1086522],[129.0103803,35.108651],[129.0103549,35.1086511],[129.0103123,35.1086532],[129.0103083,35.1086509],[129.0102985,35.1086495],[129.0102833,35.1086434],[129.0102695,35.1086388],[129.0102543,35.1086344],[129.0102441,35.1086312],[129.0102297,35.1086287],[129.01016,35.108616],[129.0101344,35.108611],[129.0101217,35.1086091],[129.0100968,35.1086061],[129.010063,35.1086006],[129.0099751,35.1085858],[129.0099843,35.1085732],[129.0100045,35.1085459],[129.0100164,35.1085282],[129.0100153,35.108528],[129.0098991,35.1085256],[129.0099041,35.1085004],[129.0098981,35.1084998],[129.0099015,35.1084859],[129.0098888,35.1084638],[129.0098711,35.1084674],[129.0098585,35.108451],[129.0098487,35.1084552],[129.0098339,35.1084368],[129.0098051,35.1084488],[129.0097366,35.1084787],[129.009742,35.1084852],[129.0096726,35.108523],[129.0096645,35.1085101],[129.0096428,35.1084776],[129.0095607,35.1085229],[129.0095584,35.1085378],[129.0095801,35.1085588],[129.0095533,35.1085787],[129.0095519,35.1085913],[129.0095121,35.108609],[129.0094808,35.1086328],[129.0094583,35.1086389],[129.0094577,35.108638],[129.0093764,35.1086869],[129.0093626,35.1086758],[129.0093035,35.1087092],[129.0092979,35.1087123]]]},"properties":{"name":"서대신6재개발정비구역","type":"재개발","admCode":"26140","mnum":"62600002614020200250UDT1000001001"}},{"type":"Feature","geometry":{"type":"Polygon","coordinates":[[[129.0132926,35.1203454],[129.0133062,35.1203253],[129.0133816,35.1202136],[129.0134244,35.1201953],[129.0134392,35.1201855],[129.013484,35.120152],[129.013527,35.1201338],[129.0135725,35.1200673],[129.0136786,35.119993],[129.0139021,35.1198367],[129.0140728,35.1198391],[129.0141504,35.1198378],[129.0141385,35.1198144],[129.0142368,35.1197213],[129.014267,35.1196933],[129.0143474,35.1196243],[129.0143784,35.1195979],[129.0144275,35.1195561],[129.0144534,35.1195795],[129.0145105,35.1196239],[129.0145191,35.1196354],[129.0145268,35.1196199],[129.0145168,35.1196033],[129.0145685,35.1195139],[129.0147214,35.1194883],[129.0149095,35.1194567],[129.0149628,35.119457],[129.0149761,35.1192479],[129.0150406,35.1192522],[129.0150684,35.1192541],[129.015076,35.119157],[129.0150845,35.1191193],[129.0150924,35.1190962],[129.0151127,35.1190374],[129.0151332,35.1190048],[129.0152067,35.1188873],[129.0152226,35.1188301],[129.0152394,35.118755],[129.0152387,35.1187131],[129.0152261,35.1186545],[129.0152222,35.1186481],[129.0151945,35.1185889],[129.0151559,35.1185061],[129.0151498,35.1184931],[129.015082,35.1185255],[129.0149959,35.1185711],[129.0149727,35.1185829],[129.0149401,35.1185984],[129.0149234,35.1186067],[129.0148511,35.1186417],[129.0148331,35.1186525],[129.014751,35.1186942],[129.0147213,35.1187093],[129.0147014,35.1187196],[129.0146451,35.1187489],[129.0145625,35.1187881],[129.0145477,35.118796],[129.0144946,35.1188231],[129.0144592,35.1188414],[129.014429,35.1188569],[129.0143864,35.1188788],[129.0143614,35.1188916],[129.014274,35.1189341],[129.0140982,35.11903],[129.014068,35.1190464],[129.0140423,35.1190605],[129.0137268,35.1192209],[129.0136649,35.1192524],[129.0135614,35.1193051],[129.0134891,35.1193419],[129.0133946,35.1193899],[129.0133658,35.1194047],[129.0132298,35.1194738],[129.0131818,35.1194982],[129.013165,35.1195072],[129.0129785,35.1196012],[129.012939,35.1196225],[129.0129189,35.1196329],[129.0127931,35.119699],[129.0127338,35.1197297],[129.0127087,35.1197433],[129.0126592,35.1197692],[129.0126489,35.1197746],[129.0125599,35.1198246],[129.012539,35.1198338],[129.0125246,35.1198405],[129.0125479,35.119855],[129.0125826,35.1198754],[129.0126682,35.1199258],[129.0127512,35.1199487],[129.0127709,35.1199592],[129.0128239,35.1199891],[129.0128678,35.1200144],[129.0129145,35.1200567],[129.0129524,35.1200909],[129.0130092,35.1201432],[129.0130278,35.1201593],[129.0130856,35.1202016],[129.0131121,35.1202221],[129.0131445,35.1202414],[129.0131561,35.1202479],[129.0131698,35.1202542],[129.013182,35.1202597],[129.0131991,35.1202849],[129.0132042,35.1203289],[129.0132496,35.1203374],[129.0132926,35.1203454]]]},"properties":{"name":"서대신3 주택재개발","type":"재개발","admCode":"26140","mnum":"62600002614020070204UDT1000001001"}},{"type":"Feature","geometry":{"type":"Polygon","coordinates":[[[129.0104321,35.1156494],[129.0104334,35.1156838],[129.0104421,35.1157406],[129.0104469,35.1157701],[129.0104477,35.1157715],[129.0104484,35.1157729],[129.0104531,35.115782],[129.0104578,35.1157911],[129.0105003,35.1158768],[129.0105429,35.1159625],[129.0105437,35.1159641],[129.0105444,35.1159656],[129.0106557,35.1158821],[129.0107481,35.1159698],[129.0107801,35.1159542],[129.0108503,35.1160418],[129.0109456,35.1159283],[129.0110656,35.1157853],[129.0110916,35.1157684],[129.0111189,35.1157398],[129.011129,35.1157302],[129.0111323,35.1157199],[129.0111714,35.1157086],[129.0112124,35.1156967],[129.0113083,35.1156565],[129.0113102,35.1156556],[129.0113333,35.1156445],[129.0113416,35.1156386],[129.0114075,35.1155134],[129.0115244,35.1151294],[129.0115288,35.1151235],[129.011613,35.1150646],[129.0117108,35.1150176],[129.0119789,35.1149428],[129.0121362,35.1149137],[129.0121976,35.1149101],[129.0122266,35.1149095],[129.0122375,35.1149091],[129.012244,35.1149107],[129.01225,35.1149122],[129.0122891,35.1149261],[129.0122956,35.1149361],[129.012291,35.114909],[129.0122788,35.1148377],[129.0122771,35.1148229],[129.012264,35.1147454],[129.012262,35.1147289],[129.0122471,35.114644],[129.0122298,35.1145376],[129.0122394,35.1145359],[129.012225,35.1144663],[129.0122232,35.1144561],[129.012206,35.1143693],[129.0121986,35.1143277],[129.0121883,35.1142799],[129.012182,35.1142436],[129.0121772,35.1142135],[129.0121728,35.1141929],[129.0121635,35.1141447],[129.0121601,35.1141268],[129.0121412,35.1140334],[129.0121379,35.1140176],[129.0121141,35.1138923],[129.0121108,35.1138713],[129.0121094,35.1138589],[129.0121055,35.1138292],[129.0120536,35.1137801],[129.0119308,35.113664],[129.0118812,35.1136162],[129.0118369,35.1135737],[129.0118287,35.1135669],[129.0118072,35.113547],[129.0117828,35.1135238],[129.0117448,35.1134867],[129.0117279,35.1134702],[129.0116986,35.1134424],[129.0116694,35.1134147],[129.0116242,35.1133707],[129.0116196,35.1133662],[129.0115811,35.1133291],[129.0115492,35.1132991],[129.0115461,35.1132953],[129.0115134,35.1132638],[129.011496,35.1132648],[129.0114748,35.113266],[129.0114545,35.1132667],[129.0114439,35.1132599],[129.0114333,35.1132531],[129.0114293,35.1132508],[129.0114293,35.1132509],[129.0114244,35.1132649],[129.0114249,35.1132825],[129.0114214,35.1133112],[129.0114175,35.113324],[129.0114149,35.1133338],[129.0114062,35.1133614],[129.0113929,35.1133987],[129.0113898,35.1134077],[129.0113793,35.1134405],[129.0113763,35.1134528],[129.0113633,35.1135026],[129.0113557,35.1135188],[129.0113198,35.1135874],[129.0112944,35.1136212],[129.0112491,35.1136768],[129.0111738,35.1137674],[129.0111519,35.1137934],[129.0110966,35.1138499],[129.0110841,35.1138638],[129.0110351,35.1139145],[129.0110297,35.1139302],[129.0110067,35.1140042],[129.0109847,35.1140662],[129.0109783,35.1140851],[129.0109626,35.1141253],[129.0109402,35.1141794],[129.0109353,35.1141922],[129.0109218,35.1142265],[129.0109134,35.1142461],[129.0108931,35.1142936],[129.0108675,35.1143482],[129.0108591,35.1143674],[129.0108451,35.1144059],[129.0108416,35.1144148],[129.0108137,35.1144787],[129.0108047,35.1145042],[129.0107917,35.114535],[129.0107761,35.1145698],[129.0107619,35.1146045],[129.0107426,35.1146546],[129.0107395,35.1146738],[129.0107367,35.1146825],[129.0107234,35.1147587],[129.0107217,35.114769],[129.0107188,35.1147802],[129.0107109,35.1148364],[129.0107044,35.1148966],[129.0107024,35.114929],[129.0106978,35.1150032],[129.0106964,35.1150258],[129.0106951,35.1150363],[129.0106893,35.1151012],[129.0106778,35.1151852],[129.0106755,35.1152373],[129.0106741,35.115262],[129.0106564,35.1153089],[129.0106474,35.11533],[129.0106078,35.1153957],[129.0105939,35.1154174],[129.01054,35.1154837],[129.0105289,35.1154948],[129.010516,35.1155094],[129.0104681,35.1155713],[129.0104463,35.1156087],[129.0104321,35.1156494]]]},"properties":{"name":"서대신4 주택재개발","type":"재개발","admCode":"26140","mnum":"62600002614020130491UDT1000001021"}},{"type":"Feature","geometry":{"type":"Polygon","coordinates":[[[129.0093404,35.1088845],[129.0093446,35.1088989],[129.0093785,35.1090157],[129.0094132,35.1091374],[129.009435,35.1092172],[129.0094614,35.1093113],[129.0094917,35.1094152],[129.0095186,35.109514],[129.0095526,35.1096359],[129.0095754,35.1097118],[129.0095974,35.1097816],[129.0096265,35.1098821],[129.0096501,35.1099709],[129.0096744,35.1100553],[129.0096941,35.1101245],[129.0097099,35.1101817],[129.0097301,35.1102591],[129.0097314,35.1102734],[129.0097475,35.1103818],[129.009775,35.1105566],[129.0098031,35.1107358],[129.0098342,35.110938],[129.009854,35.1110735],[129.0098698,35.1111785],[129.0098699,35.1111793],[129.0098701,35.1111812],[129.0099776,35.1113112],[129.0099821,35.1113167],[129.0101062,35.1114469],[129.0101653,35.1114958],[129.0101862,35.1115161],[129.010193,35.1115232],[129.0103771,35.1117127],[129.010444,35.1117731],[129.0105373,35.1118514],[129.0105583,35.1118713],[129.010587,35.1118885],[129.0105871,35.1118885],[129.0106158,35.1119056],[129.0106164,35.1119052],[129.0106235,35.1119093],[129.0106296,35.1119102],[129.0106972,35.1119204],[129.0107681,35.1119318],[129.0108169,35.1119397],[129.0108442,35.11194],[129.0108722,35.1119378],[129.0108958,35.1119323],[129.0109304,35.1119192],[129.0109413,35.1119143],[129.0109449,35.1119127],[129.0109771,35.1119057],[129.0110363,35.1119016],[129.0110779,35.111907],[129.0111193,35.1119171],[129.0111564,35.1119371],[129.0112619,35.1120129],[129.0113689,35.1120587],[129.0113926,35.1120687],[129.0114116,35.1120687],[129.0114432,35.1120634],[129.0114816,35.1120376],[129.0115052,35.1120358],[129.0115607,35.1120963],[129.0116198,35.1120727],[129.0116244,35.1120709],[129.0116504,35.1121223],[129.0116582,35.1121387],[129.0118797,35.1115443],[129.0119,35.1114992],[129.0119538,35.1113255],[129.0119456,35.1113232],[129.0118602,35.1112737],[129.0118355,35.1112603],[129.0118262,35.1112551],[129.0117858,35.1112251],[129.0117566,35.1112054],[129.0117541,35.1112019],[129.0117469,35.1111927],[129.0117315,35.1111826],[129.0117222,35.1111765],[129.0116642,35.1110983],[129.0116585,35.1110711],[129.0116474,35.1110299],[129.0116222,35.1109258],[129.0116179,35.1109073],[129.0116211,35.1108716],[129.0116252,35.1108331],[129.0116271,35.1108145],[129.0116114,35.1107985],[129.011603,35.1107945],[129.0115502,35.110769],[129.0114059,35.110702],[129.011387,35.110693],[129.011269,35.1106365],[129.0112307,35.110619],[129.0111879,35.110605],[129.011156,35.1105851],[129.0111104,35.1105573],[129.0111049,35.1105544],[129.0110843,35.1105485],[129.0110589,35.1105316],[129.0110075,35.1104991],[129.0109799,35.1104806],[129.010922,35.1104425],[129.0108344,35.1104182],[129.0107718,35.1103921],[129.0107271,35.1103501],[129.0107016,35.1103637],[129.010655,35.1103313],[129.0106204,35.1102964],[129.0105462,35.1102215],[129.0104709,35.1101459],[129.0104489,35.1101246],[129.0103981,35.1100721],[129.0103964,35.1100704],[129.010336,35.1100067],[129.0102716,35.1099393],[129.0101941,35.1098602],[129.010143,35.1098163],[129.0100734,35.1097556],[129.0099909,35.1096854],[129.0099255,35.1096324],[129.0098852,35.1095709],[129.0098355,35.1094952],[129.0097944,35.1094342],[129.0097531,35.1093696],[129.0097167,35.1093149],[129.0096836,35.1092781],[129.0096198,35.1092087],[129.0095441,35.1091273],[129.0095347,35.1091169],[129.0095312,35.1090988],[129.0095291,35.1090838],[129.009511,35.1089958],[129.0094269,35.1089909],[129.0094205,35.1089675],[129.0093712,35.1088606],[129.009369,35.1088554],[129.0093404,35.1088845]]]},"properties":{"name":"서대신5재개발 정비구역","type":"재개발","admCode":"26140","mnum":"62600002614020230054UDT1000001001"}},{"type":"Feature","geometry":{"type":"Polygon","coordinates":[[[129.0157774,35.1068827],[129.0158133,35.1068962],[129.0158561,35.1069123],[129.015914,35.1069343],[129.0159914,35.1069635],[129.0159737,35.106991],[129.0160756,35.1070135],[129.0161039,35.1070197],[129.0161231,35.1070239],[129.0161385,35.1070272],[129.0161679,35.1070338],[129.016206,35.1070423],[129.0163403,35.1070716],[129.0163491,35.1070736],[129.0163796,35.1070792],[129.0164015,35.1070835],[129.0164188,35.1070867],[129.016515,35.1071043],[129.0165396,35.1071089],[129.0166642,35.107132],[129.016727,35.1071436],[129.0167219,35.1071515],[129.016774,35.1071624],[129.016826,35.1071701],[129.0168449,35.1071716],[129.0168973,35.1071826],[129.0169735,35.1071862],[129.0169735,35.1071862],[129.0169699,35.1071922],[129.0169503,35.1072252],[129.0168912,35.1073244],[129.0168662,35.1073663],[129.0168407,35.1074091],[129.0168175,35.1074483],[129.0167942,35.1074876],[129.0167685,35.107531],[129.0167655,35.1075362],[129.0167654,35.1075361],[129.0168639,35.1076788],[129.0170681,35.1076677],[129.017331,35.1076535],[129.0174027,35.1076495],[129.0174189,35.1076335],[129.0174574,35.1075954],[129.0174549,35.1075553],[129.0173244,35.1075595],[129.0173254,35.1075777],[129.0172375,35.1075834],[129.0171645,35.1075878],[129.017165,35.1075942],[129.0171187,35.1075949],[129.017085,35.1075955],[129.0170667,35.1075977],[129.017017,35.1075274],[129.0170018,35.1075243],[129.0170002,35.1075145],[129.0169959,35.1074879],[129.0169951,35.1074815],[129.016992,35.1074628],[129.0169962,35.1074397],[129.0170045,35.107394],[129.0170164,35.1073771],[129.0170393,35.1073445],[129.0170624,35.1073215],[129.017073,35.1073109],[129.0170729,35.1072976],[129.0171602,35.1072827],[129.0172136,35.1072736],[129.0171733,35.1071955],[129.0171648,35.1071797],[129.0171589,35.1071683],[129.0171484,35.1071668],[129.0171477,35.1071469],[129.0171462,35.1070762],[129.0171156,35.1070778],[129.0170603,35.1070565],[129.0170895,35.1070053],[129.0171304,35.1069283],[129.0171734,35.1068536],[129.0172189,35.106771],[129.0172375,35.1067423],[129.0172832,35.1066639],[129.0172918,35.1066493],[129.0173431,35.1065647],[129.0173996,35.1064692],[129.0174574,35.106374],[129.0174634,35.106364],[129.0174675,35.1063567],[129.0175217,35.106262],[129.0175651,35.1061837],[129.0175714,35.1061722],[129.0175785,35.1061599],[129.0176171,35.1061391],[129.0176551,35.1061188],[129.0177417,35.1060721],[129.0178082,35.1060369],[129.0179241,35.1059755],[129.0180973,35.1058838],[129.0180995,35.1058822],[129.0181352,35.1057896],[129.0181487,35.1057547],[129.0181784,35.105679],[129.0182231,35.1055653],[129.0182333,35.1055388],[129.0183074,35.1053488],[129.0183085,35.1053455],[129.0183025,35.1052602],[129.0182989,35.1052045],[129.0182974,35.1051798],[129.018296,35.1051602],[129.0182906,35.1050773],[129.0182853,35.104995],[129.0182797,35.1049113],[129.018279,35.1048995],[129.0182779,35.1048844],[129.0182776,35.1048792],[129.0182775,35.1048792],[129.0182694,35.1047594],[129.018268,35.1047383],[129.0182567,35.1045856],[129.0182534,35.1045322],[129.0181911,35.1045267],[129.018098,35.1045185],[129.0180926,35.104518],[129.0180751,35.1045075],[129.0180286,35.1044995],[129.0180217,35.1045254],[129.0180043,35.1045259],[129.0179884,35.1045265],[129.0179878,35.1045295],[129.0179348,35.1045233],[129.0178923,35.1045193],[129.0178716,35.1045173],[129.017852,35.104515],[129.0178361,35.1045132],[129.0177969,35.10451],[129.0177984,35.1044978],[129.0177519,35.1044963],[129.0176967,35.1044948],[129.0176536,35.104495],[129.0175531,35.1044897],[129.0175361,35.1044861],[129.0174915,35.1044728],[129.0174356,35.1044444],[129.01744,35.1044361],[129.0174142,35.1044112],[129.0173973,35.1043979],[129.0173833,35.1043893],[129.0173641,35.1043829],[129.017357,35.1043723],[129.0173177,35.1043343],[129.0173166,35.1043305],[129.0173059,35.104318],[129.0172867,35.1043088],[129.0172685,35.104304],[129.0172339,35.1042993],[129.017197,35.1042991],[129.0172053,35.1043127],[129.0172107,35.104323],[129.0172149,35.1043323],[129.0172193,35.1043445],[129.0172237,35.1043606],[129.0172259,35.1043792],[129.0172262,35.104395],[129.0172263,35.1044164],[129.0172252,35.1044319],[129.0172233,35.1044461],[129.0172219,35.1044576],[129.0172189,35.1044734],[129.0172163,35.104487],[129.0172128,35.1044973],[129.0172089,35.1045105],[129.0171987,35.1045371],[129.0171889,35.1045562],[129.0171934,35.1046715],[129.0171932,35.1047244],[129.0171914,35.1047568],[129.0171897,35.1047723],[129.0171857,35.1048061],[129.0171757,35.1048558],[129.0171671,35.1048757],[129.0171499,35.1049113],[129.0171248,35.1049486],[129.0170875,35.105003],[129.0170137,35.1051111],[129.0169924,35.1051372],[129.0169696,35.1051631],[129.0169581,35.1051796],[129.0168657,35.1053118],[129.0168108,35.105395],[129.0167913,35.1054332],[129.0167763,35.1054261],[129.0167693,35.105438],[129.016693,35.1055683],[129.0166912,35.1055716],[129.0166869,35.105579],[129.0166558,35.1056311],[129.016648,35.1056476],[129.0165989,35.105751],[129.0165768,35.1057973],[129.0164972,35.105936],[129.0164641,35.1059935],[129.0164576,35.1060042],[129.0164447,35.106026],[129.0163279,35.1061654],[129.0162207,35.1062935],[129.0161805,35.1063483],[129.0161984,35.1063518],[129.0161747,35.1063804],[129.0161627,35.1063756],[129.0161378,35.1064084],[129.016111,35.1064432],[129.0160697,35.1064971],[129.0160418,35.1065336],[129.0160101,35.1065748],[129.0159328,35.106675],[129.0158639,35.1067665],[129.0158167,35.1068295],[129.0157923,35.1068627],[129.0157881,35.1068682],[129.0157774,35.1068827]]]},"properties":{"name":"부민3 재개발사업","type":"재개발","admCode":"26140","mnum":"62600002614020230255UDT1000001001"}},{"type":"Feature","geometry":{"type":"Polygon","coordinates":[[[129.0220684,35.1111097],[129.0220688,35.1111521],[129.0220689,35.1111528],[129.0220693,35.1111578],[129.0220724,35.1111896],[129.0220747,35.111197],[129.0220782,35.1112081],[129.0220818,35.1112192],[129.0220831,35.1112231],[129.0221035,35.1112685],[129.0221217,35.111304],[129.0221309,35.1113157],[129.0221426,35.1113307],[129.0221987,35.1113856],[129.0222171,35.1114008],[129.0222354,35.111416],[129.0222482,35.1114235],[129.0222546,35.1114272],[129.0222666,35.1114327],[129.0222906,35.1114438],[129.0223175,35.1114545],[129.0223378,35.1114626],[129.0223923,35.1114814],[129.0224545,35.1115034],[129.0224767,35.1115085],[129.0225424,35.1115252],[129.0225438,35.1115256],[129.0225439,35.1115256],[129.0226047,35.1115438],[129.022683,35.111567],[129.0227225,35.1115783],[129.0227506,35.1115864],[129.0228128,35.1116048],[129.0228834,35.1116258],[129.0229311,35.1116399],[129.0229485,35.1116448],[129.0229718,35.1116514],[129.0230347,35.1116699],[129.0231012,35.1116892],[129.0231775,35.1117114],[129.023188,35.1117145],[129.0232287,35.111738],[129.0232394,35.1117412],[129.023282,35.1117534],[129.023324,35.1117654],[129.0233286,35.1117667],[129.023355,35.1117743],[129.0233681,35.1117781],[129.0233747,35.1117799],[129.023398,35.1117866],[129.0234213,35.1117933],[129.0234706,35.1118073],[129.0235198,35.1118213],[129.0236101,35.1118479],[129.023649,35.1118585],[129.023761,35.1118907],[129.0238945,35.1119279],[129.0238984,35.111929],[129.0240138,35.1119549],[129.0240516,35.1119348],[129.0240434,35.111922],[129.0240409,35.1119181],[129.0240384,35.1119139],[129.024024,35.1118907],[129.0240195,35.1118841],[129.0240137,35.1118756],[129.0239893,35.1118399],[129.0239869,35.1118363],[129.0239472,35.1117773],[129.0239405,35.111767],[129.0239382,35.1117632],[129.0239347,35.1117575],[129.023902,35.1117057],[129.0238833,35.1116758],[129.0238645,35.1116459],[129.0238375,35.1116028],[129.0238088,35.1115571],[129.0238062,35.111553],[129.0237988,35.1115413],[129.0237872,35.1115225],[129.0237794,35.1115099],[129.0237237,35.1114209],[129.0237038,35.1113891],[129.0236844,35.1113582],[129.0236754,35.1113446],[129.0236682,35.111333],[129.0236646,35.1113273],[129.0236117,35.1112435],[129.023575,35.111185],[129.0235591,35.1111599],[129.0235513,35.1111476],[129.0235187,35.1110963],[129.0235172,35.1110938],[129.0234418,35.1109739],[129.0233995,35.1109075],[129.0233812,35.110878],[129.0233751,35.110868],[129.0233462,35.1108227],[129.0233174,35.1107773],[129.0232879,35.1107307],[129.0232726,35.1107062],[129.0232494,35.1106692],[129.0232135,35.110612],[129.02318,35.1105584],[129.023165,35.1103532],[129.0231648,35.1102588],[129.0231651,35.1101894],[129.023165,35.1101819],[129.0231653,35.1101443],[129.0231656,35.1100761],[129.0231656,35.110076],[129.0231654,35.1100727],[129.0231652,35.1100662],[129.0231652,35.1100657],[129.0231655,35.1099846],[129.0231656,35.1099797],[129.0231657,35.1099748],[129.0231658,35.109905],[129.0231656,35.1098515],[129.0231656,35.1098511],[129.0231306,35.1097577],[129.0230919,35.1096624],[129.0230532,35.1095672],[129.0230408,35.1095397],[129.0230375,35.1095323],[129.0230332,35.1095226],[129.0230297,35.1095139],[129.0230203,35.1094931],[129.0229997,35.1094447],[129.0229908,35.1094253],[129.02297,35.1094071],[129.0229281,35.1094686],[129.0229244,35.1094746],[129.022917,35.1094866],[129.0228862,35.1095191],[129.0228511,35.1095562],[129.0228358,35.1095657],[129.0228285,35.1095785],[129.0228265,35.1095819],[129.0228025,35.1096235],[129.0227957,35.1096351],[129.0227822,35.1096582],[129.0227593,35.1097082],[129.0227468,35.1097304],[129.0226902,35.1098441],[129.0226628,35.1098979],[129.0226353,35.1099522],[129.022609,35.1100039],[129.0226086,35.1100049],[129.022608,35.1100059],[129.0226,35.1100218],[129.0225729,35.1100758],[129.0225684,35.1100849],[129.0225221,35.1101767],[129.0225137,35.1101931],[129.0225113,35.1101976],[129.0224965,35.1102271],[129.0224837,35.1102524],[129.0224693,35.1102814],[129.0224689,35.1102821],[129.0224268,35.1103668],[129.022417,35.1103852],[129.0224162,35.1103867],[129.0224135,35.1103919],[129.0223811,35.1104569],[129.0223809,35.1104573],[129.0223702,35.1104804],[129.0223572,35.1105085],[129.0223203,35.1105725],[129.0223028,35.1106028],[129.0222982,35.1106115],[129.0222711,35.1106689],[129.0222591,35.1106942],[129.0222518,35.1107096],[129.0222353,35.1107681],[129.0221876,35.1108613],[129.0221574,35.1109199],[129.0221611,35.110921],[129.0221535,35.1109305],[129.0221489,35.1109415],[129.0221245,35.1109877],[129.0221134,35.1110084],[129.0221056,35.1110299],[129.0220696,35.1111071],[129.0220684,35.1111097]]]},"properties":{"name":"","type":"기타","admCode":"26140","mnum":"62600002614020160011UDT1000001001"}},{"type":"Feature","geometry":{"type":"Polygon","coordinates":[[[129.0087521,35.1031332],[129.0089504,35.1033691],[129.0089306,35.1033844],[129.0089716,35.1034157],[129.00902,35.1033997],[129.0090305,35.1034129],[129.0090283,35.1034147],[129.0090061,35.1034565],[129.0089956,35.1035049],[129.0089945,35.1035356],[129.0089899,35.1035612],[129.0090291,35.1036601],[129.009061,35.1037034],[129.0091386,35.10376],[129.0091714,35.1037891],[129.0091959,35.1038247],[129.0092284,35.1038842],[129.0092542,35.1039651],[129.0092648,35.1040139],[129.0092592,35.1040651],[129.0092551,35.104089],[129.009266,35.1041699],[129.0092886,35.1042525],[129.0093049,35.1043275],[129.0093273,35.1043994],[129.0093364,35.1044731],[129.0093425,35.1045197],[129.0093566,35.1045602],[129.0093709,35.1045929],[129.0093771,35.1046028],[129.0094759,35.1046413],[129.0095227,35.1046597],[129.00954,35.1046664],[129.0095573,35.1046732],[129.0095755,35.1046803],[129.0096033,35.104687],[129.0096493,35.1046982],[129.0097256,35.1047017],[129.0098893,35.1047038],[129.0101234,35.1046594],[129.010328,35.1046178],[129.0105492,35.1045746],[129.0105613,35.1045722],[129.0106126,35.1046078],[129.0106897,35.1046648],[129.0108407,35.1048008],[129.0109917,35.1049369],[129.0109995,35.1049439],[129.0110072,35.104951],[129.0111061,35.1050389],[129.0111287,35.1050591],[129.0111113,35.1051436],[129.011439,35.1052893],[129.0115126,35.1052767],[129.011883,35.105114],[129.0119344,35.1050914],[129.0120368,35.1048823],[129.012772,35.1046758],[129.0131213,35.104417],[129.0132544,35.1042899],[129.0132831,35.1042267],[129.0133432,35.1041438],[129.0134732,35.1039646],[129.0133892,35.103859],[129.0133679,35.1038216],[129.0133279,35.1037517],[129.0133184,35.1037349],[129.0133044,35.1037105],[129.0132631,35.1035112],[129.0132368,35.1034966],[129.0130711,35.1034843],[129.0129292,35.1034624],[129.0127841,35.1034175],[129.0126124,35.1033804],[129.0124726,35.1033782],[129.0123502,35.1034669],[129.0120995,35.1034773],[129.0121753,35.1036547],[129.012168,35.1037377],[129.0120447,35.1037083],[129.011951,35.103659],[129.01184,35.1036015],[129.0117242,35.1035185],[129.0116599,35.1034467],[129.0116466,35.1033793],[129.0116416,35.1033081],[129.0116266,35.1032574],[129.0116033,35.1032232],[129.0115769,35.1031851],[129.0115434,35.1031366],[129.0115226,35.1030869],[129.0113961,35.1027842],[129.0113736,35.1027066],[129.0115127,35.1023732],[129.0117464,35.1021424],[129.0118037,35.1020869],[129.0118321,35.1019338],[129.0118803,35.1018918],[129.0120484,35.1017514],[129.0121003,35.1016951],[129.0118726,35.1015063],[129.0118102,35.1014456],[129.0117041,35.1013375],[129.011728,35.1011436],[129.0118697,35.1010597],[129.0118671,35.1010586],[129.0118737,35.1010545],[129.011925,35.1010215],[129.0119607,35.1009986],[129.0119701,35.1009928],[129.0119626,35.1009879],[129.0119662,35.1009847],[129.0120073,35.100949],[129.0119199,35.1009229],[129.0119207,35.1009212],[129.011897,35.1009114],[129.0118846,35.1009057],[129.011874,35.1008979],[129.0118549,35.1008852],[129.0118366,35.1008794],[129.0118301,35.1008774],[129.011811,35.1008727],[129.0117733,35.1008526],[129.0116653,35.1007788],[129.0116315,35.1007459],[129.0114641,35.1007096],[129.0114389,35.1006086],[129.0114351,35.1005978],[129.0114301,35.1005769],[129.011417,35.1005323],[129.0114093,35.1005057],[129.0114027,35.1004807],[129.0113892,35.1004271],[129.0113738,35.1003656],[129.011357,35.1002988],[129.0113512,35.1002755],[129.0113448,35.1002493],[129.0113266,35.1001756],[129.0112935,35.1000495],[129.0112879,35.1000278],[129.0112858,35.1000199],[129.0112476,35.0998717],[129.0112139,35.0997292],[129.011199,35.0996418],[129.0111752,35.0995393],[129.0111393,35.0994116],[129.0111369,35.0994004],[129.0111165,35.0992984],[129.0111034,35.0992263],[129.011097,35.099187],[129.0110906,35.0991594],[129.0110873,35.0990942],[129.0110901,35.099033],[129.0111139,35.0989008],[129.0111176,35.0988718],[129.0111502,35.0987759],[129.0111484,35.0987751],[129.0111725,35.0987037],[129.011198,35.098663],[129.0112259,35.0986152],[129.0112538,35.0985674],[129.0112657,35.0985457],[129.0113398,35.0984122],[129.0113765,35.098343],[129.0112659,35.0983525],[129.0112419,35.0983546],[129.0112675,35.0981631],[129.0114417,35.0981608],[129.0114411,35.0981419],[129.0114389,35.0980857],[129.0114103,35.0980161],[129.011372,35.0979551],[129.0113301,35.0979062],[129.0113132,35.0978894],[129.0112957,35.0978723],[129.0112802,35.0978596],[129.0111237,35.097993],[129.0110644,35.0980437],[129.0110128,35.0980864],[129.0109143,35.0981159],[129.0107764,35.0981351],[129.0107191,35.0982168],[129.010695,35.0982509],[129.0105267,35.0984971],[129.0104354,35.0986305],[129.0104267,35.0986484],[129.0104052,35.0986923],[129.0104027,35.0986975],[129.0103787,35.0987465],[129.0103466,35.098812],[129.0102578,35.0989941],[129.0100845,35.0993429],[129.0100469,35.0993542],[129.0097887,35.0993927],[129.0097534,35.0993945],[129.009634,35.0994005],[129.0095139,35.0993946],[129.009492,35.0993941],[129.0094807,35.0993938],[129.00942,35.0993915],[129.0093914,35.0994869],[129.0093647,35.0995761],[129.0093567,35.0995982],[129.0093402,35.0996296],[129.0093175,35.099664],[129.0092825,35.0997154],[129.0092428,35.099783],[129.0092206,35.0998317],[129.0092131,35.0998619],[129.009206,35.0999139],[129.009207,35.0999296],[129.0092092,35.0999583],[129.0092116,35.0999776],[129.0092226,35.1000319],[129.0092263,35.1000437],[129.009262,35.1001505],[129.0092885,35.1002343],[129.0093173,35.1003478],[129.0093231,35.100379],[129.0093269,35.1004217],[129.0093146,35.1005025],[129.009281,35.1006577],[129.00926,35.1007503],[129.0092537,35.1007776],[129.0092398,35.1008238],[129.0091981,35.1009425],[129.009181,35.1009901],[129.0091623,35.1010371],[129.0091577,35.1010465],[129.00914,35.1010763],[129.0091098,35.1011201],[129.0090942,35.1011479],[129.0090777,35.1011878],[129.0090715,35.1012179],[129.0090693,35.101235],[129.0090677,35.1012628],[129.0090718,35.1013056],[129.0090809,35.1013412],[129.0090877,35.1013608],[129.009099,35.1013864],[129.0091099,35.1014048],[129.0091708,35.1014645],[129.009222,35.1014964],[129.0092617,35.1015173],[129.0092705,35.101521],[129.0093141,35.1015403],[129.0093474,35.1015605],[129.0093774,35.1015835],[129.0094456,35.1016426],[129.0094787,35.1016768],[129.0095059,35.1017165],[129.0095302,35.1017548],[129.0095501,35.1017969],[129.0095537,35.1018083],[129.0095565,35.1018279],[129.0095575,35.1018518],[129.0095517,35.1019181],[129.009549,35.1019344],[129.0095479,35.1019392],[129.0095396,35.1019782],[129.0095307,35.102015],[129.0095247,35.1020348],[129.0095182,35.1020557],[129.0095015,35.102103],[129.0094857,35.1021454],[129.0094686,35.1021868],[129.0094544,35.1022174],[129.009451,35.1022233],[129.0094442,35.1022361],[129.0094088,35.102294],[129.0094078,35.1022956],[129.0093956,35.1023163],[129.009372,35.1023531],[129.0093683,35.1023591],[129.0093605,35.1023695],[129.0093417,35.1023899],[129.0093272,35.1024021],[129.009316,35.1024135],[129.0092957,35.1024352],[129.0092779,35.1024561],[129.0092686,35.1024692],[129.0092596,35.1024806],[129.0092532,35.1024932],[129.0092432,35.1025092],[129.0092282,35.1025428],[129.0092244,35.1025574],[129.0092201,35.1025676],[129.0089229,35.1025149],[129.008803,35.1028994],[129.0087521,35.1031332]]]},"properties":{"name":"아미4 주거환경개선 정비구역","type":"주거환경개선","admCode":"26140","mnum":"62600002614020230312UDT1000001001"}},{"type":"Feature","geometry":{"type":"Polygon","coordinates":[[[129.0210571,35.0835114],[129.0210714,35.0835268],[129.0210838,35.0835421],[129.0210753,35.083674],[129.0210752,35.0836997],[129.0210822,35.0837493],[129.0211133,35.0837442],[129.0212105,35.0837442],[129.0212818,35.0837522],[129.0213248,35.0837633],[129.0213675,35.0837831],[129.0214093,35.0837998],[129.0214486,35.0838191],[129.0214823,35.0838405],[129.0215133,35.0838653],[129.0215733,35.0839281],[129.0216587,35.0840241],[129.0217315,35.0840743],[129.0217534,35.084083],[129.0218226,35.0841039],[129.0218461,35.0841114],[129.0219325,35.0841207],[129.0219857,35.0841264],[129.021997,35.0841252],[129.0222662,35.0841039],[129.0223392,35.0840955],[129.0223494,35.0840943],[129.0223738,35.0840951],[129.022488,35.084099],[129.0225903,35.0841112],[129.0226769,35.0841206],[129.0227926,35.0841322],[129.0229056,35.0841437],[129.0229727,35.0841518],[129.0231029,35.0841615],[129.0231747,35.0841695],[129.0232142,35.0841725],[129.0233073,35.0841997],[129.0233714,35.0842076],[129.0233846,35.084203],[129.0235017,35.0841622],[129.0235526,35.0841034],[129.0235733,35.0840803],[129.0236057,35.0840509],[129.0236313,35.0840267],[129.0236444,35.0840204],[129.0236637,35.0840118],[129.023697,35.0840019],[129.0237169,35.0839978],[129.0237514,35.0839949],[129.0237781,35.0839964],[129.0238085,35.0840006],[129.0238436,35.0840113],[129.0238724,35.0840279],[129.0238984,35.08405],[129.0239237,35.0840788],[129.0239394,35.0841153],[129.0239681,35.0841977],[129.0239956,35.0842698],[129.0240045,35.0842839],[129.0240228,35.0843016],[129.0240481,35.0843173],[129.0240642,35.0843252],[129.0240888,35.0843348],[129.0241644,35.0843394],[129.024235,35.0843446],[129.0245865,35.0843684],[129.0245865,35.0843684],[129.0246034,35.0842312],[129.0246101,35.0841813],[129.0246197,35.0841053],[129.0246239,35.0840699],[129.0246436,35.0839234],[129.0246754,35.0837102],[129.0246843,35.0836199],[129.0246845,35.0836014],[129.0247139,35.0833729],[129.0247488,35.083086],[129.0247641,35.0829477],[129.0247815,35.0828236],[129.0247411,35.0828229],[129.0245319,35.0827099],[129.0243884,35.0826386],[129.0243266,35.0825879],[129.024323,35.0825606],[129.0242577,35.0824768],[129.0241923,35.082393],[129.0241801,35.0823893],[129.0241627,35.0823253],[129.0240962,35.0823315],[129.0240751,35.0823336],[129.0240068,35.082339],[129.023977,35.0823408],[129.0239575,35.0823419],[129.0239016,35.0823464],[129.0238147,35.0823532],[129.0237571,35.0823581],[129.0237151,35.0823616],[129.0236438,35.0823676],[129.0236041,35.0823708],[129.02357,35.0823736],[129.0235411,35.0823759],[129.0235345,35.0823208],[129.0234948,35.0823119],[129.0234027,35.0822914],[129.023391,35.0822933],[129.023385,35.0822652],[129.0233764,35.0822682],[129.0233635,35.0822239],[129.0233531,35.0822247],[129.0233415,35.0821751],[129.0233218,35.0821599],[129.0233206,35.0821538],[129.0232909,35.0819957],[129.0232862,35.0819704],[129.0227966,35.0820226],[129.0227769,35.0820451],[129.0226044,35.0820463],[129.0225704,35.0820217],[129.0223678,35.082113],[129.0222957,35.0821276],[129.0222469,35.0821379],[129.0221613,35.0821551],[129.0221151,35.0821828],[129.0221039,35.0821907],[129.0220965,35.0821946],[129.0220849,35.0822028],[129.0220765,35.0822088],[129.0220683,35.0822146],[129.0220683,35.0822146],[129.0220678,35.0822211],[129.022066,35.0822471],[129.0220661,35.0822462],[129.0220626,35.0822917],[129.0220567,35.0823113],[129.0220716,35.0823113],[129.0221956,35.0823113],[129.0222329,35.0823118],[129.0222445,35.0823119],[129.0222612,35.0823122],[129.0223006,35.0823127],[129.0223369,35.0823352],[129.0223509,35.0823461],[129.0224052,35.0823841],[129.0224504,35.0824101],[129.0224868,35.0824269],[129.0225249,35.0824514],[129.0225766,35.0824928],[129.0226122,35.0825235],[129.0226623,35.0825862],[129.0226881,35.0826185],[129.0227689,35.0826851],[129.0228871,35.0827861],[129.0228907,35.0828024],[129.022894,35.0828174],[129.0228973,35.0828444],[129.0228955,35.0828448],[129.022851,35.0828539],[129.0227211,35.0828806],[129.022626,35.082901],[129.0225078,35.0829264],[129.022499,35.0829282],[129.0224012,35.0829549],[129.0223997,35.0829553],[129.0224093,35.0829804],[129.0222702,35.0830099],[129.0222838,35.083078],[129.0222876,35.083091],[129.0222056,35.0831025],[129.022192,35.0831014],[129.0221888,35.0831011],[129.0221833,35.083079],[129.0221611,35.0830789],[129.0221336,35.0830729],[129.0220353,35.0830519],[129.0220174,35.083075],[129.0219867,35.0830847],[129.0219582,35.0830993],[129.0219412,35.0831042],[129.0219075,35.0830961],[129.0218992,35.0831119],[129.0218974,35.0831155],[129.0218834,35.083151],[129.0218507,35.0831423],[129.0217503,35.0834095],[129.0216608,35.0833734],[129.0215752,35.0833293],[129.0215715,35.0833274],[129.0215074,35.0833149],[129.0214271,35.0833083],[129.0213867,35.0832781],[129.0214055,35.0832305],[129.021353,35.0831945],[129.0213385,35.0831827],[129.0213291,35.0831736],[129.0213288,35.0831733],[129.02132,35.0831831],[129.0211995,35.0833071],[129.0211609,35.0833413],[129.0210571,35.0835114]]]},"properties":{"name":"남부민1주거환경 관리사업","type":"기타","admCode":"26140","mnum":"62600002614020160261UDT1000001001"}},{"type":"Feature","geometry":{"type":"Polygon","coordinates":[[[129.0170667,35.1075977],[129.0170677,35.1076467],[129.0170981,35.1076456],[129.0171115,35.107645],[129.0171947,35.1076416],[129.0173265,35.1076364],[129.0174189,35.1076335],[129.0174574,35.1075954],[129.0174549,35.1075553],[129.0173244,35.1075595],[129.0173254,35.1075777],[129.0172375,35.1075834],[129.0171645,35.1075878],[129.017165,35.1075942],[129.0171187,35.1075949],[129.017085,35.1075955],[129.0170667,35.1075977]]]},"properties":{"name":"정비기반시설(도로)_E","type":"기반시설","admCode":"26140","mnum":"62600002614020230255UDT9990001005"}},{"type":"Feature","geometry":{"type":"Polygon","coordinates":[[[129.0126581,35.1007786],[129.0126678,35.1007869],[129.0126826,35.1007996],[129.0127541,35.1008851],[129.0128275,35.1009192],[129.0128478,35.1009325],[129.0129112,35.1009911],[129.0130396,35.1010284],[129.0128932,35.1008931],[129.0128644,35.1008742],[129.0127997,35.1008441],[129.0127338,35.1007654],[129.0127154,35.1007496],[129.0127069,35.1007422],[129.0126581,35.1007786]]]},"properties":{"name":"정비기반시설(도로)","type":"기반시설","admCode":"26140","mnum":"62600002614020220268UDT9990001001"}},{"type":"Feature","geometry":{"type":"Polygon","coordinates":[[[129.0167655,35.1075362],[129.0168479,35.1076556],[129.0168849,35.1076539],[129.0168425,35.1075908],[129.0168748,35.1075368],[129.0169055,35.1074854],[129.0170018,35.1075243],[129.0170002,35.1075145],[129.0169959,35.1074879],[129.0169951,35.1074815],[129.016992,35.1074628],[129.0169962,35.1074397],[129.0170045,35.107394],[129.0170164,35.1073771],[129.0170393,35.1073445],[129.0170624,35.1073215],[129.017073,35.1073109],[129.0170729,35.1072976],[129.0171602,35.1072827],[129.0172136,35.1072736],[129.0171733,35.1071955],[129.0171648,35.1071797],[129.0171589,35.1071683],[129.0171484,35.1071668],[129.0171477,35.1071469],[129.0171462,35.1070762],[129.0171156,35.1070778],[129.0170603,35.1070565],[129.0170409,35.1070906],[129.0170155,35.1071349],[129.0169871,35.1071861],[129.0169865,35.1071868],[129.0169735,35.1071862],[129.0169735,35.1071862],[129.0169699,35.1071922],[129.0169503,35.1072252],[129.0168912,35.1073244],[129.0168662,35.1073663],[129.0168407,35.1074091],[129.0168175,35.1074483],[129.0167942,35.1074876],[129.0167685,35.107531],[129.0167655,35.1075362],[129.0167655,35.1075362]]]},"properties":{"name":"정비기반시설(도로)_D","type":"기반시설","admCode":"26140","mnum":"62600002614020230255UDT9990001004"}},{"type":"Feature","geometry":{"type":"Polygon","coordinates":[[[129.0126575,35.0996399],[129.0126445,35.0996445],[129.0126488,35.0996853],[129.0127177,35.099673],[129.0127339,35.0996676],[129.0127825,35.0996506],[129.012831,35.0996336],[129.0128757,35.0996043],[129.0129375,35.0995627],[129.0129879,35.0995153],[129.0130117,35.099495],[129.013045,35.0994304],[129.0130497,35.0994117],[129.013079,35.0993192],[129.0131115,35.0992731],[129.0131433,35.0992281],[129.0131622,35.0992076],[129.0132075,35.0991566],[129.0132821,35.099093],[129.0133081,35.0990702],[129.0133997,35.0990302],[129.0134368,35.0990139],[129.0134879,35.0990026],[129.0135135,35.0989971],[129.0136078,35.0989782],[129.013618,35.0989758],[129.0136281,35.0989723],[129.0137017,35.0989575],[129.0137515,35.0989471],[129.013802,35.098936],[129.0138914,35.0989291],[129.013904,35.0989281],[129.0139856,35.0989096],[129.0140573,35.0988934],[129.0141722,35.0988681],[129.0143316,35.0988332],[129.0143677,35.0988253],[129.0144432,35.0988134],[129.0144793,35.0988075],[129.0145683,35.0987838],[129.0146299,35.0987664],[129.0146543,35.0987596],[129.0147668,35.0987288],[129.0148094,35.0987172],[129.0148652,35.0987006],[129.0148959,35.098707],[129.0149039,35.0987281],[129.0149021,35.0987473],[129.0148729,35.0987759],[129.0148203,35.0988121],[129.0147784,35.0988415],[129.0147135,35.098887],[129.0146055,35.0989628],[129.014572,35.0989847],[129.0145628,35.0989924],[129.0145337,35.0990157],[129.0145237,35.0990285],[129.014523,35.0990289],[129.0145159,35.099039],[129.0145125,35.0990501],[129.0145129,35.0990573],[129.0145194,35.0990668],[129.014522,35.0990717],[129.0145344,35.0990828],[129.0145543,35.0990885],[129.0145626,35.0990871],[129.0147152,35.0990526],[129.0150517,35.0989696],[129.0153596,35.0989007],[129.0155869,35.0988601],[129.0155638,35.0988423],[129.0155254,35.0988134],[129.015549,35.0987918],[129.0155513,35.0987896],[129.0155318,35.0987753],[129.0154743,35.098734],[129.0154049,35.0986842],[129.0153406,35.0986384],[129.0152251,35.0985565],[129.0152013,35.0985395],[129.0151843,35.0985268],[129.0151605,35.0985095],[129.0151501,35.0985024],[129.0150946,35.0984621],[129.0150588,35.0984367],[129.0150348,35.0984179],[129.0150416,35.0984054],[129.0150832,35.0983597],[129.0149901,35.0982798],[129.0149775,35.0982834],[129.0149491,35.0982629],[129.0149413,35.0982577],[129.0148746,35.0982115],[129.0148618,35.0982024],[129.0148267,35.098159],[129.0148234,35.0981529],[129.0147885,35.0981156],[129.0147585,35.0981338],[129.0147488,35.0981403],[129.0147326,35.0981359],[129.0147015,35.0981458],[129.0146836,35.0981636],[129.0146592,35.0981463],[129.0148927,35.0979661],[129.0148628,35.0979393],[129.0148424,35.097921],[129.0148151,35.097897],[129.0147947,35.0978787],[129.0147579,35.0979024],[129.0147178,35.0979282],[129.0146698,35.0979589],[129.0146525,35.0979698],[129.0146228,35.0979891],[129.0145982,35.0980048],[129.014557,35.0980313],[129.0145292,35.0980489],[129.0145097,35.0980614],[129.0144745,35.0980841],[129.0145078,35.0981109],[129.0145471,35.0981429],[129.014499,35.0981785],[129.0144539,35.0982115],[129.0144244,35.0982333],[129.0144147,35.0982262],[129.0143437,35.0981728],[129.0143152,35.0981496],[129.0141643,35.0982857],[129.0140913,35.098352],[129.0141813,35.09842],[129.0139782,35.0985523],[129.0139182,35.098494],[129.0137191,35.0985903],[129.0136615,35.0986115],[129.0136694,35.0986309],[129.0134168,35.0986621],[129.0134148,35.0986126],[129.0133299,35.0986321],[129.0132504,35.0986113],[129.0132123,35.0986633],[129.0129775,35.0988201],[129.0130459,35.0988768],[129.0130026,35.0989221],[129.0129838,35.0989196],[129.0129422,35.098966],[129.0129577,35.0989876],[129.0129575,35.0990109],[129.012921,35.0990462],[129.0128107,35.0990895],[129.0128362,35.0991139],[129.0126825,35.0992273],[129.0126686,35.0992597],[129.0126849,35.0993006],[129.0127177,35.0993602],[129.0127286,35.0994468],[129.0127319,35.0995455],[129.0126879,35.0995905],[129.0126575,35.0996399]]]},"properties":{"name":"","type":"기타","admCode":"26140","mnum":"32600002614020240166UDT1000001001"}},{"type":"Feature","geometry":{"type":"Polygon","coordinates":[[[129.0157774,35.1068827],[129.0158133,35.1068962],[129.0158561,35.1069123],[129.015914,35.1069343],[129.0159914,35.1069635],[129.0159737,35.106991],[129.0160756,35.1070135],[129.0161039,35.1070197],[129.0161231,35.1070239],[129.0161385,35.1070272],[129.0161679,35.1070338],[129.016206,35.1070423],[129.0163403,35.1070716],[129.0163491,35.1070736],[129.0163796,35.1070792],[129.0164015,35.1070835],[129.0164188,35.1070867],[129.016515,35.1071043],[129.0165396,35.1071089],[129.0166642,35.107132],[129.016727,35.1071436],[129.0167219,35.1071515],[129.016774,35.1071624],[129.016826,35.1071701],[129.0168449,35.1071716],[129.0168824,35.1071794],[129.0169021,35.1071438],[129.0168126,35.1071276],[129.0168123,35.1071275],[129.0167945,35.1071239],[129.0167802,35.1071216],[129.0167801,35.1071215],[129.01678,35.1071215],[129.0166866,35.1071036],[129.0166054,35.1070869],[129.0164655,35.1070585],[129.0163021,35.1070238],[129.0162858,35.1070202],[129.0161578,35.1069923],[129.0160625,35.106972],[129.0160425,35.1069671],[129.0159252,35.1069184],[129.0158237,35.1068763],[129.0158079,35.1068695],[129.0157923,35.1068628],[129.0157881,35.1068683],[129.0157774,35.1068827]]]},"properties":{"name":"정비기반시설(도로)_B","type":"기반시설","admCode":"26140","mnum":"62600002614020230255UDT9990001002"}},{"type":"Feature","geometry":{"type":"Polygon","coordinates":[[[129.0201061,35.1199278],[129.0201032,35.1198964],[129.0200981,35.1198541],[129.0200939,35.1198202],[129.0200936,35.1198173],[129.0200858,35.1197364],[129.0200807,35.1196844],[129.0200747,35.1196282],[129.0200728,35.119577],[129.0200748,35.1195549],[129.0200834,35.1194785],[129.0200891,35.1194496],[129.020061,35.1192891],[129.0200473,35.1192907],[129.0200282,35.1191353],[129.0200221,35.1190979],[129.0200109,35.1190067],[129.0199953,35.118903],[129.0199884,35.1188564],[129.0199674,35.1188183],[129.0199562,35.118799],[129.0199003,35.1186979],[129.019871,35.1186622],[129.0197872,35.1185554],[129.0197757,35.1185409],[129.0197153,35.118464],[129.0196798,35.1184185],[129.0196687,35.1184233],[129.019643,35.1183948],[129.0196418,35.1183866],[129.0196226,35.1183723],[129.0195735,35.1183179],[129.0195769,35.118296],[129.0195257,35.1182482],[129.0194733,35.1181989],[129.0194589,35.1181825],[129.0194531,35.1181768],[129.0194185,35.1181452],[129.0193872,35.1180958],[129.0193705,35.118068],[129.0193622,35.118055],[129.0192923,35.1179319],[129.0192785,35.1179239],[129.0192371,35.1178619],[129.0192193,35.1178141],[129.0192095,35.1178109],[129.0191918,35.1177847],[129.0191838,35.117725],[129.0191076,35.1177303],[129.0191239,35.1177867],[129.019099,35.117788],[129.0190481,35.1177905],[129.0190199,35.1178627],[129.01899,35.1179389],[129.0189786,35.11797],[129.0189639,35.1180056],[129.0189556,35.118028],[129.0189441,35.1180549],[129.0189152,35.1181318],[129.0189062,35.1181538],[129.0188972,35.1181758],[129.0188902,35.1181929],[129.0188832,35.1182099],[129.018876,35.1182275],[129.0188236,35.1183452],[129.0187734,35.1184208],[129.0187345,35.1184799],[129.0187248,35.1184952],[129.0186536,35.1186046],[129.0186464,35.1186149],[129.0185988,35.1186873],[129.0185912,35.1186988],[129.0185514,35.1187593],[129.0185013,35.118836],[129.0184756,35.1188739],[129.0184466,35.1189185],[129.0184307,35.1189427],[129.0184198,35.1189596],[129.0184148,35.1189668],[129.0184003,35.1189886],[129.0183802,35.1190189],[129.0183743,35.1190278],[129.0183399,35.1190802],[129.018336,35.1190859],[129.0183187,35.1191025],[129.0183193,35.1191201],[129.018239,35.1192586],[129.0182478,35.119288],[129.0182233,35.1193325],[129.018214,35.1193495],[129.0182187,35.1193548],[129.0182512,35.1193915],[129.0182568,35.1193978],[129.0182966,35.1194143],[129.0182977,35.1194167],[129.0183122,35.1194408],[129.0183186,35.119449],[129.0183134,35.1194536],[129.0183114,35.1194553],[129.0183651,35.1195165],[129.0183715,35.1195232],[129.0184297,35.1195744],[129.0184353,35.1195811],[129.0184676,35.1196083],[129.0184817,35.1196206],[129.0185,35.1196354],[129.018501,35.1196383],[129.0185106,35.1196543],[129.0185157,35.1196633],[129.0185192,35.1196689],[129.0185217,35.1196737],[129.0185646,35.1197145],[129.0185762,35.1197261],[129.0186541,35.1198025],[129.018681,35.1198307],[129.0188051,35.1198354],[129.0188143,35.1198356],[129.0188216,35.1198359],[129.0188715,35.1198564],[129.0188909,35.1198626],[129.0189218,35.1198725],[129.0189968,35.1198942],[129.019035,35.1199029],[129.0190733,35.1199115],[129.0191424,35.1199293],[129.0192114,35.119947],[129.019281,35.1199572],[129.0193038,35.1199634],[129.0193202,35.1199689],[129.0193444,35.1199756],[129.0193746,35.1199791],[129.0194515,35.1199674],[129.0194995,35.1199262],[129.0195144,35.1199134],[129.0195449,35.1198873],[129.0195548,35.1198812],[129.0195811,35.1198673],[129.0196328,35.119847],[129.0196871,35.1198308],[129.0197368,35.1198368],[129.0197839,35.1198479],[129.019833,35.1198594],[129.01984,35.1198611],[129.0198776,35.1198736],[129.0198842,35.1198758],[129.0199381,35.1198941],[129.0200097,35.1199131],[129.0200725,35.1199296],[129.0201061,35.1199278]]]},"properties":{"name":"동대신1 재개발정비구역","type":"재개발","admCode":"26140","mnum":"62600002614020200434UDT1000001001"}},{"type":"Feature","geometry":{"type":"Polygon","coordinates":[[[129.0126431,35.1068626],[129.0126815,35.1069456],[129.012691,35.1069728],[129.0126961,35.107034],[129.0126971,35.1070405],[129.0126957,35.1070553],[129.0126942,35.1070716],[129.0127001,35.107111],[129.0127156,35.1071185],[129.0127196,35.107131],[129.0127373,35.1071645],[129.0127463,35.1071761],[129.0128714,35.1074139],[129.012885,35.107445],[129.0128962,35.1074967],[129.0129422,35.1075436],[129.0129848,35.1076032],[129.013038,35.1076441],[129.0130965,35.1076451],[129.0131227,35.1076777],[129.0131495,35.1077128],[129.0131679,35.1077469],[129.0131763,35.1077877],[129.0131736,35.1078339],[129.0131145,35.1078754],[129.013111,35.1078957],[129.0131048,35.1079271],[129.0131013,35.1079447],[129.0130884,35.1080267],[129.0130866,35.1080389],[129.013084,35.1080552],[129.0130821,35.1080642],[129.0130849,35.1080644],[129.0130935,35.1080709],[129.0131757,35.1080768],[129.0132751,35.1080807],[129.0134345,35.1080879],[129.0135409,35.1080909],[129.0135642,35.1080907],[129.0136325,35.1080906],[129.0136741,35.1080905],[129.013757,35.1081033],[129.0137868,35.108109],[129.0138167,35.1081147],[129.0138767,35.1081314],[129.0138956,35.1081367],[129.0138965,35.108137],[129.0139277,35.1081459],[129.0139484,35.1081518],[129.0139643,35.1081563],[129.0140089,35.1081766],[129.0140246,35.1081838],[129.0140967,35.1082208],[129.0141633,35.1082642],[129.0141866,35.1082867],[129.014195,35.1082972],[129.0142166,35.1083247],[129.0142578,35.1083769],[129.0143001,35.1084305],[129.014301,35.1084363],[129.014308,35.1084405],[129.0143272,35.1084647],[129.0143292,35.1084636],[129.0143388,35.1084588],[129.0144024,35.1084268],[129.0144485,35.10842],[129.0145022,35.1084282],[129.0146242,35.108443],[129.0146402,35.108443],[129.014791,35.1084622],[129.0148004,35.1084634],[129.0148694,35.1084722],[129.0148871,35.1084744],[129.0149682,35.1084847],[129.014992,35.1084877],[129.0150372,35.1084935],[129.0151217,35.1085042],[129.0151472,35.108502],[129.0151656,35.1085044],[129.0152072,35.1085635],[129.0152481,35.1086187],[129.0152635,35.1086395],[129.01528,35.1086627],[129.0152898,35.1086753],[129.0153817,35.1087982],[129.0154293,35.1088619],[129.0154385,35.1088744],[129.015487,35.1089394],[129.0155039,35.108962],[129.015662,35.1089981],[129.0157396,35.1090158],[129.0157213,35.1089846],[129.0157072,35.1089674],[129.0156978,35.108971],[129.0156748,35.1089505],[129.0156781,35.1089351],[129.015674,35.1089006],[129.0156559,35.1088342],[129.0156794,35.1087816],[129.0156323,35.1087852],[129.0156205,35.1087841],[129.0156031,35.108765],[129.0155842,35.1087364],[129.0155687,35.1086913],[129.0155634,35.1086789],[129.0155305,35.1086718],[129.0155183,35.1086535],[129.0155079,35.1086039],[129.0155115,35.1086038],[129.015495,35.1085806],[129.0154796,35.1085597],[129.0154652,35.1085404],[129.0155449,35.1085431],[129.0155624,35.1085468],[129.0155735,35.1085493],[129.0156427,35.1085647],[129.015658,35.1085691],[129.0156662,35.1085718],[129.0157079,35.1085824],[129.0157181,35.108583],[129.0157271,35.1085841],[129.0157819,35.1085828],[129.0158637,35.1085805],[129.0158955,35.1085749],[129.0159272,35.1085692],[129.0159664,35.1085611],[129.0159717,35.1085591],[129.0159771,35.108557],[129.0160019,35.1085477],[129.0160428,35.108525],[129.0161044,35.1084876],[129.0161337,35.1084688],[129.016163,35.1084499],[129.0162201,35.1084176],[129.0162254,35.1084146],[129.0162307,35.1084028],[129.0162425,35.108393],[129.0162681,35.1083793],[129.0162788,35.1083642],[129.0162895,35.1083491],[129.0162983,35.1083367],[129.0163065,35.1083262],[129.0163449,35.1082614],[129.0164479,35.1081065],[129.0165007,35.1080179],[129.0165288,35.1079724],[129.0165632,35.1078931],[129.0165814,35.1078481],[129.0165917,35.1078226],[129.016602,35.107797],[129.0166158,35.1077598],[129.0166233,35.1077395],[129.0166332,35.1077462],[129.016682,35.1076768],[129.016693,35.1076583],[129.0167337,35.1075897],[129.0167424,35.107575],[129.0167685,35.107531],[129.0167942,35.1074876],[129.0168175,35.1074483],[129.0168407,35.1074091],[129.0168662,35.1073663],[129.0168912,35.1073244],[129.0169699,35.1071922],[129.0169735,35.1071862],[129.0168973,35.1071826],[129.0168449,35.1071717],[129.0168273,35.1071697],[129.0167679,35.1071608],[129.0167223,35.1071516],[129.016727,35.1071437],[129.0166642,35.107132],[129.0165396,35.107109],[129.016515,35.1071044],[129.0164188,35.1070868],[129.0164015,35.1070835],[129.0163796,35.1070793],[129.0163493,35.1070736],[129.0162775,35.107058],[129.016206,35.1070423],[129.0161722,35.1070348],[129.0161385,35.1070272],[129.0161231,35.107024],[129.0160484,35.1070075],[129.016011,35.1069993],[129.0159737,35.106991],[129.0159914,35.1069635],[129.015914,35.1069343],[129.0158561,35.1069123],[129.0157774,35.1068828],[129.0157709,35.1068915],[129.0157695,35.1068934],[129.0157355,35.1069391],[129.0157124,35.1069717],[129.015699,35.1069905],[129.0156406,35.1070582],[129.0155802,35.107113],[129.0155063,35.1071665],[129.0154327,35.1072113],[129.0154095,35.1072438],[129.0154,35.1072447],[129.0153827,35.1072588],[129.0153603,35.1072765],[129.0153253,35.107282],[129.0152641,35.1072997],[129.0151767,35.1073255],[129.0151179,35.107341],[129.0150818,35.1073474],[129.0150501,35.1073502],[129.0150338,35.1073517],[129.0149975,35.107354],[129.0149579,35.1073578],[129.0148699,35.1073577],[129.0148607,35.1073571],[129.0147848,35.1073505],[129.0147406,35.1073419],[129.0147135,35.1073391],[129.0146634,35.1073343],[129.0146417,35.1073292],[129.0146164,35.107324],[129.0145765,35.1073154],[129.0145307,35.107305],[129.0145109,35.1073007],[129.0144433,35.1072865],[129.0144266,35.1072797],[129.0143551,35.1072521],[129.0142772,35.1072218],[129.014185,35.1071859],[129.014153,35.1071729],[129.0140985,35.107154],[129.0140856,35.1071496],[129.0140041,35.1071203],[129.0139669,35.1071071],[129.0139306,35.1070898],[129.0138894,35.1070716],[129.0138537,35.1070574],[129.0138326,35.1070489],[129.013744,35.1070133],[129.0137358,35.1070101],[129.0136523,35.1069772],[129.0135479,35.1069361],[129.0134808,35.1069063],[129.0134092,35.1068758],[129.0133571,35.1068524],[129.0133281,35.1068407],[129.0133228,35.1068389],[129.0132204,35.106792],[129.0132075,35.106792],[129.0132034,35.1067973],[129.0131348,35.1067696],[129.0131415,35.1067577],[129.0130509,35.1067186],[129.013042,35.1067305],[129.0129797,35.1067032],[129.012986,35.1066921],[129.0128939,35.1066502],[129.0128589,35.1066349],[129.012838,35.1066286],[129.0127884,35.1067143],[129.0127831,35.1067237],[129.0127778,35.1067332],[129.012742,35.1067805],[129.0126687,35.1068328],[129.0126658,35.1068567],[129.0126431,35.1068626]]]},"properties":{"name":"서대신7주택재개발","type":"재개발","admCode":"26140","mnum":"62600002614020180043UDT1000001360"}},{"type":"Feature","geometry":{"type":"Polygon","coordinates":[[[129.0087698,35.1149917],[129.0087921,35.1150695],[129.0087996,35.1150922],[129.0088059,35.1151137],[129.0088145,35.115144],[129.0088207,35.115163],[129.0088242,35.1151738],[129.008848,35.1152164],[129.0088656,35.11525],[129.0088917,35.1152964],[129.0088974,35.1153063],[129.0089762,35.1154682],[129.0090651,35.1156512],[129.0092107,35.1159502],[129.0092256,35.1159835],[129.0092598,35.1160596],[129.0093314,35.1162211],[129.0093815,35.1163323],[129.0097025,35.1170568],[129.0097128,35.1170807],[129.0097242,35.1171074],[129.009735,35.1171156],[129.0097789,35.1171392],[129.0097996,35.1171502],[129.0098895,35.1171206],[129.0103411,35.1169692],[129.0105199,35.1169102],[129.0105708,35.1168935],[129.0106964,35.1168521],[129.0107905,35.1168209],[129.0107834,35.1168217],[129.0107763,35.116822],[129.0107692,35.1168217],[129.0107622,35.1168208],[129.0107553,35.1168194],[129.0107486,35.1168174],[129.0107422,35.1168149],[129.0107361,35.1168118],[129.0107304,35.1168083],[129.0107252,35.1168044],[129.0107204,35.1168],[129.0107162,35.1167953],[129.0106432,35.1166079],[129.0106391,35.11659],[129.0106301,35.1165357],[129.0106327,35.1164842],[129.0106454,35.1164006],[129.0106451,35.1163351],[129.010633,35.1162588],[129.0106337,35.1161926],[129.0106329,35.1161432],[129.0106221,35.1161212],[129.0106048,35.116083],[129.0105958,35.1160656],[129.0105945,35.1160631],[129.0105541,35.1159849],[129.0105444,35.1159655],[129.0104578,35.115791],[129.0104484,35.1157728],[129.0104469,35.11577],[129.0104334,35.1156837],[129.010432,35.1156492],[129.0104461,35.1156087],[129.0104679,35.1155712],[129.0104707,35.1155676],[129.0105159,35.1155093],[129.0105288,35.1154947],[129.0105399,35.1154837],[129.0105636,35.1154544],[129.0105937,35.1154173],[129.0106077,35.1153956],[129.0106415,35.1153394],[129.0106473,35.1153299],[129.0106524,35.1153177],[129.0106563,35.1153088],[129.0106614,35.1152953],[129.010674,35.1152619],[129.0106753,35.1152372],[129.0106778,35.1151852],[129.0106876,35.1151123],[129.0106891,35.1151011],[129.0106939,35.1150481],[129.010695,35.1150362],[129.0106963,35.1150258],[129.0106977,35.1150031],[129.0107023,35.1149289],[129.0107043,35.1148965],[129.0107108,35.1148364],[129.0107186,35.1147801],[129.0107216,35.1147689],[129.0107233,35.1147586],[129.0107366,35.1146824],[129.0107393,35.1146737],[129.0107425,35.1146545],[129.0107618,35.1146045],[129.010776,35.1145697],[129.0107915,35.114535],[129.0108046,35.1145041],[129.0108068,35.1144978],[129.0108136,35.1144785],[129.0108409,35.1144161],[129.0108415,35.1144147],[129.0108451,35.1144058],[129.010859,35.1143673],[129.0108673,35.1143481],[129.0108931,35.1142935],[129.0109133,35.1142461],[129.0109217,35.1142264],[129.0109352,35.1141921],[129.0109401,35.1141793],[129.0109625,35.1141252],[129.0109782,35.114085],[129.0109846,35.1140661],[129.0110066,35.1140041],[129.0110296,35.1139301],[129.011035,35.1139144],[129.011084,35.1138637],[129.0110858,35.1138618],[129.0110982,35.1138481],[129.0111396,35.1138057],[129.0111518,35.1137933],[129.0111737,35.1137673],[129.0111751,35.1137657],[129.0112355,35.113693],[129.011249,35.1136767],[129.0112943,35.1136211],[129.011308,35.1136029],[129.0113197,35.1135873],[129.0113556,35.1135187],[129.0113632,35.1135025],[129.0113762,35.1134527],[129.0113793,35.1134401],[129.0113823,35.1134303],[129.0113897,35.1134076],[129.0113919,35.1134011],[129.0113928,35.1133986],[129.0114039,35.1133676],[129.0114061,35.1133613],[129.0114148,35.1133337],[129.0114174,35.1133239],[129.0114213,35.1133111],[129.0114248,35.1132824],[129.0114243,35.1132648],[129.0114292,35.1132507],[129.0114033,35.1132365],[129.0113481,35.113206],[129.0113312,35.1131967],[129.0113087,35.1132061],[129.0112839,35.1132157],[129.0112586,35.1132244],[129.011233,35.1132324],[129.011207,35.1132397],[129.0111807,35.1132461],[129.0111542,35.1132517],[129.0111274,35.1132565],[129.0110659,35.1133012],[129.0110101,35.1133308],[129.0110078,35.1133321],[129.0109798,35.1133469],[129.0109748,35.1133658],[129.0109573,35.1133761],[129.0108916,35.1134002],[129.0107321,35.1134096],[129.0106803,35.1134418],[129.0106059,35.1134968],[129.0105262,35.1135579],[129.0104722,35.1136486],[129.0104297,35.113764],[129.0103804,35.1138439],[129.0103696,35.1138574],[129.0103551,35.1138649],[129.0102788,35.1138838],[129.0101804,35.1139157],[129.010095,35.113994],[129.0100229,35.1140559],[129.0099033,35.1142271],[129.0098567,35.1142603],[129.0097896,35.1143572],[129.0097744,35.1143702],[129.0097263,35.1144089],[129.009702,35.1144284],[129.0096885,35.1144219],[129.0096806,35.1144317],[129.0096586,35.1144618],[129.0096303,35.1145],[129.0096112,35.1145267],[129.0095925,35.1145538],[129.0096128,35.1145621],[129.0095279,35.114679],[129.0095083,35.1147059],[129.0094996,35.1147022],[129.0094875,35.1146971],[129.0094472,35.1147219],[129.0094318,35.114731],[129.0094122,35.1147433],[129.0093923,35.1147713],[129.0093505,35.1148374],[129.0093153,35.1148489],[129.0093082,35.1148513],[129.0092582,35.114866],[129.0092493,35.1148621],[129.00921,35.114845],[129.0091677,35.1148737],[129.0091541,35.1148827],[129.0091201,35.1148883],[129.0090783,35.1148953],[129.0090057,35.1149073],[129.0089581,35.1149704],[129.0087698,35.1149917]]]},"properties":{"name":"서대신1주택재개발정비구역","type":"재개발","admCode":"26140","mnum":"62600002614020150146UDT1000001001"}},{"type":"Feature","geometry":{"type":"Polygon","coordinates":[[[129.0168824,35.1071794],[129.0168973,35.1071826],[129.0169735,35.1071862],[129.0169865,35.1071868],[129.0169871,35.1071861],[129.0170155,35.1071349],[129.0170409,35.1070906],[129.0170895,35.1070053],[129.0171304,35.1069283],[129.0171734,35.1068536],[129.0172189,35.106771],[129.0172375,35.1067423],[129.0172832,35.1066639],[129.0172918,35.1066493],[129.0173431,35.1065647],[129.0173996,35.1064692],[129.0174574,35.106374],[129.0174634,35.106364],[129.0174675,35.1063567],[129.0175217,35.106262],[129.0175651,35.1061837],[129.0175714,35.1061722],[129.0175785,35.1061599],[129.0176171,35.1061391],[129.0176551,35.1061188],[129.0177417,35.1060721],[129.0178082,35.1060369],[129.0179241,35.1059755],[129.0180973,35.1058838],[129.0180995,35.1058822],[129.0181352,35.1057896],[129.0181487,35.1057547],[129.0181784,35.105679],[129.0182231,35.1055653],[129.0182333,35.1055388],[129.0183074,35.1053488],[129.0183085,35.1053455],[129.0183025,35.1052602],[129.0182989,35.1052045],[129.0182974,35.1051798],[129.018296,35.1051602],[129.0182906,35.1050773],[129.0182853,35.104995],[129.0182797,35.1049113],[129.018279,35.1048995],[129.0182779,35.1048844],[129.0182776,35.1048792],[129.0182775,35.1048792],[129.0182694,35.1047594],[129.018268,35.1047383],[129.0182567,35.1045856],[129.0182534,35.1045322],[129.0181911,35.1045267],[129.018187,35.1045264],[129.0181908,35.1045701],[129.0181906,35.1045701],[129.0182008,35.1046873],[129.0182402,35.1053091],[129.0182347,35.1053603],[129.0182298,35.1053729],[129.0182041,35.1054393],[129.0181555,35.1055638],[129.0181071,35.105689],[129.018098,35.1057126],[129.0180586,35.105813],[129.0179979,35.1058723],[129.0178565,35.1059489],[129.0177359,35.106014],[129.0177305,35.1060169],[129.0176771,35.1060453],[129.0176102,35.1060813],[129.0175297,35.1061244],[129.0174726,35.1061549],[129.0174321,35.1062279],[129.0173781,35.1063224],[129.0173744,35.106329],[129.017369,35.1063379],[129.0173111,35.1064334],[129.0172545,35.1065289],[129.0172033,35.1066134],[129.0171944,35.1066285],[129.0171493,35.1067058],[129.0171303,35.1067353],[129.0170838,35.1068195],[129.0170406,35.1068948],[129.0169996,35.1069718],[129.0169515,35.1070561],[129.0169259,35.1071009],[129.0169021,35.1071438],[129.0168824,35.1071794]]]},"properties":{"name":"정비기반시설(도로)_A","type":"기반시설","admCode":"26140","mnum":"62600002614020230255UDT9990001001"}},{"type":"Feature","geometry":{"type":"Polygon","coordinates":[[[129.0264968,35.1142264],[129.0265262,35.1142201],[129.0265556,35.1142138],[129.0266748,35.1141239],[129.0268837,35.1139786],[129.0269494,35.1138283],[129.0270697,35.1135599],[129.0271213,35.1134555],[129.0268963,35.1133871],[129.0268197,35.1133634],[129.0267675,35.11336],[129.0267376,35.1133587],[129.026638,35.1133278],[129.0265769,35.1133163],[129.0265286,35.1133077],[129.026503,35.1132955],[129.0264965,35.1132712],[129.0264534,35.1132572],[129.0263885,35.1132357],[129.0263237,35.1132141],[129.0263156,35.1131973],[129.0263211,35.1131812],[129.0262996,35.1131819],[129.0262695,35.1132246],[129.0262548,35.1132443],[129.0262365,35.1132676],[129.0262022,35.1132157],[129.0261828,35.1131838],[129.0260819,35.1131497],[129.0260384,35.1131134],[129.0260316,35.1131075],[129.0260298,35.1131098],[129.0260269,35.1131135],[129.0260242,35.1131169],[129.0260212,35.1131207],[129.0260187,35.113124],[129.0260156,35.1131278],[129.0260131,35.113131],[129.0260104,35.1131345],[129.0260079,35.1131376],[129.0260055,35.1131406],[129.0260046,35.1131418],[129.0260021,35.113145],[129.0259999,35.1131478],[129.0259982,35.1131499],[129.0259957,35.113153],[129.0259944,35.1131548],[129.0259938,35.1131554],[129.0260305,35.1131806],[129.0260751,35.1132113],[129.0260944,35.1132148],[129.0261336,35.1132217],[129.0261723,35.1132284],[129.02622,35.1133247],[129.0262263,35.1133375],[129.0262323,35.1133497],[129.0262375,35.1134032],[129.0262389,35.1134151],[129.0262674,35.1134663],[129.0262715,35.1134744],[129.0262817,35.1134871],[129.0263181,35.1135395],[129.0263463,35.1135441],[129.0263645,35.1135463],[129.0263555,35.1135536],[129.026314,35.1135863],[129.0262725,35.1136189],[129.026269,35.1136232],[129.026273,35.113627],[129.0262769,35.1136309],[129.0262813,35.1136354],[129.0262857,35.1136399],[129.0262999,35.113654],[129.026314,35.113668],[129.0262846,35.1136975],[129.0262552,35.1137269],[129.0262106,35.1137467],[129.0261345,35.1137234],[129.026071,35.1137043],[129.0260579,35.1136998],[129.026039,35.1137283],[129.0261222,35.1137832],[129.02614,35.1138267],[129.0261335,35.1138655],[129.0261242,35.1139203],[129.0260972,35.1140821],[129.0261595,35.1141056],[129.0261959,35.1141185],[129.0262323,35.1141313],[129.0262914,35.1141526],[129.0263504,35.1141739],[129.0264236,35.1142002],[129.0264968,35.1142264]]]},"properties":{"name":"주택개량 재개발","type":"재개발","admCode":"26140","mnum":"62600002614019820118UDT1000001001"}},{"type":"Feature","geometry":{"type":"Polygon","coordinates":[[[129.0157708,35.1051377],[129.016011,35.1049858],[129.0162512,35.1048338],[129.0163121,35.1047954],[129.0163267,35.1047871],[129.0164691,35.1047061],[129.0165998,35.1046318],[129.0166156,35.1046228],[129.0167038,35.1045727],[129.0167605,35.1045404],[129.0168392,35.1045005],[129.0168429,35.1044986],[129.016906,35.1044647],[129.016969,35.1044309],[129.0169868,35.1044214],[129.0170004,35.1044141],[129.0170116,35.1044081],[129.0170357,35.1043951],[129.0170309,35.1043804],[129.0170228,35.1043542],[129.0170203,35.1043461],[129.0170223,35.1043404],[129.0170012,35.1043358],[129.0169807,35.1043313],[129.0169715,35.1043131],[129.0169669,35.1043088],[129.0169408,35.1042838],[129.0169522,35.1042755],[129.0169402,35.1042649],[129.0169319,35.1042575],[129.0169225,35.1042492],[129.0168458,35.1041814],[129.0167691,35.1041134],[129.0167166,35.1040643],[129.0167021,35.1040507],[129.0166626,35.1040136],[129.0166231,35.1039766],[129.0165689,35.103912],[129.0165646,35.1039052],[129.0165587,35.1038957],[129.0165455,35.1038747],[129.0165123,35.1038246],[129.0165028,35.1038089],[129.0164933,35.1037932],[129.0164791,35.1037696],[129.0164695,35.1037537],[129.0164442,35.1036995],[129.0164363,35.10368],[129.0164182,35.1036016],[129.016415,35.1035572],[129.0164123,35.103516],[129.0164061,35.1034546],[129.0163904,35.1034675],[129.0163747,35.1034804],[129.016362,35.1034805],[129.0163493,35.1034807],[129.0163325,35.1034809],[129.0163179,35.1034811],[129.0163005,35.1034814],[129.0162831,35.1034816],[129.0162632,35.1034812],[129.0162512,35.1034802],[129.016241,35.1034785],[129.0162308,35.1034768],[129.016219,35.1034736],[129.0162072,35.1034705],[129.0161944,35.1034652],[129.0161706,35.1034516],[129.016147,35.103438],[129.0161316,35.1034292],[129.0161117,35.1034178],[129.0160928,35.103407],[129.0160739,35.1033961],[129.0160322,35.1033795],[129.0159716,35.103369],[129.0159561,35.1033663],[129.0158791,35.1033498],[129.0158601,35.1033458],[129.0157952,35.1033317],[129.0157599,35.103324],[129.0157012,35.1033112],[129.0156539,35.1033009],[129.0155685,35.1032823],[129.0154985,35.1032445],[129.0154533,35.1032199],[129.0153811,35.1031789],[129.0153318,35.1031762],[129.0152951,35.1031742],[129.0152584,35.1031722],[129.0152253,35.1031713],[129.0152066,35.1031773],[129.0151945,35.1031817],[129.015167,35.1031917],[129.0151203,35.1032088],[129.0151129,35.1032115],[129.015079,35.1032238],[129.0150856,35.1032358],[129.0150712,35.103242],[129.0150606,35.1032466],[129.0150387,35.103256],[129.0150168,35.1032655],[129.0150141,35.1032662],[129.0149383,35.1032867],[129.0149136,35.103295],[129.0147641,35.1033455],[129.0147318,35.1033588],[129.0148334,35.1034854],[129.0148205,35.1035247],[129.0148419,35.1035967],[129.0148418,35.1036324],[129.0148417,35.103668],[129.0148259,35.103709],[129.0148088,35.103753],[129.0148639,35.1038571],[129.0148863,35.1039346],[129.0149087,35.104012],[129.0149106,35.1040185],[129.014979,35.1041537],[129.0150475,35.1042888],[129.0151514,35.1044532],[129.0151949,35.1045235],[129.0152501,35.1046127],[129.0152949,35.1046811],[129.0154924,35.1049897],[129.0156096,35.1051196],[129.0156245,35.1051357],[129.0157312,35.1051372],[129.0157708,35.1051377]]]},"properties":{"name":"부민동 주택재개발","type":"재개발","admCode":"26140","mnum":"15000002614019950282UDT1000001001"}},{"type":"Feature","geometry":{"type":"Polygon","coordinates":[[[129.0114601,35.1191881],[129.0114976,35.1191954],[129.0115963,35.1192147],[129.0116647,35.1192284],[129.0116572,35.1192586],[129.0116846,35.119289],[129.0117194,35.1193145],[129.0117398,35.1193295],[129.0117557,35.1193358],[129.0117538,35.1193439],[129.0117508,35.1193568],[129.0118731,35.1193892],[129.0118947,35.1193942],[129.011906,35.119418],[129.0120031,35.1194188],[129.0120111,35.1194415],[129.0120261,35.1195037],[129.0120469,35.1195792],[129.0120609,35.1196359],[129.012063,35.1196442],[129.0120776,35.1196367],[129.0120957,35.1196278],[129.0121261,35.1196118],[129.0121407,35.1196041],[129.0122002,35.1195736],[129.01225,35.1195481],[129.012259,35.1195428],[129.0123023,35.1195174],[129.0123598,35.1194873],[129.0123696,35.1194826],[129.0124465,35.119443],[129.0124863,35.1194223],[129.0125999,35.1193635],[129.0126449,35.1193401],[129.012691,35.1193163],[129.0127184,35.1193021],[129.0127526,35.1192843],[129.0128332,35.1192426],[129.0129093,35.1192032],[129.0130278,35.1191418],[129.0131848,35.119063],[129.0132394,35.1190356],[129.0132572,35.1190269],[129.0133539,35.118979],[129.0134766,35.1189167],[129.0134941,35.1189076],[129.0135945,35.1188571],[129.01361,35.1188496],[129.0136809,35.1188142],[129.0137332,35.118785],[129.013695,35.118763],[129.0136562,35.1187369],[129.0136044,35.1187176],[129.0135579,35.1186955],[129.0135416,35.1186878],[129.0134916,35.1186239],[129.013364,35.1184557],[129.0133551,35.1184474],[129.0133232,35.118436],[129.0132916,35.1184256],[129.0132713,35.1184199],[129.0132112,35.118404],[129.0131575,35.118391],[129.0131288,35.1183732],[129.0129806,35.1183303],[129.0129635,35.118325],[129.0127955,35.1182741],[129.0127767,35.1182677],[129.0127577,35.1182542],[129.0126167,35.1180416],[129.0125635,35.11798],[129.0125478,35.1179646],[129.0125402,35.1179598],[129.0125333,35.1179555],[129.0124034,35.1178964],[129.0123174,35.1178667],[129.0122256,35.1178247],[129.0122102,35.1177694],[129.012138,35.117902],[129.0121319,35.1179131],[129.0121117,35.1179479],[129.0120878,35.117989],[129.0120778,35.1180056],[129.0120665,35.118027],[129.0120616,35.1180358],[129.0120278,35.1180963],[129.0120213,35.1181091],[129.0120086,35.118132],[129.0119879,35.1181695],[129.0119556,35.1182287],[129.0119484,35.118242],[129.0118935,35.1183431],[129.0118532,35.1184168],[129.0118198,35.1184804],[129.0117771,35.1185642],[129.0117727,35.1185736],[129.0117698,35.1185788],[129.0117291,35.1186591],[129.0117147,35.1186873],[129.0116863,35.1187429],[129.011632,35.1188488],[129.0116071,35.1188975],[129.0115692,35.1189717],[129.0115388,35.1190305],[129.0115211,35.1190689],[129.0114877,35.1191353],[129.0114601,35.1191881]]]},"properties":{"name":"서대신2주택재개발정비구역","type":"재개발","admCode":"26140","mnum":"62600002614020160341UDT1000001001"}},{"type":"Feature","geometry":{"type":"Polygon","coordinates":[[[129.0171968,35.1042991],[129.0172005,35.1043047],[129.0172053,35.1043127],[129.0172107,35.104323],[129.0172149,35.1043323],[129.0172161,35.1043357],[129.0172632,35.1043405],[129.0172775,35.1043511],[129.0173332,35.1044115],[129.0173798,35.1044584],[129.0174723,35.1045055],[129.0175232,35.1045206],[129.0175479,35.1045255],[129.0177487,35.1045424],[129.0180247,35.1045701],[129.0181908,35.1045701],[129.018187,35.1045264],[129.018098,35.1045185],[129.0180926,35.104518],[129.0180751,35.1045075],[129.0180286,35.1044995],[129.0180217,35.1045254],[129.0180043,35.1045259],[129.0179884,35.1045265],[129.0179878,35.1045295],[129.0179348,35.1045233],[129.0178923,35.1045193],[129.0178716,35.1045173],[129.017852,35.104515],[129.0178361,35.1045132],[129.0177969,35.10451],[129.0177984,35.1044978],[129.0177519,35.1044963],[129.0176967,35.1044948],[129.0176536,35.104495],[129.0175531,35.1044897],[129.0175361,35.1044861],[129.0174915,35.1044728],[129.0174356,35.1044444],[129.01744,35.1044361],[129.0174142,35.1044112],[129.0173973,35.1043979],[129.0173833,35.1043893],[129.0173641,35.1043829],[129.017357,35.1043723],[129.0173177,35.1043343],[129.0173166,35.1043305],[129.0173059,35.104318],[129.0172867,35.1043088],[129.0172685,35.104304],[129.0172339,35.1042993],[129.0171968,35.1042991]]]},"properties":{"name":"정비기반시설(도로)_C","type":"기반시설","admCode":"26140","mnum":"62600002614020230255UDT9990001003"}},{"type":"Feature","geometry":{"type":"Polygon","coordinates":[[[129.0401491,35.1257087],[129.0401491,35.1257087],[129.0402112,35.1257034],[129.0402337,35.1257012],[129.0402811,35.1256974],[129.0403971,35.1256879],[129.0405753,35.1256722],[129.0405783,35.125672],[129.0405785,35.125672],[129.0405787,35.125672],[129.0405788,35.1256719],[129.0405822,35.1256717],[129.0405938,35.125671],[129.0406668,35.1256645],[129.0406677,35.1256683],[129.0406746,35.1257152],[129.0406848,35.1257741],[129.0406928,35.1258241],[129.0407055,35.1259001],[129.0407156,35.1259601],[129.0407258,35.1260217],[129.0407362,35.1260859],[129.0407475,35.126155],[129.0407558,35.1262091],[129.040771,35.1263034],[129.0408406,35.1263008],[129.0409111,35.1263004],[129.0409781,35.1262991],[129.0409887,35.126299],[129.0411041,35.1262951],[129.0411604,35.1262931],[129.0412203,35.1262911],[129.0412461,35.1262904],[129.0413486,35.1262811],[129.0414501,35.1262724],[129.0415388,35.1262644],[129.041547,35.1262638],[129.0418462,35.1262414],[129.0419125,35.1262384],[129.0419562,35.1262362],[129.0420563,35.1262309],[129.0420801,35.1262298],[129.0421913,35.1262231],[129.0422848,35.1262152],[129.042328,35.1262115],[129.0423922,35.1262059],[129.0424641,35.1261919],[129.0425705,35.1261733],[129.0426137,35.1261518],[129.0426766,35.1261624],[129.0426924,35.1261585],[129.0427141,35.1261534],[129.0427853,35.1261368],[129.0428643,35.12613],[129.0428578,35.1260613],[129.0428557,35.1260396],[129.0428515,35.1260054],[129.0428481,35.1259679],[129.0428434,35.1259143],[129.0428421,35.1259004],[129.0428176,35.1257441],[129.0428161,35.1257337],[129.0428099,35.1257372],[129.0428049,35.1257402],[129.0427167,35.1257893],[129.0426103,35.1258483],[129.0426031,35.1258517],[129.0425336,35.1257886],[129.0424531,35.1257148],[129.0426243,35.1255216],[129.0425993,35.1255021],[129.042533,35.1254592],[129.0425244,35.1254516],[129.042419,35.125393],[129.0422899,35.1253228],[129.0422446,35.1252983],[129.042233,35.1252921],[129.0421593,35.125251],[129.0421379,35.1252387],[129.0419514,35.1251351],[129.041719,35.1250064],[129.0416614,35.1249746],[129.041496,35.1248848],[129.0414003,35.1248335],[129.0413652,35.1248144],[129.0413392,35.1248009],[129.041246,35.12475],[129.0411965,35.1247232],[129.041033,35.1246353],[129.0409495,35.12459],[129.0408252,35.1245222],[129.040788,35.1245017],[129.0404942,35.1243441],[129.0403989,35.1242944],[129.0403872,35.1242882],[129.0403414,35.1243034],[129.0403414,35.1243034],[129.0403084,35.1243143],[129.040308,35.1243243],[129.0403078,35.1243312],[129.0403063,35.1243693],[129.040306,35.1243776],[129.0403039,35.1244331],[129.0403024,35.1244762],[129.0403009,35.1245142],[129.0403003,35.1245311],[129.040299,35.1245651],[129.0402984,35.1245816],[129.0402961,35.124642],[129.0402958,35.1246492],[129.0402919,35.1247223],[129.0402906,35.1247426],[129.0402856,35.124822],[129.0402637,35.1251692],[129.0402508,35.1252888],[129.0402108,35.1256599],[129.0401491,35.1257087]],[[129.0407696,35.1245252],[129.0406731,35.1246486],[129.040667,35.1246558],[129.0406597,35.1246517],[129.0406275,35.1246943],[129.0406471,35.1247085],[129.0405021,35.1248959],[129.0403569,35.124726],[129.0403221,35.124683],[129.0403255,35.1246798],[129.0403232,35.1246763],[129.0404021,35.124574],[129.040433,35.1245333],[129.0404172,35.1245241],[129.0404289,35.124496],[129.0404307,35.1244784],[129.0404104,35.1244665],[129.0403902,35.1244488],[129.0403619,35.1244324],[129.0403809,35.1244001],[129.0403948,35.1243868],[129.04042,35.1244009],[129.0404385,35.1243946],[129.0404711,35.124365],[129.0407696,35.1245252]]]},"properties":{"name":"","type":"기타","admCode":"26170","mnum":"62600002617020260013UDT1000001001"}},{"type":"Feature","geometry":{"type":"Polygon","coordinates":[[[129.0583702,35.1406327],[129.0584173,35.1406309],[129.0584229,35.1406302],[129.0584319,35.1406293],[129.0584835,35.140624],[129.0584828,35.1406228],[129.0584876,35.1405903],[129.0585472,35.1405931],[129.058587,35.1405948],[129.0586014,35.1406148],[129.0586152,35.1406049],[129.0586863,35.1406135],[129.0586872,35.1405517],[129.0586877,35.1405223],[129.0586889,35.1404439],[129.0586891,35.1404286],[129.0586906,35.140334],[129.0586916,35.1402685],[129.0586917,35.1402557],[129.0586924,35.1402119],[129.0587588,35.1401839],[129.0587592,35.1401196],[129.0587556,35.1400654],[129.0587566,35.1399487],[129.0587561,35.1397781],[129.0587622,35.139541],[129.0587691,35.1394271],[129.0587706,35.1393263],[129.058771,35.1392933],[129.0587719,35.1392371],[129.0587722,35.1392187],[129.0587739,35.1391275],[129.0588188,35.1390915],[129.0589191,35.1390924],[129.0589398,35.1390923],[129.0590301,35.1390926],[129.0591172,35.139093],[129.0591832,35.1390939],[129.0591835,35.1390256],[129.0591841,35.1389368],[129.0591844,35.1389198],[129.0591856,35.1388528],[129.0591582,35.1388524],[129.0589664,35.1388508],[129.0589656,35.138831],[129.0589465,35.1388291],[129.0589067,35.1388263],[129.0588491,35.1388224],[129.0588136,35.1388159],[129.0588272,35.1387551],[129.0588348,35.1387172],[129.0588375,35.138706],[129.0588519,35.1386205],[129.0588649,35.1385343],[129.0588764,35.1384311],[129.0588775,35.1383343],[129.0588768,35.1383173],[129.0588783,35.1382342],[129.0588793,35.1381524],[129.0588787,35.138091],[129.0588739,35.1380356],[129.0588703,35.1379999],[129.0588662,35.1379589],[129.0588632,35.137928],[129.0588628,35.1379246],[129.0587929,35.1379222],[129.058793,35.1379244],[129.0587268,35.1379194],[129.0587269,35.1379167],[129.058697,35.1379179],[129.0586713,35.137919],[129.0586543,35.1379197],[129.0586382,35.1379209],[129.0586267,35.1379219],[129.0586159,35.1379231],[129.0586,35.1379252],[129.058589,35.1379269],[129.0585768,35.1379291],[129.0585689,35.1379305],[129.0585583,35.1379327],[129.0585509,35.1379344],[129.0585433,35.1379362],[129.0585413,35.1379367],[129.0585322,35.137939],[129.0585232,35.1379414],[129.0585139,35.137944],[129.0585052,35.1379467],[129.0584962,35.1379495],[129.0584961,35.1379496],[129.0584961,35.1379496],[129.0584854,35.1379532],[129.0584777,35.137956],[129.0584715,35.1379584],[129.0584628,35.1379617],[129.0584545,35.1379651],[129.058448,35.1379678],[129.0584372,35.1379726],[129.0584335,35.1379743],[129.0584293,35.1379763],[129.0584215,35.13798],[129.0584135,35.137984],[129.0584049,35.1379885],[129.0583991,35.1379917],[129.0583907,35.1379964],[129.0583253,35.1380323],[129.0583253,35.1380323],[129.0582157,35.1380984],[129.0582113,35.1380917],[129.0581891,35.1380587],[129.0581421,35.1380681],[129.0580845,35.1380794],[129.0580394,35.1381616],[129.0580294,35.1381564],[129.0580078,35.1381955],[129.058012,35.1382215],[129.0579511,35.1382583],[129.0579511,35.1382583],[129.0579423,35.1382317],[129.0579249,35.1382333],[129.0579344,35.1382685],[129.0579119,35.1382714],[129.0578301,35.1382802],[129.0578242,35.1382806],[129.0578048,35.1382804],[129.0578007,35.1382889],[129.0577817,35.1382899],[129.0577438,35.1382922],[129.0577306,35.138293],[129.0576829,35.1382965],[129.0576824,35.1383031],[129.0576718,35.1383036],[129.0576589,35.1382489],[129.0576483,35.1382036],[129.0576422,35.1382036],[129.0576407,35.1381923],[129.0576389,35.1381723],[129.0576433,35.1381716],[129.0576429,35.1381604],[129.0576441,35.1381517],[129.0576422,35.1381299],[129.0576346,35.1380514],[129.0576245,35.1380564],[129.0576221,35.1380575],[129.0575676,35.1380837],[129.0575477,35.1380933],[129.0575286,35.1381025],[129.0575209,35.1385817],[129.0575131,35.1389207],[129.057511,35.139019],[129.0575079,35.1391263],[129.0574982,35.1396281],[129.057494,35.1397822],[129.0574914,35.1399053],[129.0574883,35.139991],[129.0574873,35.1400591],[129.0574827,35.1402083],[129.0574803,35.1402834],[129.0574757,35.1403727],[129.0574741,35.1404615],[129.057473,35.140529],[129.0574703,35.1406465],[129.0574696,35.1406751],[129.0574698,35.140707],[129.0574682,35.1407845],[129.0574612,35.1411077],[129.0574589,35.1411878],[129.0574687,35.1413281],[129.0574702,35.1413668],[129.0574802,35.1414982],[129.0574845,35.1415568],[129.0574878,35.141598],[129.0574862,35.1417189],[129.057485,35.1417996],[129.057484,35.1418869],[129.0574817,35.1419663],[129.0574808,35.1419979],[129.0575285,35.1419972],[129.0575524,35.1419963],[129.0576069,35.1419945],[129.0576521,35.1419923],[129.057735,35.1419891],[129.0578047,35.1419868],[129.0578193,35.1419856],[129.0578752,35.1419804],[129.0579026,35.1419768],[129.0579452,35.1419714],[129.0579723,35.1419663],[129.0579746,35.1419587],[129.0579746,35.1419587],[129.0579865,35.1419193],[129.0579231,35.1419097],[129.0578943,35.1418996],[129.0578757,35.141893],[129.0578709,35.1418837],[129.057867,35.1418827],[129.0578604,35.1418736],[129.0578399,35.1418727],[129.0578135,35.1415955],[129.0577976,35.1414071],[129.0578032,35.1412711],[129.057804,35.1412503],[129.0578051,35.1412228],[129.057805,35.1412016],[129.0578041,35.141153],[129.0578047,35.1411511],[129.0578096,35.1410667],[129.0578118,35.1410191],[129.0578127,35.1410002],[129.0578137,35.1409888],[129.0578135,35.1409729],[129.0578181,35.1409734],[129.0578523,35.140977],[129.0579119,35.1409826],[129.0579578,35.1409772],[129.0580159,35.1409702],[129.0580985,35.1409659],[129.0581005,35.1409714],[129.0581057,35.1410228],[129.0581922,35.1410182],[129.0582061,35.1409651],[129.0582122,35.1408981],[129.0582125,35.1408474],[129.0582158,35.1407681],[129.0582113,35.140723],[129.0582057,35.1406958],[129.0582019,35.1406553],[129.0581959,35.1405713],[129.058195,35.1405672],[129.0582267,35.1405406],[129.0583552,35.14054],[129.0583563,35.140543],[129.0583702,35.1406327]]]},"properties":{"name":"범일2재개발구역","type":"재개발","admCode":"26170","mnum":"62600002617020260007UDT1000001001"}},{"type":"Feature","geometry":{"type":"Polygon","coordinates":[[[129.0533375,35.1344651],[129.0532965,35.1344254],[129.0532742,35.1344035],[129.0531301,35.1342617],[129.0530123,35.1341459],[129.052969,35.1341036],[129.0529518,35.1340862],[129.0528932,35.1340288],[129.0528348,35.1339713],[129.0528257,35.1339621],[129.0528068,35.1338944],[129.052718,35.1338894],[129.0527177,35.1338559],[129.0527283,35.1338411],[129.0527012,35.1338329],[129.052677,35.133826],[129.0526625,35.1337152],[129.0526607,35.1336994],[129.0525336,35.1336337],[129.0525054,35.1336194],[129.0524646,35.1335927],[129.0524597,35.1335897],[129.0524661,35.133571],[129.0524867,35.1335136],[129.0524811,35.1335113],[129.052389,35.1334816],[129.0523532,35.1334701],[129.0523694,35.1334304],[129.0522791,35.1333976],[129.0522518,35.1333965],[129.052251,35.1333604],[129.0522034,35.1333392],[129.0520833,35.1333042],[129.0520994,35.1332847],[129.0521138,35.1332584],[129.0521214,35.1332238],[129.0521173,35.1332216],[129.052088,35.1332039],[129.0520353,35.1332395],[129.0519003,35.1333314],[129.0516317,35.1335264],[129.0512451,35.1337741],[129.0511837,35.1338133],[129.0512143,35.1338338],[129.0512801,35.133866],[129.0512991,35.1338749],[129.0513353,35.1338923],[129.0513775,35.1339115],[129.051383,35.1339137],[129.0514712,35.1339514],[129.0514952,35.1339621],[129.0515147,35.1339694],[129.0516039,35.1340085],[129.0516581,35.1340362],[129.0517171,35.1340666],[129.0517516,35.1340846],[129.0518115,35.1341146],[129.0519297,35.1341736],[129.0519672,35.1341968],[129.0519821,35.1342055],[129.0520542,35.1342682],[129.0520657,35.1342811],[129.0520685,35.1342788],[129.0521976,35.1343858],[129.0522171,35.1344008],[129.0522367,35.1344335],[129.0522628,35.1344772],[129.0522939,35.1345012],[129.0524452,35.1346085],[129.0524546,35.1346147],[129.0526656,35.1347524],[129.0527081,35.1347801],[129.0526995,35.1347909],[129.0527316,35.1348125],[129.0528523,35.1347775],[129.0528547,35.1347676],[129.0528598,35.1347364],[129.0528245,35.1346656],[129.052814,35.1346532],[129.0527619,35.1345856],[129.0527605,35.1345805],[129.0527567,35.1345709],[129.0529435,35.1345394],[129.0530466,35.1347176],[129.0530928,35.1347972],[129.0531537,35.1348802],[129.0531652,35.1349014],[129.0531826,35.1349281],[129.0531907,35.1349376],[129.053195,35.1349428],[129.0531858,35.1349471],[129.0531791,35.1349502],[129.0530282,35.1350194],[129.0528115,35.1350604],[129.0528085,35.1350642],[129.0527879,35.1350778],[129.0527666,35.1350797],[129.0527389,35.135077],[129.0527302,35.1350722],[129.0526912,35.1350531],[129.0525989,35.1350075],[129.0525891,35.1350011],[129.0525805,35.1350027],[129.0525946,35.1350989],[129.052562,35.1351151],[129.0525691,35.1352052],[129.0525605,35.1352147],[129.0525713,35.1352186],[129.0525744,35.1352617],[129.0525807,35.1353235],[129.052609,35.135378],[129.0526882,35.1355293],[129.0527173,35.1355866],[129.0527864,35.1357183],[129.0528027,35.1357499],[129.0528511,35.135792],[129.0528612,35.1357977],[129.0529355,35.1358341],[129.0529684,35.1358491],[129.0530149,35.1358619],[129.0530405,35.1358639],[129.0530792,35.1358658],[129.0531327,35.1358687],[129.0532596,35.1358445],[129.0532764,35.1358433],[129.0533489,35.1358364],[129.0534141,35.135832],[129.0534335,35.1358303],[129.0534817,35.1358331],[129.053541,35.135845],[129.0536024,35.135883],[129.053655,35.135967],[129.053699,35.1360351],[129.053731,35.1360848],[129.0537783,35.1361587],[129.0537915,35.1361792],[129.0538231,35.1362258],[129.0538398,35.1362488],[129.0538413,35.1362508],[129.0538564,35.1362465],[129.0538656,35.1362582],[129.053893,35.1363484],[129.0539054,35.1363894],[129.0538903,35.1364256],[129.0538922,35.1364308],[129.0539071,35.1364739],[129.0539321,35.1365053],[129.0539774,35.1365498],[129.0540488,35.1366334],[129.0540647,35.1366543],[129.0540701,35.1366602],[129.0541093,35.1368437],[129.0541337,35.1369403],[129.0541509,35.1369966],[129.0541649,35.1370365],[129.0541749,35.137046],[129.0541682,35.1370485],[129.0541993,35.1371194],[129.0542197,35.1371898],[129.0542298,35.1372245],[129.0542383,35.1372539],[129.0542428,35.1372695],[129.0542924,35.1372616],[129.0543143,35.1372639],[129.0543577,35.1372688],[129.0543942,35.1372949],[129.0544241,35.1372928],[129.0544269,35.1372927],[129.0544368,35.1372923],[129.054476,35.1372954],[129.0546029,35.1372546],[129.0546581,35.1372292],[129.054684,35.1372177],[129.0547188,35.1372024],[129.0547814,35.1371791],[129.0548148,35.1371489],[129.0548457,35.1371191],[129.054855,35.1371101],[129.0548665,35.1371041],[129.0549083,35.1370775],[129.0549608,35.1370249],[129.0550045,35.1370265],[129.0550728,35.1369961],[129.0551017,35.136983],[129.0551506,35.1369669],[129.0551852,35.1369458],[129.0551459,35.1369198],[129.055122,35.1368717],[129.0551065,35.1368425],[129.0550996,35.1368311],[129.0550846,35.1368134],[129.0550674,35.1367823],[129.0550466,35.1367481],[129.0550307,35.1367568],[129.0550196,35.1367629],[129.0549061,35.1368224],[129.0548325,35.1368612],[129.0548077,35.1368739],[129.0547325,35.1367664],[129.0547254,35.1367746],[129.0547141,35.1367508],[129.0547035,35.1367444],[129.054659,35.1366635],[129.0545975,35.1365841],[129.054517,35.1364813],[129.0544744,35.1364265],[129.0544852,35.1364271],[129.0545409,35.1364051],[129.0545463,35.1364056],[129.0545614,35.1363996],[129.0546178,35.1363747],[129.0546474,35.1363565],[129.0546843,35.1363346],[129.0547184,35.1363095],[129.0547398,35.136297],[129.0548155,35.1362513],[129.0548065,35.1362427],[129.0547872,35.1362217],[129.0547544,35.1361766],[129.0547207,35.1361041],[129.054705,35.1360644],[129.0546972,35.1360511],[129.0546804,35.1360261],[129.0546584,35.1360035],[129.0546216,35.1359472],[129.0545905,35.1358991],[129.0545738,35.1358745],[129.0545572,35.1358787],[129.0545477,35.1358556],[129.054523,35.1358322],[129.0545061,35.1358036],[129.0544397,35.1358173],[129.0543611,35.1358236],[129.0543519,35.1358244],[129.0543001,35.1358255],[129.0542512,35.1358213],[129.0542188,35.1358095],[129.0541966,35.1357985],[129.0541935,35.1357965],[129.0541772,35.1357862],[129.0541616,35.1357705],[129.0541495,35.1357531],[129.0540779,35.1356883],[129.0540412,35.1356551],[129.0539894,35.1356167],[129.0539879,35.1356156],[129.0539193,35.1355661],[129.0538147,35.1354906],[129.0537303,35.1354271],[129.0536385,35.1355037],[129.0535625,35.1355417],[129.0535343,35.135554],[129.0534754,35.1355221],[129.0534588,35.1355118],[129.0533909,35.1354757],[129.0533796,35.1354684],[129.0532287,35.1353919],[129.0532938,35.1353171],[129.0534411,35.135143],[129.0534759,35.1351773],[129.0535414,35.1350893],[129.0535697,35.1350496],[129.0536237,35.1349755],[129.0536661,35.1349178],[129.0536772,35.1348989],[129.0536868,35.1348861],[129.053693,35.1348779],[129.0537139,35.1348392],[129.0536845,35.1348104],[129.0536269,35.134754],[129.0535662,35.1346951],[129.0535272,35.1346567],[129.0535257,35.1346551],[129.053513,35.134642],[129.053425,35.1345548],[129.0533956,35.134551],[129.0533449,35.1344985],[129.0533375,35.1344651]]]},"properties":{"name":"","type":"기타","admCode":"26170","mnum":"62600002617020250521UDT1000001001"}},{"type":"Feature","geometry":{"type":"Polygon","coordinates":[[[129.0395117,35.1258541],[129.0394757,35.125799],[129.039493,35.1257939],[129.0395374,35.1257712],[129.0395417,35.1257974],[129.0396086,35.1257833],[129.0396943,35.1257648],[129.0398266,35.1257365],[129.040073,35.1257152],[129.0401248,35.1257108],[129.0401238,35.1256561],[129.0401231,35.1256234],[129.040123,35.1256143],[129.0401223,35.1255772],[129.040122,35.1255628],[129.0401217,35.1255491],[129.0401763,35.1251612],[129.0402043,35.1247188],[129.0402061,35.1247004],[129.0402062,35.1246965],[129.0402065,35.1246875],[129.0402067,35.1246785],[129.0402069,35.1246695],[129.0402069,35.1246605],[129.040207,35.1246515],[129.0402069,35.1246425],[129.0402068,35.1246334],[129.0402066,35.1246244],[129.0402064,35.1246154],[129.0402061,35.1246064],[129.0402057,35.1245974],[129.0402053,35.1245884],[129.0402048,35.1245794],[129.0402043,35.1245704],[129.0402037,35.1245614],[129.040203,35.1245524],[129.0402022,35.1245434],[129.0402014,35.1245344],[129.0402006,35.1245254],[129.0401996,35.1245164],[129.0401986,35.1245075],[129.0401976,35.1244985],[129.0401965,35.1244895],[129.0401953,35.1244806],[129.040194,35.1244716],[129.0401927,35.1244627],[129.0401913,35.1244537],[129.040186,35.1243271],[129.0401875,35.1242987],[129.0401901,35.1242586],[129.0401759,35.1242514],[129.0401325,35.1242294],[129.0400492,35.1242889],[129.0398763,35.1244125],[129.0397027,35.1245365],[129.0395029,35.1246792],[129.0395029,35.1246792],[129.0393454,35.1247918],[129.0393241,35.1248069],[129.0393241,35.124807],[129.0391771,35.124912],[129.0390067,35.1250307],[129.0389647,35.1250624],[129.0388672,35.1251745],[129.0386998,35.1253631],[129.0385991,35.1254836],[129.038455,35.1255317],[129.0383125,35.1255579],[129.038102,35.1255992],[129.0377584,35.1256233],[129.0377309,35.1256863],[129.0377097,35.1258039],[129.0376352,35.1260908],[129.0377695,35.1261747],[129.0378053,35.1262003],[129.0378235,35.1262143],[129.037835,35.1262241],[129.0378605,35.1262356],[129.0379076,35.1262552],[129.0379276,35.1262624],[129.0379526,35.1262708],[129.0380058,35.1262859],[129.0380377,35.1262938],[129.0381045,35.1263055],[129.0381219,35.1263082],[129.0381287,35.1263093],[129.0381591,35.1263113],[129.0382173,35.1263156],[129.0382992,35.1263212],[129.0383371,35.1263243],[129.038455,35.1263348],[129.0384937,35.1263382],[129.0385098,35.1263397],[129.0385735,35.1263447],[129.0386369,35.1263512],[129.0386506,35.1263527],[129.0386668,35.1263538],[129.0388058,35.1263667],[129.0388264,35.1263685],[129.0388841,35.1263739],[129.0389483,35.1263826],[129.0389946,35.1263895],[129.0390452,35.1263921],[129.0391523,35.1263937],[129.0391966,35.1263944],[129.0392852,35.1264054],[129.0393077,35.1264071],[129.0393309,35.1264088],[129.0394399,35.1264159],[129.0395648,35.1264266],[129.0396783,35.1264363],[129.0396613,35.1263611],[129.0396347,35.1262525],[129.0396294,35.1262313],[129.0396267,35.1262195],[129.0396131,35.1261636],[129.0396105,35.1261496],[129.0395764,35.1260222],[129.0395658,35.1259821],[129.0395593,35.1259577],[129.0395117,35.1258541]]]},"properties":{"name":"","type":"기타","admCode":"26170","mnum":"62600002617020250242UDT1000001001"}},{"type":"Feature","geometry":{"type":"Polygon","coordinates":[[[129.0406208,35.1213235],[129.0406557,35.1213932],[129.0406588,35.1213991],[129.0406694,35.1214196],[129.0406915,35.1214634],[129.0406966,35.1214686],[129.0407224,35.1215236],[129.0407255,35.1215304],[129.0407628,35.1216049],[129.0407804,35.1216392],[129.040791,35.1216603],[129.0407927,35.1216635],[129.0407949,35.1216677],[129.0408033,35.1216844],[129.0408258,35.1217273],[129.0408664,35.1218059],[129.0408676,35.1218086],[129.0408751,35.1218227],[129.0409911,35.1220467],[129.0409947,35.1220537],[129.0410289,35.1221211],[129.0410352,35.122134],[129.041042,35.122148],[129.041064,35.1221909],[129.0411308,35.1223211],[129.0411366,35.1223333],[129.0411548,35.1223697],[129.0411927,35.1223856],[129.0413005,35.1223471],[129.0413663,35.122324],[129.0413983,35.122313],[129.0414162,35.1223068],[129.0414384,35.1222988],[129.0414733,35.1222868],[129.0415487,35.1222607],[129.0415666,35.1222541],[129.0416699,35.1222176],[129.0418255,35.1221629],[129.0418533,35.1221528],[129.0419608,35.1221141],[129.0420857,35.1220703],[129.0421299,35.1220565],[129.0422811,35.1220036],[129.0422894,35.1220007],[129.0423701,35.121973],[129.0423925,35.1219652],[129.0424163,35.1219571],[129.0424312,35.1219216],[129.042409,35.1218772],[129.042389,35.1218383],[129.0423586,35.1217785],[129.0423329,35.1217279],[129.0423091,35.1216805],[129.042307,35.1216764],[129.0422867,35.1216362],[129.0422744,35.1216118],[129.0422663,35.1215953],[129.0422605,35.1215839],[129.0422542,35.1215716],[129.0422397,35.1215427],[129.0422106,35.121486],[129.0421521,35.1213717],[129.0421474,35.1213624],[129.0421188,35.1213065],[129.0420893,35.1212485],[129.0420566,35.121185],[129.042034,35.1211417],[129.0420276,35.121129],[129.0420089,35.121092],[129.0419921,35.1210593],[129.0419719,35.1210196],[129.041963,35.1210025],[129.0419589,35.1209939],[129.0419164,35.1209118],[129.0419101,35.1208997],[129.0418926,35.12087],[129.0418683,35.1208584],[129.0417628,35.120895],[129.0417489,35.1208997],[129.0416256,35.1209413],[129.0416188,35.1209436],[129.041599,35.1209503],[129.041553,35.120967],[129.0415407,35.1209709],[129.0414784,35.1209916],[129.0414439,35.1210028],[129.0414172,35.1210115],[129.0413992,35.1210176],[129.041298,35.1210525],[129.0412708,35.1210641],[129.0412639,35.1210662],[129.0411324,35.1211105],[129.0410832,35.1211272],[129.0410356,35.1211428],[129.0409656,35.1211666],[129.0407351,35.1212451],[129.0406625,35.1212696],[129.0406399,35.1212773],[129.0406208,35.1213235]],[[129.0418665,35.1220988],[129.0418146,35.1220822],[129.0417745,35.122009],[129.0417625,35.121987],[129.041618,35.1216913],[129.041618,35.1216913],[129.0416151,35.1216854],[129.0416945,35.1216584],[129.0417012,35.121667],[129.041711,35.1216642],[129.0417184,35.1216796],[129.0417397,35.1216728],[129.041738,35.1216695],[129.0417452,35.121667],[129.0418644,35.1216261],[129.0418656,35.1216284],[129.0418667,35.121628],[129.0418826,35.1216599],[129.0418818,35.1216603],[129.0419069,35.1217144],[129.041977,35.1218518],[129.0420006,35.1218982],[129.0420457,35.121987],[129.0420429,35.1219878],[129.0420418,35.1219882],[129.0420615,35.1220252],[129.0420636,35.1220291],[129.0419385,35.1220729],[129.0418665,35.1220988]]]},"properties":{"name":"초량1-3 도시환경정비구역","type":"도시환경정비","admCode":"26170","mnum":"62600002617020170079UDT1000001001"}},{"type":"Feature","geometry":{"type":"Polygon","coordinates":[[[129.0401791,35.1228633],[129.0401703,35.1228664],[129.0400599,35.1229051],[129.0400504,35.1229084],[129.0399203,35.1229536],[129.0399057,35.1229586],[129.0398926,35.1229633],[129.0398795,35.1229687],[129.0398455,35.1229805],[129.0398116,35.1229922],[129.0397591,35.1230105],[129.0397067,35.1230288],[129.0396658,35.1230428],[129.039659,35.1230706],[129.0396983,35.1231447],[129.0397396,35.123222],[129.0397785,35.1232947],[129.0397939,35.1233228],[129.0398012,35.1233365],[129.0398415,35.1234122],[129.0398839,35.123497],[129.0399263,35.1235785],[129.0399414,35.1236068],[129.0399501,35.1236225],[129.039989,35.1236976],[129.0400012,35.1237352],[129.0400462,35.1238224],[129.0400894,35.1239035],[129.0401011,35.1239256],[129.0401203,35.1239599],[129.0401318,35.1239932],[129.0401718,35.1240682],[129.0402174,35.1241104],[129.040263,35.1241356],[129.0402916,35.1241515],[129.0403046,35.1241588],[129.0403738,35.1241966],[129.0403881,35.1242044],[129.0404564,35.1242404],[129.0405174,35.1242727],[129.0405673,35.1242991],[129.0406323,35.1243334],[129.0406718,35.1243545],[129.0407284,35.1243845],[129.0407897,35.1244176],[129.0408037,35.1244252],[129.0408269,35.1244379],[129.0409073,35.1244803],[129.0409392,35.1244973],[129.0410199,35.1245401],[129.0410692,35.124538],[129.041176,35.1245019],[129.041292,35.1244658],[129.0413661,35.1244391],[129.041402,35.1244262],[129.0414119,35.1244228],[129.041461,35.1244055],[129.0416005,35.1243552],[129.0416556,35.1243356],[129.0416782,35.1243279],[129.0416983,35.1243209],[129.0417778,35.1242931],[129.0418171,35.1242791],[129.041836,35.1242724],[129.0418827,35.1242556],[129.0419294,35.1242389],[129.041931,35.124201],[129.0418224,35.1241418],[129.0417075,35.1240791],[129.0416175,35.1240304],[129.0415079,35.1239726],[129.0415031,35.1239701],[129.0414516,35.1239427],[129.0413966,35.1239136],[129.0413413,35.1238835],[129.041289,35.1238554],[129.0412785,35.12385],[129.0411954,35.1238056],[129.0411697,35.1237917],[129.0411281,35.1237697],[129.0410447,35.1237258],[129.0410282,35.1237172],[129.0409429,35.1236732],[129.0408474,35.1236192],[129.0406897,35.1235269],[129.0406764,35.1235024],[129.0406549,35.1234657],[129.0406204,35.1233987],[129.040616,35.1233901],[129.0405958,35.1233515],[129.0405899,35.1233393],[129.0405818,35.1233241],[129.0405757,35.1233109],[129.0405706,35.1233001],[129.0405661,35.123291],[129.040553,35.1232655],[129.040542,35.123244],[129.040515,35.123191],[129.040508,35.1231776],[129.040472,35.1231082],[129.0404443,35.1230531],[129.0404132,35.1229901],[129.0403738,35.1229133],[129.0403633,35.1228943],[129.0403481,35.1228595],[129.0403317,35.1228267],[129.0403024,35.12282],[129.0402828,35.1228268],[129.0401791,35.1228633]]]},"properties":{"name":"도시환경정비구역","type":"도시환경정비","admCode":"26170","mnum":"62600002617020070086UDT1000001001"}},{"type":"Feature","geometry":{"type":"Polygon","coordinates":[[[129.0648352,35.1403368],[129.0648918,35.1402578],[129.0648677,35.140167],[129.0639342,35.1395689],[129.0638284,35.1395822],[129.0635694,35.1398572],[129.0633426,35.1400971],[129.0630184,35.1404423],[129.0630341,35.1405341],[129.0637301,35.1409712],[129.0641374,35.141234],[129.0642091,35.1412166],[129.0644997,35.1408107],[129.0646778,35.140558],[129.0648352,35.1403368]]]},"properties":{"name":"범일3 재개발사업 정비구역","type":"재개발","admCode":"26170","mnum":"62600002617020240216UDT1000001001"}},{"type":"Feature","geometry":{"type":"Polygon","coordinates":[[[129.0474255,35.1280856],[129.0475261,35.1280182],[129.0476603,35.1279294],[129.0476639,35.1278859],[129.0476218,35.1278437],[129.0475624,35.1277843],[129.0474795,35.1277013],[129.047385,35.1276062],[129.0473124,35.127533],[129.0472629,35.1274831],[129.0472358,35.1274559],[129.0471942,35.1274337],[129.0470947,35.1273803],[129.0470436,35.1273488],[129.0470352,35.1273444],[129.0469639,35.1273063],[129.0468057,35.1272213],[129.0467817,35.1272083],[129.0467162,35.1271775],[129.0466838,35.127162],[129.0466472,35.1271427],[129.0466426,35.1271408],[129.0464989,35.127068],[129.046417,35.1270689],[129.0463739,35.1270969],[129.046271,35.1271635],[129.0462611,35.1271699],[129.0460832,35.1272812],[129.0460659,35.1272922],[129.0460441,35.1273058],[129.0459977,35.1273349],[129.0459952,35.1273695],[129.046035,35.1274104],[129.046125,35.1275033],[129.0461676,35.1275469],[129.0461996,35.1275782],[129.0463118,35.1276933],[129.0463335,35.1277143],[129.0463563,35.127736],[129.046366,35.1277456],[129.0463844,35.1277632],[129.0464208,35.1277987],[129.0464436,35.1278205],[129.0465063,35.1278812],[129.0465292,35.1279052],[129.0465867,35.1279612],[129.0466046,35.1279788],[129.0466334,35.128007],[129.0466527,35.1280268],[129.0466873,35.1280602],[129.0467258,35.1281008],[129.0467337,35.1281088],[129.0467694,35.1281449],[129.0468334,35.1282121],[129.0469008,35.128282],[129.046906,35.1282875],[129.0469497,35.1283333],[129.0469759,35.128361],[129.0469857,35.1283619],[129.0470226,35.1283649],[129.0470859,35.1283218],[129.0471802,35.1282563],[129.0472379,35.1282172],[129.0472633,35.1281999],[129.0473123,35.1281665],[129.0474104,35.1280966],[129.0474255,35.1280856]]]},"properties":{"name":"도시환경정비구역","type":"도시환경정비","admCode":"26170","mnum":"62600002617020050001UDT1000001001"}},{"type":"Feature","geometry":{"type":"Polygon","coordinates":[[[129.0378212,35.1235808],[129.0378262,35.1236079],[129.0379387,35.1235664],[129.0379564,35.1235596],[129.0379992,35.1235439],[129.038032,35.1235325],[129.0381649,35.1234853],[129.0382444,35.1234564],[129.0382622,35.1234501],[129.0382962,35.123438],[129.0383366,35.1234231],[129.0384515,35.1233813],[129.0384639,35.1233774],[129.0386433,35.1233127],[129.0388382,35.1232421],[129.0388939,35.1232223],[129.0389223,35.1232119],[129.0389925,35.1231857],[129.0390358,35.1231724],[129.0391011,35.1231471],[129.0391189,35.1231403],[129.0391764,35.1231197],[129.0392316,35.1230987],[129.0392462,35.1230925],[129.0393603,35.1230484],[129.0394368,35.1230207],[129.0394424,35.1230187],[129.039444,35.1230154],[129.0394634,35.1229747],[129.03945,35.122951],[129.0394436,35.1229378],[129.0394144,35.1228842],[129.0393035,35.122671],[129.0392989,35.1226606],[129.039246,35.1225584],[129.0391918,35.1224551],[129.0391554,35.122386],[129.0391454,35.1223678],[129.0390884,35.1222597],[129.0390495,35.122187],[129.0390431,35.1221738],[129.0389965,35.1221023],[129.0389678,35.1220456],[129.0389598,35.1220285],[129.0389167,35.121944],[129.038909,35.1219287],[129.0388581,35.1219103],[129.0388411,35.1219044],[129.038786,35.1219228],[129.0387852,35.1219331],[129.0387621,35.1219412],[129.0386658,35.1219758],[129.0385913,35.1220024],[129.0385051,35.1220323],[129.0384727,35.1220437],[129.0384224,35.1220613],[129.0384006,35.1220688],[129.0383268,35.1220949],[129.0382621,35.1221179],[129.0381912,35.122143],[129.0381789,35.1221475],[129.0380938,35.122178],[129.03801,35.1222127],[129.0379817,35.122248],[129.0379556,35.1222723],[129.0379511,35.1223191],[129.0379217,35.1226213],[129.0379379,35.1226233],[129.0379328,35.1226571],[129.0379112,35.1226645],[129.0378887,35.1228764],[129.0379027,35.1228743],[129.0378967,35.1229349],[129.0378885,35.1230175],[129.0378808,35.1230945],[129.037876,35.1231389],[129.0378685,35.1232087],[129.0378603,35.1232909],[129.037864,35.1233764],[129.0378403,35.1234694],[129.0378326,35.1234998],[129.0378212,35.1235808]]]},"properties":{"name":"정비구역","type":"기타","admCode":"26170","mnum":"62600002617020220061UDT1000001001"}},{"type":"Feature","geometry":{"type":"Polygon","coordinates":[[[129.0331984,35.1150622],[129.0332013,35.1150844],[129.0332054,35.1151184],[129.0332141,35.1151386],[129.0332269,35.1151777],[129.0332368,35.1152082],[129.0332562,35.1152706],[129.0332746,35.115327],[129.0332778,35.1153441],[129.0332872,35.1153715],[129.033313,35.1154223],[129.0333302,35.1154673],[129.0333272,35.1154806],[129.0333334,35.11548],[129.0333397,35.1154961],[129.033424,35.115565],[129.0334391,35.115578],[129.0334695,35.1156014],[129.033464,35.115609],[129.0334802,35.1156209],[129.0334927,35.1156296],[129.0335699,35.1156964],[129.0335843,35.1157097],[129.0336071,35.115729],[129.0336521,35.1157672],[129.0336864,35.115796],[129.0337037,35.1158105],[129.0337025,35.1158134],[129.033779,35.1158746],[129.033822,35.1159071],[129.0338263,35.1159098],[129.0338405,35.1159151],[129.0338513,35.115908],[129.033881,35.1158887],[129.0339328,35.115855],[129.0339927,35.1158162],[129.0340261,35.1158057],[129.0341255,35.1157765],[129.0341499,35.1157659],[129.034189,35.1157504],[129.0342671,35.1157434],[129.0343303,35.1157137],[129.0344133,35.115674],[129.0344679,35.1156481],[129.0344577,35.1156297],[129.0344754,35.1156041],[129.0344956,35.1155749],[129.0345209,35.1155634],[129.0345359,35.1155512],[129.034601,35.115502],[129.034612,35.1155169],[129.0347179,35.1154636],[129.0347363,35.1154541],[129.0347469,35.1154484],[129.0347568,35.115438],[129.0347682,35.1154262],[129.0347643,35.115424],[129.0347568,35.1153533],[129.0347506,35.1153374],[129.0347323,35.1152978],[129.0347047,35.1152488],[129.0346981,35.1152362],[129.0346551,35.1151903],[129.0346431,35.1151811],[129.0345734,35.1151279],[129.0344873,35.1150662],[129.0344715,35.1150573],[129.0343912,35.1149737],[129.0342772,35.1147904],[129.0342604,35.1147627],[129.0342528,35.1147507],[129.0342419,35.1147335],[129.0342038,35.1146738],[129.0341691,35.1146175],[129.0341232,35.1145551],[129.0341029,35.1145623],[129.0338363,35.1146576],[129.033833,35.1146588],[129.0338297,35.1146599],[129.0338281,35.1146605],[129.0338264,35.114661],[129.0338248,35.1146615],[129.0338231,35.1146621],[129.0338215,35.1146626],[129.0338198,35.1146631],[129.0338181,35.1146636],[129.0338164,35.1146641],[129.0338148,35.1146646],[129.0338131,35.1146651],[129.0338114,35.1146656],[129.0338097,35.114666],[129.033808,35.1146665],[129.0338063,35.1146669],[129.0338047,35.1146674],[129.033803,35.1146678],[129.0338013,35.1146683],[129.0337996,35.1146687],[129.0337978,35.1146691],[129.0337961,35.1146695],[129.0337944,35.1146699],[129.0337927,35.1146703],[129.033791,35.1146707],[129.0337893,35.1146711],[129.0337876,35.1146714],[129.0337858,35.1146718],[129.0337841,35.1146722],[129.0337824,35.1146725],[129.0337806,35.1146728],[129.0337789,35.1146732],[129.0337772,35.1146735],[129.0337754,35.1146738],[129.0337737,35.1146741],[129.033772,35.1146744],[129.0337702,35.1146747],[129.0337685,35.114675],[129.0337667,35.1146753],[129.033765,35.1146756],[129.0337632,35.1146758],[129.0337615,35.1146761],[129.0337597,35.1146763],[129.033758,35.1146766],[129.0337562,35.1146768],[129.0337544,35.114677],[129.0337521,35.1146773],[129.0334596,35.1147112],[129.0334582,35.1147113],[129.0334568,35.1147115],[129.0334554,35.1147117],[129.033454,35.1147118],[129.0334526,35.114712],[129.0334512,35.1147121],[129.0334498,35.1147122],[129.0334484,35.1147123],[129.033447,35.1147124],[129.0334456,35.1147125],[129.0334442,35.1147126],[129.0334428,35.1147127],[129.0334414,35.1147128],[129.03344,35.1147128],[129.0334386,35.1147128],[129.0334372,35.1147129],[129.0334358,35.1147129],[129.0334344,35.1147129],[129.033433,35.1147129],[129.0334316,35.1147129],[129.0334302,35.1147129],[129.0334288,35.1147129],[129.0334274,35.1147129],[129.033426,35.1147128],[129.0334246,35.1147128],[129.0334232,35.1147127],[129.0334218,35.1147126],[129.0334204,35.1147125],[129.033419,35.1147124],[129.0334176,35.1147124],[129.0334162,35.1147122],[129.0334148,35.1147121],[129.0334134,35.114712],[129.033412,35.1147119],[129.0334106,35.1147117],[129.0334092,35.1147116],[129.0334078,35.1147114],[129.0334064,35.1147112],[129.0334051,35.114711],[129.0334037,35.1147108],[129.0334023,35.1147106],[129.0334009,35.1147104],[129.0333995,35.1147102],[129.0333982,35.1147099],[129.0333968,35.1147097],[129.0333954,35.1147094],[129.0333941,35.1147092],[129.0333927,35.1147089],[129.0333913,35.1147086],[129.03339,35.1147083],[129.0333886,35.114708],[129.0333873,35.1147077],[129.0333859,35.1147074],[129.0333846,35.1147071],[129.0333832,35.1147067],[129.0333819,35.1147064],[129.0333806,35.114706],[129.0333792,35.1147057],[129.0333779,35.1147053],[129.0333766,35.1147049],[129.0333752,35.1147045],[129.0333739,35.1147041],[129.0333726,35.1147037],[129.0333713,35.1147033],[129.03337,35.1147029],[129.0333687,35.1147024],[129.0333674,35.114702],[129.0333661,35.1147015],[129.0333648,35.114701],[129.0333636,35.1147006],[129.0333623,35.1147001],[129.033361,35.1146996],[129.0333597,35.1146991],[129.0333585,35.1146986],[129.0333572,35.1146981],[129.033356,35.1146975],[129.0333547,35.114697],[129.0333535,35.1146965],[129.0333523,35.1146959],[129.033351,35.1146954],[129.0333498,35.1146948],[129.0333486,35.1146942],[129.0333474,35.1146936],[129.0333462,35.114693],[129.033345,35.1146924],[129.0333438,35.1146918],[129.0333426,35.1146912],[129.0333414,35.1146906],[129.0333403,35.1146899],[129.0333391,35.1146893],[129.0333379,35.1146886],[129.0333368,35.114688],[129.0333356,35.1146873],[129.0333345,35.1146866],[129.0333334,35.114686],[129.0333322,35.1146853],[129.0333311,35.1146846],[129.03333,35.1146839],[129.0333289,35.1146832],[129.0333278,35.1146824],[129.0333267,35.1146817],[129.0333256,35.114681],[129.0333246,35.1146802],[129.0333235,35.1146795],[129.0333224,35.1146787],[129.0333214,35.1146779],[129.0333203,35.1146772],[129.0333193,35.1146764],[129.0333183,35.1146756],[129.0333173,35.1146748],[129.0333163,35.114674],[129.0333152,35.1146732],[129.0333143,35.1146724],[129.0333133,35.1146716],[129.0333123,35.1146707],[129.0333113,35.1146699],[129.0333104,35.1146691],[129.0333094,35.1146682],[129.0333085,35.1146674],[129.0333075,35.1146665],[129.0333066,35.1146656],[129.0333057,35.1146648],[129.0333048,35.1146639],[129.0333039,35.114663],[129.033303,35.1146621],[129.0333021,35.1146612],[129.0333012,35.1146603],[129.0333004,35.1146594],[129.0332995,35.1146585],[129.0332987,35.1146575],[129.0332979,35.1146566],[129.033297,35.1146557],[129.0332962,35.1146547],[129.0332954,35.1146538],[129.0332946,35.1146528],[129.0332938,35.1146519],[129.0332931,35.1146509],[129.0332923,35.11465],[129.0332915,35.114649],[129.0332908,35.114648],[129.0332901,35.114647],[129.0332893,35.114646],[129.0332886,35.114645],[129.0332879,35.114644],[129.0332872,35.114643],[129.0332865,35.114642],[129.0332858,35.114641],[129.0332852,35.11464],[129.0332845,35.114639],[129.0332839,35.114638],[129.0332917,35.1146925],[129.0332845,35.1148036],[129.0332251,35.1148979],[129.033216,35.114948],[129.0332019,35.1149818],[129.0332,35.115034],[129.0331984,35.1150622]]]},"properties":{"name":"영주1 정비구역","type":"기타","admCode":"26170","mnum":"62600002617020210136UDT1000001001"}},{"type":"Feature","geometry":{"type":"Polygon","coordinates":[[[129.0451661,35.1289688],[129.0451328,35.1289344],[129.0450299,35.1288335],[129.0449397,35.1287419],[129.0448296,35.1286326],[129.0447211,35.1285247],[129.0446191,35.1284218],[129.0445106,35.1283143],[129.0445092,35.128315],[129.0445052,35.128317],[129.0443994,35.1283843],[129.0443268,35.128431],[129.0443011,35.1284468],[129.0442341,35.1284893],[129.0441602,35.1285343],[129.0441455,35.1285436],[129.0441355,35.1285507],[129.0440859,35.1285825],[129.0440576,35.1285986],[129.0440397,35.1286303],[129.0439698,35.1287326],[129.0439702,35.1287411],[129.0439681,35.1288291],[129.0439666,35.1288992],[129.0439639,35.129009],[129.0439636,35.1290273],[129.0439658,35.1290519],[129.0439629,35.1291355],[129.0439616,35.1291833],[129.0439592,35.1292606],[129.0439561,35.1293436],[129.0439524,35.1295656],[129.0439966,35.1296004],[129.0441054,35.1295704],[129.0441224,35.1295658],[129.0441566,35.1295538],[129.0441687,35.1295465],[129.0442475,35.1295218],[129.0443396,35.1294954],[129.0444301,35.1294697],[129.0445211,35.1294439],[129.0445459,35.1294369],[129.0447953,35.1294377],[129.0448035,35.1294218],[129.0447828,35.1294134],[129.0447104,35.1293865],[129.0446955,35.1293307],[129.0448191,35.1292349],[129.0448697,35.1291958],[129.0451411,35.1289879],[129.0451661,35.1289688]]]},"properties":{"name":"주거환경개선정비구역","type":"주거환경개선","admCode":"26170","mnum":"62600002617020090431UDT1000001001"}},{"type":"Feature","geometry":{"type":"Polygon","coordinates":[[[129.0332966,35.123937],[129.0333165,35.1239305],[129.0333726,35.1238922],[129.0334251,35.1238679],[129.0334558,35.1238665],[129.0334913,35.1238794],[129.0335347,35.1238809],[129.0335607,35.1239077],[129.0335939,35.1239335],[129.0336001,35.1239331],[129.0336015,35.1239575],[129.0336078,35.1239607],[129.0336331,35.123977],[129.0336417,35.1239825],[129.0336629,35.1239792],[129.0336656,35.1239845],[129.0336668,35.1239926],[129.0336656,35.1240137],[129.0336638,35.1240385],[129.0336579,35.1240706],[129.033651,35.1241009],[129.0336423,35.1241228],[129.0336319,35.1241331],[129.0335931,35.1241603],[129.0335891,35.1241797],[129.0335868,35.1241912],[129.033553,35.1242154],[129.0335097,35.124246],[129.0334558,35.1242603],[129.0334432,35.1242751],[129.0334401,35.1242824],[129.0334632,35.1243396],[129.0334296,35.1244068],[129.0334223,35.1244277],[129.0334114,35.1244485],[129.0333944,35.1244834],[129.0333874,35.1244962],[129.033332,35.1245006],[129.0333288,35.1245475],[129.0333283,35.1245632],[129.0333271,35.1245979],[129.0333248,35.1246515],[129.0333126,35.1247934],[129.0333092,35.1249479],[129.0333083,35.1249785],[129.0333061,35.1250093],[129.0333061,35.125021],[129.0333028,35.1251095],[129.0332996,35.1251658],[129.0332983,35.1251933],[129.0332947,35.1252441],[129.0332946,35.1252546],[129.0332927,35.1253156],[129.0332915,35.1253471],[129.0332911,35.125376],[129.0332902,35.1253965],[129.0332876,35.1254585],[129.033285,35.1255279],[129.0332845,35.1255455],[129.0332805,35.1256255],[129.03328,35.1256553],[129.0332766,35.1257043],[129.0332751,35.1257329],[129.0332753,35.1257677],[129.0332737,35.1257982],[129.0332709,35.1258457],[129.0332702,35.1258778],[129.0332674,35.1259385],[129.0332666,35.1259487],[129.033264,35.1260131],[129.0332561,35.1260972],[129.0332521,35.1261162],[129.0332389,35.1261793],[129.0332289,35.1262166],[129.0332107,35.1262944],[129.0332076,35.1263072],[129.033197,35.1263502],[129.0331783,35.1264332],[129.0331613,35.1265067],[129.0331497,35.1265497],[129.0331344,35.126613],[129.0331091,35.126719],[129.0330876,35.126805],[129.0330812,35.1268307],[129.0331881,35.1269092],[129.0332811,35.127004],[129.0348399,35.127869],[129.0349536,35.1277834],[129.0356602,35.1272563],[129.0355783,35.1269578],[129.0356527,35.1266976],[129.0360614,35.1266684],[129.036112,35.1266416],[129.0361381,35.1265882],[129.0362231,35.1264098],[129.036058,35.1263096],[129.036033,35.1262945],[129.0360134,35.1262825],[129.0359076,35.126218],[129.0358769,35.1262064],[129.0357405,35.1262076],[129.0355652,35.1262072],[129.0354782,35.1262071],[129.0353387,35.1262066],[129.0352084,35.1262069],[129.035059,35.1262066],[129.0349508,35.1261769],[129.0349245,35.1261666],[129.0348776,35.1261465],[129.0348519,35.1261339],[129.0347637,35.125988],[129.0347594,35.1259706],[129.0347502,35.1259199],[129.0347442,35.1258203],[129.0347043,35.1255863],[129.0346717,35.1254036],[129.034635,35.1250791],[129.0346343,35.1250692],[129.034633,35.1250605],[129.0346318,35.1250241],[129.0346168,35.1248827],[129.0345976,35.1247137],[129.0345924,35.1246908],[129.0345913,35.1246185],[129.034595,35.1245099],[129.0345983,35.1244474],[129.0345982,35.1244273],[129.0345976,35.1244108],[129.0346399,35.1242791],[129.0346423,35.1242681],[129.0346465,35.1242563],[129.0346829,35.1241516],[129.0347133,35.1240685],[129.0347226,35.1240435],[129.0347345,35.123999],[129.0347524,35.1239074],[129.0347559,35.1238896],[129.0347564,35.1238673],[129.0347684,35.1238133],[129.0347796,35.1237444],[129.0347792,35.1237398],[129.0347789,35.1237276],[129.0347817,35.1236973],[129.0347895,35.1236176],[129.0347886,35.1235969],[129.0347893,35.1235913],[129.0347887,35.1235161],[129.0347845,35.1234651],[129.0347804,35.1234336],[129.0347737,35.1234067],[129.034768,35.1233838],[129.0347025,35.1232375],[129.0346581,35.1231662],[129.0346028,35.1230794],[129.0345933,35.1230638],[129.0345185,35.1229606],[129.0344936,35.1229285],[129.0344148,35.1228263],[129.0343375,35.1227276],[129.034321,35.1227133],[129.0343004,35.1226819],[129.0342574,35.1226389],[129.0341809,35.122575],[129.0341357,35.1225406],[129.0340356,35.122469],[129.0339433,35.122402],[129.0338716,35.1223501],[129.0337839,35.12229],[129.03373,35.122249],[129.0336703,35.1222067],[129.0335466,35.1221068],[129.0335274,35.1220904],[129.033511,35.1220748],[129.0334839,35.1220334],[129.0334254,35.1219284],[129.0334237,35.1219565],[129.0334238,35.1221525],[129.0334431,35.1221866],[129.0333587,35.1222441],[129.0331817,35.1223732],[129.0330015,35.1225019],[129.0329962,35.122555],[129.0329899,35.122705],[129.0329861,35.1227685],[129.032983,35.1228648],[129.0330684,35.1229086],[129.0330937,35.1230174],[129.0331025,35.1230567],[129.0331101,35.1230918],[129.0331394,35.1231065],[129.0332027,35.1231394],[129.0332091,35.123143],[129.0332429,35.1231605],[129.033271,35.1232154],[129.0330647,35.1233681],[129.0330966,35.1234469],[129.0331321,35.123534],[129.0331391,35.1235533],[129.033154,35.1235897],[129.0331818,35.1236595],[129.0331949,35.1236881],[129.033206,35.1237126],[129.0332173,35.1237424],[129.0332471,35.1238096],[129.0332519,35.1238263],[129.0332722,35.1238818],[129.0332807,35.1238976],[129.0332962,35.1239361],[129.0332966,35.123937]]]},"properties":{"name":"주택재개발 정비구역","type":"재개발","admCode":"26170","mnum":"62600002617020080109UDT1000002002"}},{"type":"Feature","geometry":{"type":"Polygon","coordinates":[[[129.0354109,35.1257436],[129.0354116,35.1257422],[129.0353126,35.125759],[129.0352071,35.1257755],[129.035149,35.1257846],[129.035212,35.125664],[129.0352202,35.1256485],[129.0352419,35.1256129],[129.0352526,35.1255795],[129.0352903,35.125478],[129.0353292,35.1253613],[129.0353604,35.1253078],[129.0353732,35.125286],[129.0353959,35.1252438],[129.0354696,35.1251731],[129.0355073,35.1251337],[129.0356214,35.1250566],[129.0356893,35.1250207],[129.0357065,35.1250139],[129.0357759,35.1249865],[129.0359395,35.1249305],[129.0359608,35.1249186],[129.0360221,35.1248752],[129.0361095,35.124812],[129.0362702,35.1246879],[129.0363417,35.1246317],[129.0364476,35.1245594],[129.0365906,35.1244413],[129.0366195,35.1244335],[129.0367382,35.1243967],[129.0368506,35.1243623],[129.0369285,35.1243561],[129.0369415,35.1243593],[129.0368275,35.1242428],[129.0368481,35.1242153],[129.0368661,35.124101],[129.0368932,35.1240065],[129.0368905,35.1239827],[129.036908,35.1238645],[129.0369443,35.123826],[129.0369494,35.1237539],[129.0369723,35.1237539],[129.0369977,35.1237105],[129.0370066,35.1237152],[129.0371257,35.1236614],[129.0371369,35.1236544],[129.0373111,35.123663],[129.0374406,35.1236807],[129.0375382,35.1236993],[129.0376179,35.1236999],[129.0376298,35.1237064],[129.037646,35.1237153],[129.0376548,35.1236659],[129.0374694,35.1236398],[129.0374529,35.1236215],[129.0373973,35.1235426],[129.0373053,35.1234116],[129.0372544,35.1233391],[129.0372258,35.1232979],[129.0371642,35.1232105],[129.0371538,35.1231964],[129.0371057,35.1231298],[129.0370278,35.1230215],[129.0369983,35.1229845],[129.0369372,35.1228873],[129.0368759,35.1228019],[129.0368682,35.1227906],[129.0368208,35.1227254],[129.0368053,35.122704],[129.0367641,35.1226469],[129.036704,35.1225589],[129.0366455,35.1224734],[129.0366341,35.122454],[129.0366002,35.1224211],[129.0364414,35.1222888],[129.0363277,35.1221938],[129.036257,35.1221547],[129.0362222,35.1221358],[129.0361502,35.1221138],[129.0360351,35.1220951],[129.0359811,35.122084],[129.0359336,35.1220715],[129.0359053,35.1220606],[129.0358176,35.1220259],[129.0357652,35.1219901],[129.0357463,35.1219668],[129.0356838,35.1219907],[129.0356531,35.1220665],[129.0356496,35.1220757],[129.0356461,35.1220849],[129.0356158,35.1221591],[129.0355742,35.1222624],[129.0355638,35.1222881],[129.0355356,35.1223262],[129.0354994,35.1223738],[129.0354274,35.1224683],[129.0354184,35.1224802],[129.0353831,35.1225263],[129.0353323,35.1225909],[129.0353198,35.122605],[129.0352995,35.122627],[129.0352473,35.1226826],[129.0352269,35.1227044],[129.0351072,35.122832],[129.0350279,35.1229165],[129.035016,35.1229292],[129.0349126,35.1230303],[129.0348065,35.123134],[129.0348201,35.1231664],[129.034823,35.1231705],[129.0347256,35.1232291],[129.0347025,35.1232375],[129.034768,35.1233838],[129.0347737,35.1234067],[129.0347804,35.1234336],[129.0347845,35.1234651],[129.0347887,35.1235161],[129.0347893,35.1235913],[129.0347886,35.1235969],[129.0347895,35.1236176],[129.0347817,35.1236973],[129.0347789,35.1237276],[129.0347792,35.1237398],[129.0347796,35.1237444],[129.0347684,35.1238133],[129.0347564,35.1238673],[129.0347559,35.1238896],[129.0347524,35.1239074],[129.0347345,35.123999],[129.0347226,35.1240435],[129.0347133,35.1240685],[129.0346829,35.1241516],[129.0346465,35.1242563],[129.0346423,35.1242681],[129.0346399,35.1242791],[129.0345976,35.1244108],[129.0345982,35.1244273],[129.0345983,35.1244474],[129.034595,35.1245099],[129.0345913,35.1246185],[129.0345924,35.1246908],[129.0345976,35.1247137],[129.0346168,35.1248827],[129.0346318,35.1250241],[129.034633,35.1250605],[129.0346343,35.1250692],[129.034635,35.1250791],[129.0346717,35.1254036],[129.0347043,35.1255863],[129.0347442,35.1258203],[129.0347502,35.1259199],[129.0347594,35.1259706],[129.0347637,35.125988],[129.0348519,35.1261339],[129.0348776,35.1261465],[129.0349245,35.1261666],[129.0349279,35.1261679],[129.0348891,35.1261121],[129.0349002,35.126112],[129.0351307,35.1260915],[129.0352831,35.1260783],[129.0353265,35.1260741],[129.0356867,35.1260278],[129.0357415,35.1260196],[129.0358551,35.1260021],[129.0358907,35.1259995],[129.0359974,35.1259923],[129.0360847,35.1259863],[129.0361798,35.12598],[129.0364809,35.1259694],[129.0365057,35.1259685],[129.0365172,35.1259667],[129.036545,35.1259664],[129.0365619,35.1259661],[129.0367867,35.1259579],[129.0368493,35.1259515],[129.0368822,35.1259505],[129.0369968,35.125946],[129.0370617,35.1259577],[129.0371116,35.1259671],[129.0371289,35.1259725],[129.0372594,35.1260144],[129.037271,35.1260183],[129.0373593,35.1260462],[129.0374455,35.1260698],[129.037465,35.1260736],[129.037503,35.1260807],[129.0376164,35.1261417],[129.0376213,35.1261443],[129.0376352,35.1260908],[129.0377097,35.1258039],[129.0377309,35.1256863],[129.0377584,35.1256233],[129.0377652,35.1256067],[129.0374786,35.1255949],[129.037385,35.1255824],[129.0372543,35.1255652],[129.0371689,35.1255728],[129.0369068,35.1255939],[129.0368532,35.1255915],[129.0367683,35.1255985],[129.0367316,35.125599],[129.0366824,35.1256155],[129.0365469,35.1256232],[129.0362567,35.1256315],[129.0362419,35.1256312],[129.0359348,35.1256461],[129.0355869,35.125686],[129.0354109,35.1257436]]]},"properties":{"name":"주거환경개선정비구역","type":"주거환경개선","admCode":"26170","mnum":"62600002617020080112UDT1000001001"}},{"type":"Feature","geometry":{"type":"Polygon","coordinates":[[[129.0481071,35.1386147],[129.0481411,35.1386732],[129.0481619,35.1387107],[129.0481937,35.1387708],[129.048222,35.1388246],[129.0482195,35.1388401],[129.0482165,35.1388573],[129.0482234,35.1388747],[129.0482399,35.1389008],[129.0482448,35.138909],[129.0482768,35.1389613],[129.0482869,35.1389776],[129.0483019,35.1390022],[129.0483312,35.1390394],[129.0483371,35.1390461],[129.048409,35.1391304],[129.0484414,35.139167],[129.0484612,35.1391897],[129.0485126,35.1392518],[129.0485632,35.1393122],[129.04858,35.1393329],[129.0486204,35.1394122],[129.0486413,35.1394591],[129.0487084,35.1396073],[129.0487471,35.1396851],[129.0487984,35.1397879],[129.0488628,35.1399127],[129.0488711,35.1399078],[129.0488716,35.1399102],[129.0488749,35.139963],[129.0488826,35.1399781],[129.048914,35.1400164],[129.0489188,35.1400219],[129.0489331,35.1400362],[129.0489406,35.1400438],[129.0489889,35.1400786],[129.0489917,35.1400809],[129.0490233,35.1401014],[129.0490367,35.1401026],[129.0490714,35.1401057],[129.0490923,35.140106],[129.0491306,35.1401052],[129.0491765,35.1401018],[129.0492873,35.1400551],[129.0493343,35.1400188],[129.0493406,35.1400126],[129.0493457,35.1400074],[129.0493987,35.139954],[129.0494073,35.1399454],[129.0494513,35.1399031],[129.0494729,35.1398871],[129.0495334,35.1398397],[129.0495814,35.1398022],[129.0496139,35.1397838],[129.0496434,35.139766],[129.0496542,35.1397633],[129.0496701,35.1397564],[129.0496962,35.1397508],[129.0497236,35.1397491],[129.0497576,35.1397509],[129.0497571,35.13975],[129.0497192,35.139683],[129.0497109,35.1396752],[129.049659,35.1395046],[129.049669,35.1394966],[129.0496873,35.1394839],[129.0496807,35.1393778],[129.0496746,35.1393159],[129.0496339,35.1392605],[129.0496458,35.1392423],[129.0496405,35.1392431],[129.0496636,35.1392195],[129.0496792,35.1391972],[129.0496817,35.1391574],[129.049722,35.1391354],[129.0497827,35.1390725],[129.0498082,35.1389901],[129.0497813,35.1389074],[129.0497335,35.1388111],[129.0497095,35.1387626],[129.0497172,35.1387603],[129.0497595,35.1387477],[129.0497812,35.1387463],[129.04981,35.138744],[129.0498321,35.138739],[129.0498813,35.1387206],[129.049913,35.1387085],[129.0499158,35.1387115],[129.0499274,35.1387072],[129.0499823,35.1386881],[129.0499617,35.1385988],[129.0499665,35.1385836],[129.049979,35.1385436],[129.0500066,35.1385489],[129.0500542,35.1385434],[129.0501056,35.1385526],[129.0500925,35.1385399],[129.0500513,35.1385353],[129.0500122,35.1384987],[129.0499855,35.1384738],[129.049963,35.1384489],[129.0499516,35.1384366],[129.0499317,35.13839],[129.0499369,35.1383732],[129.0499407,35.1383428],[129.0499591,35.1383089],[129.0499713,35.1383183],[129.050031,35.1383708],[129.0500793,35.1384141],[129.0500827,35.1384305],[129.0501037,35.1384371],[129.0501265,35.1384635],[129.0502256,35.1385282],[129.0502888,35.1385704],[129.0502965,35.1385684],[129.050318,35.1385847],[129.0503325,35.1385963],[129.050329,35.1385993],[129.050342,35.1386407],[129.050366,35.1386748],[129.0503838,35.1386961],[129.0503983,35.1387125],[129.0504529,35.1387746],[129.0504941,35.1388206],[129.0505041,35.138832],[129.0505526,35.1388885],[129.0506296,35.1389759],[129.0506485,35.1389976],[129.0507125,35.1390657],[129.0507352,35.1390946],[129.0507549,35.1391194],[129.0507935,35.1392029],[129.0508103,35.1392497],[129.0508373,35.1393279],[129.0508571,35.1393742],[129.0508633,35.1393889],[129.050894,35.1394613],[129.0509321,35.1395183],[129.0510247,35.139573],[129.0511265,35.1396506],[129.0511458,35.1396756],[129.0511807,35.1397149],[129.0512065,35.1397289],[129.0512819,35.139773],[129.0513486,35.1398104],[129.0513548,35.1398146],[129.051369,35.1398227],[129.0514393,35.1398631],[129.0514576,35.1398738],[129.0515239,35.1399127],[129.051671,35.1399993],[129.0516984,35.1400169],[129.0517212,35.1400306],[129.0517409,35.1400415],[129.0517986,35.1400758],[129.0518329,35.1400963],[129.0519613,35.1401726],[129.0519801,35.1401835],[129.0520073,35.1401996],[129.052046,35.140221],[129.0520857,35.140244],[129.0520978,35.1402497],[129.0521683,35.1402902],[129.0522796,35.1403529],[129.0523523,35.1403943],[129.0524179,35.1404261],[129.0525185,35.1404612],[129.0525263,35.1404636],[129.0525887,35.1404689],[129.0526442,35.1404631],[129.0526703,35.1404575],[129.0526901,35.1404526],[129.0526968,35.1404515],[129.0527321,35.1404464],[129.0527548,35.1404372],[129.0527859,35.1404203],[129.052803,35.1404058],[129.0528669,35.1403338],[129.052874,35.1403165],[129.0528956,35.1402881],[129.0529046,35.1402734],[129.0529148,35.1402476],[129.0529176,35.1402282],[129.0529245,35.1401881],[129.0529261,35.1401774],[129.0529258,35.1401664],[129.0529255,35.140109],[129.0529254,35.1400871],[129.0529254,35.1399951],[129.0529259,35.1399845],[129.0529256,35.1399712],[129.0529258,35.1399117],[129.0529267,35.1399002],[129.0529384,35.1396738],[129.0529359,35.1396655],[129.0529387,35.1396581],[129.0529318,35.1396559],[129.0529325,35.139641],[129.0529344,35.139608],[129.052938,35.1395668],[129.0529437,35.139546],[129.0529487,35.1394852],[129.0529527,35.1393946],[129.0529564,35.139328],[129.052965,35.1392789],[129.052971,35.1392567],[129.0529756,35.1392369],[129.0529879,35.1392018],[129.0530066,35.1391609],[129.0530227,35.1391328],[129.0530333,35.1391141],[129.0530484,35.1390909],[129.0530752,35.13906],[129.0530592,35.1390361],[129.0530909,35.1390166],[129.0531991,35.1389215],[129.0532121,35.1389049],[129.0532296,35.1388844],[129.0532466,35.1388714],[129.0536135,35.1388324],[129.0536858,35.1388683],[129.0535036,35.1390119],[129.053526,35.1390142],[129.0536808,35.139027],[129.0536939,35.1390283],[129.0537041,35.1390553],[129.0537293,35.1390769],[129.0537653,35.1390925],[129.0537788,35.1390976],[129.0539508,35.1391097],[129.0539681,35.1391108],[129.0541045,35.1390754],[129.0541413,35.1390738],[129.0542111,35.1390709],[129.0542321,35.1390703],[129.054334,35.1390081],[129.0543671,35.1390024],[129.0543738,35.1389392],[129.0543599,35.1388948],[129.0543425,35.1388567],[129.0543373,35.1388581],[129.054277,35.1388753],[129.0542629,35.138865],[129.0542626,35.1388544],[129.0542576,35.1388414],[129.0542377,35.1388384],[129.0542325,35.1388406],[129.0542162,35.1388204],[129.0541504,35.1387025],[129.0541454,35.1385961],[129.0541454,35.1385878],[129.0541482,35.1385472],[129.05418,35.1385372],[129.0542266,35.1384849],[129.0542806,35.1384802],[129.0542717,35.138448],[129.0543252,35.1384372],[129.0543604,35.1384302],[129.0543803,35.138426],[129.0544745,35.1384083],[129.0544483,35.1382644],[129.0544304,35.1381672],[129.0544026,35.1381686],[129.054367,35.1381536],[129.0543756,35.1381507],[129.0543739,35.1381288],[129.0543732,35.1381131],[129.0542297,35.1380512],[129.0542174,35.1380224],[129.0542243,35.1379024],[129.0542424,35.1378101],[129.0542813,35.1377583],[129.0542908,35.1377165],[129.0544053,35.137547],[129.05443,35.1374498],[129.054441,35.1374075],[129.0544721,35.1373294],[129.0544381,35.1373367],[129.0543883,35.1373504],[129.0543762,35.1373539],[129.0543506,35.1373491],[129.0543293,35.1373524],[129.0543115,35.1373507],[129.0542808,35.1373479],[129.0542757,35.1373474],[129.0542664,35.1373444],[129.0542003,35.1373571],[129.0541068,35.1373741],[129.0541151,35.1373888],[129.0540418,35.1375213],[129.0539894,35.1376133],[129.0539847,35.1376246],[129.053924,35.1377319],[129.0539162,35.137745],[129.0539083,35.1377612],[129.0538622,35.1378578],[129.0538262,35.1379629],[129.0537979,35.137968],[129.0537912,35.1379689],[129.0537913,35.1379885],[129.0537942,35.1380989],[129.0537238,35.1381032],[129.0536875,35.1380082],[129.0536647,35.1379448],[129.0536498,35.1379027],[129.053573,35.1379195],[129.0534642,35.137943],[129.05345,35.1379472],[129.0534686,35.1380156],[129.053362,35.1380308],[129.0533582,35.1380254],[129.0533332,35.1380223],[129.0533056,35.1379738],[129.0532958,35.1379731],[129.0532942,35.1379408],[129.0532691,35.1379006],[129.0532672,35.1379045],[129.0532596,35.1379369],[129.0531931,35.1382213],[129.0529285,35.1382611],[129.052918,35.1382557],[129.0527611,35.1381731],[129.0520782,35.1382142],[129.0520417,35.1382038],[129.0519816,35.1382053],[129.0519751,35.1382],[129.0519549,35.138206],[129.0518704,35.1382052],[129.0518588,35.13824],[129.0518446,35.1382432],[129.0518534,35.1382803],[129.0519394,35.1383003],[129.0520364,35.1383151],[129.0520391,35.1383782],[129.0520609,35.1384549],[129.0520678,35.1384822],[129.0519983,35.1384568],[129.0519266,35.1384721],[129.0519202,35.1384528],[129.0518448,35.138414],[129.0518262,35.1384037],[129.0517917,35.1383713],[129.0517611,35.1383165],[129.0517366,35.1382853],[129.0516952,35.1382634],[129.0516672,35.1382684],[129.0514883,35.1383222],[129.0514721,35.1383413],[129.0512791,35.1382261],[129.051232,35.1382405],[129.0509726,35.13817],[129.0509354,35.1381646],[129.050873,35.1381408],[129.0508701,35.1381474],[129.050815,35.1381283],[129.0508026,35.138124],[129.050805,35.138119],[129.0507686,35.1381118],[129.0507698,35.1381042],[129.0507438,35.1381038],[129.050746,35.1381018],[129.0507144,35.138077],[129.0506086,35.137995],[129.0505058,35.1379153],[129.0503945,35.1378295],[129.0503789,35.1378179],[129.0502925,35.13775],[129.0502761,35.1377374],[129.0502795,35.137693],[129.0502699,35.1376739],[129.0502604,35.1376523],[129.0502215,35.1376081],[129.0501914,35.1375605],[129.0501485,35.1374902],[129.0501185,35.1374424],[129.0500847,35.1373881],[129.0500462,35.1373313],[129.0500244,35.1372989],[129.0500129,35.1372825],[129.0500005,35.1372625],[129.0499952,35.1372528],[129.0499642,35.1372323],[129.0499017,35.1371841],[129.0498171,35.1371627],[129.0497927,35.137171],[129.0497907,35.1371779],[129.0497895,35.1371982],[129.0497717,35.137221],[129.0497638,35.1372311],[129.0497421,35.137259],[129.0497326,35.1372712],[129.0497104,35.1374057],[129.0497076,35.1374131],[129.0496666,35.1375126],[129.0496814,35.1375693],[129.049685,35.1375834],[129.0496899,35.1376021],[129.0496613,35.1376453],[129.0496613,35.1376455],[129.0496581,35.1376444],[129.0496412,35.137639],[129.0496434,35.1376504],[129.0496486,35.13769],[129.0496554,35.1376989],[129.0496604,35.1377072],[129.0496538,35.1377257],[129.0496355,35.1377599],[129.0495963,35.1378502],[129.0495892,35.1378647],[129.0495438,35.1379757],[129.0495252,35.1380246],[129.0495053,35.1380692],[129.0494797,35.1381126],[129.049465,35.1381323],[129.0494067,35.1382073],[129.0493892,35.1382277],[129.0493148,35.1382808],[129.0492481,35.1383278],[129.0492126,35.1383764],[129.0492089,35.1383816],[129.0491959,35.1383966],[129.0491223,35.1384824],[129.0490903,35.1385167],[129.04908,35.1385278],[129.0489744,35.1385564],[129.0489441,35.1385644],[129.0489204,35.1385792],[129.04891,35.1385859],[129.0488794,35.1386047],[129.0488679,35.1386114],[129.0487928,35.1386303],[129.0487838,35.1386321],[129.0487274,35.1386375],[129.0487027,35.1386414],[129.0486285,35.1386533],[129.0485462,35.1386533],[129.0484775,35.1386443],[129.0484572,35.1386406],[129.0483843,35.1386341],[129.0483044,35.1386247],[129.0481438,35.1385899],[129.0481252,35.1386114],[129.0481071,35.1386147]]]},"properties":{"name":"주거환경개선정비구역","type":"주거환경개선","admCode":"26170","mnum":"62600002617020170393UDT1000077000"}},{"type":"Feature","geometry":{"type":"Polygon","coordinates":[[[129.0493682,35.1316326],[129.0493491,35.131656],[129.0493232,35.131688],[129.0493113,35.1317079],[129.0492818,35.1317593],[129.0492779,35.1317656],[129.0492716,35.1317763],[129.0492463,35.1317753],[129.0492438,35.1317887],[129.0492415,35.1318015],[129.0492473,35.1318714],[129.0492341,35.1318691],[129.0492357,35.1318857],[129.0492454,35.1319032],[129.0492469,35.131918],[129.0492404,35.1319656],[129.0492376,35.1320156],[129.0492331,35.132054],[129.0490562,35.1320923],[129.0490133,35.1320996],[129.0489598,35.1321087],[129.0489595,35.1321162],[129.0489491,35.1321214],[129.0489317,35.1321299],[129.0489085,35.1321466],[129.0488882,35.1321613],[129.0488666,35.1321292],[129.0488269,35.132138],[129.0488383,35.1321729],[129.048862,35.1321839],[129.048903,35.1322607],[129.0489209,35.1322943],[129.0489477,35.1323447],[129.0489491,35.1323473],[129.0489538,35.1323602],[129.0489579,35.1323718],[129.0489603,35.1323764],[129.0489961,35.1324443],[129.0490006,35.1324529],[129.0490044,35.13246],[129.0490297,35.1324564],[129.0490377,35.1324553],[129.0491108,35.1324472],[129.0491526,35.1324581],[129.0491637,35.132461],[129.0491662,35.1324617],[129.0491786,35.1324651],[129.0491906,35.1324714],[129.0492233,35.1324898],[129.0492371,35.1324977],[129.0492473,35.1325085],[129.0493213,35.1325923],[129.0493266,35.1326015],[129.0493896,35.1327113],[129.0493956,35.1327216],[129.0493981,35.132726],[129.0494053,35.1327383],[129.0494578,35.1328211],[129.0494735,35.1328467],[129.0494824,35.1328643],[129.0494942,35.1328754],[129.0495191,35.1328985],[129.0495732,35.1329205],[129.0495924,35.1329251],[129.049623,35.1329304],[129.049625,35.1329308],[129.0496431,35.1329298],[129.0496508,35.1329293],[129.0496668,35.1329261],[129.0496841,35.1329251],[129.0496889,35.1329248],[129.049716,35.1329147],[129.0497823,35.1328784],[129.049807,35.1328548],[129.0498348,35.1328233],[129.0499894,35.13271],[129.0499805,35.1327206],[129.0500221,35.1326969],[129.0500445,35.1326869],[129.0500763,35.1326777],[129.050112,35.1326634],[129.0501422,35.1326573],[129.050132,35.1326293],[129.0501208,35.1326313],[129.0501291,35.1326387],[129.050062,35.1326527],[129.0500807,35.1326401],[129.050087,35.132635],[129.0500514,35.1326287],[129.0500457,35.1326275],[129.0500906,35.13259],[129.0500934,35.132573],[129.0500692,35.1325154],[129.050057,35.1325116],[129.0500443,35.1325077],[129.0499945,35.1324923],[129.0500004,35.1324392],[129.0500076,35.1324386],[129.0500007,35.1323489],[129.0499933,35.1322542],[129.0499728,35.1322441],[129.0499441,35.1322301],[129.0499263,35.1322124],[129.0499155,35.1321965],[129.049849,35.1322337],[129.0498409,35.1322254],[129.0498444,35.1322193],[129.0498602,35.132171],[129.0498873,35.1321194],[129.0498948,35.1321294],[129.0499138,35.1321297],[129.0499118,35.1321222],[129.0499959,35.1320967],[129.0500633,35.1321603],[129.0500969,35.1321394],[129.0501198,35.1321252],[129.050125,35.1321183],[129.0501449,35.1320922],[129.0501546,35.1320795],[129.0501867,35.1320565],[129.0501961,35.1320497],[129.0501854,35.1320423],[129.0502158,35.1320155],[129.0502184,35.1319772],[129.0502385,35.1319491],[129.0502232,35.1319463],[129.0501718,35.1319369],[129.0501775,35.1319085],[129.0501879,35.1318922],[129.05019,35.1318522],[129.050201,35.1318219],[129.0502294,35.1317964],[129.0502538,35.1317726],[129.0502539,35.1317716],[129.0502546,35.131771],[129.0502628,35.1317164],[129.0502625,35.1317129],[129.0502582,35.1316548],[129.0502669,35.1316216],[129.0502671,35.1316208],[129.0502721,35.1315978],[129.0502959,35.1315602],[129.0503247,35.1315309],[129.0503602,35.1315027],[129.050342,35.1314853],[129.0500665,35.1312109],[129.0500079,35.131183],[129.0499257,35.1311454],[129.0498805,35.1311245],[129.0498353,35.1311031],[129.0498125,35.1310923],[129.0497884,35.1310808],[129.049783,35.1310783],[129.0496124,35.1309976],[129.049576,35.1309802],[129.0494583,35.130925],[129.0494174,35.1309056],[129.0493861,35.1308906],[129.0492707,35.1308357],[129.0492689,35.1308374],[129.049249,35.1308578],[129.0492243,35.1308828],[129.049197,35.1309318],[129.0491757,35.130969],[129.0491518,35.1310098],[129.0491378,35.1310341],[129.0490585,35.1311575],[129.0490184,35.1312298],[129.0489674,35.1312828],[129.0489549,35.1312954],[129.0489476,35.1313027],[129.0489458,35.1313046],[129.048862,35.1313895],[129.048853,35.1313987],[129.048843,35.1314142],[129.0489236,35.1313931],[129.0489418,35.1313804],[129.0491261,35.1314479],[129.0492792,35.131504],[129.0492929,35.1315097],[129.0493926,35.1315522],[129.0494304,35.1315683],[129.04944,35.1315731],[129.0494514,35.131583],[129.0494595,35.1315916],[129.0494391,35.1316279],[129.0494214,35.1316502],[129.0493682,35.1316326]]]},"properties":{"name":"좌천2 주거환경개선구역","type":"주거환경개선","admCode":"26170","mnum":"62600002617020240198UDT1000001001"}},{"type":"Feature","geometry":{"type":"Polygon","coordinates":[[[129.0376934,35.1242452],[129.0378325,35.1242741],[129.038185,35.1246205],[129.0381993,35.1246345],[129.0382042,35.1246336],[129.0382464,35.1246772],[129.0383187,35.1246206],[129.0384081,35.1246147],[129.038433,35.1246177],[129.0384497,35.1246193],[129.0384561,35.1246524],[129.0384654,35.1246948],[129.0385223,35.1246588],[129.0385318,35.1246528],[129.0385474,35.124643],[129.0385651,35.1246318],[129.0385634,35.1246217],[129.038629,35.1245825],[129.0386562,35.1245684],[129.038685,35.124555],[129.0386938,35.1245488],[129.0387135,35.1245347],[129.0387518,35.1245237],[129.0387672,35.1245165],[129.0388003,35.1245011],[129.0388588,35.1244525],[129.0388685,35.1244444],[129.0389612,35.1243672],[129.0390003,35.1243508],[129.0390329,35.1243264],[129.0390878,35.1242855],[129.0391609,35.1242306],[129.0392029,35.1241991],[129.0392343,35.1241752],[129.0392587,35.1241564],[129.0393636,35.124078],[129.0393797,35.1240747],[129.0394495,35.1240573],[129.0394666,35.1240531],[129.0394913,35.1240455],[129.0395578,35.1240366],[129.0396155,35.1240293],[129.0396712,35.1240215],[129.0399788,35.1239865],[129.039965,35.1239525],[129.0399346,35.1238773],[129.039903,35.123818],[129.0398851,35.123785],[129.0398459,35.1237136],[129.0398404,35.1236871],[129.0397965,35.1236063],[129.0397904,35.1235933],[129.0397289,35.1234799],[129.0396967,35.1234178],[129.0396725,35.1233725],[129.0396477,35.1233262],[129.0396301,35.1232914],[129.0396119,35.1232549],[129.0395833,35.1231994],[129.0395761,35.123186],[129.0395725,35.1231794],[129.0395305,35.1231021],[129.0394634,35.1229747],[129.0394604,35.122981],[129.039444,35.1230154],[129.0394424,35.1230187],[129.0394368,35.1230207],[129.0393603,35.1230484],[129.0393163,35.1230654],[129.039284,35.1230779],[129.039255,35.1230891],[129.0392462,35.1230925],[129.0392316,35.1230987],[129.039231,35.1230989],[129.0391764,35.1231197],[129.0391189,35.1231403],[129.0391011,35.1231471],[129.0390358,35.1231724],[129.0389924,35.1231857],[129.0389223,35.1232119],[129.0388939,35.1232223],[129.0388382,35.1232421],[129.0386433,35.1233127],[129.0384639,35.1233774],[129.0384515,35.1233813],[129.0383366,35.1234231],[129.0382962,35.123438],[129.0382622,35.1234501],[129.0382444,35.1234564],[129.0381649,35.1234853],[129.038032,35.1235325],[129.0379992,35.1235439],[129.0379564,35.1235596],[129.0379387,35.1235664],[129.0378262,35.1236079],[129.0378283,35.1236308],[129.0378149,35.1236503],[129.0378127,35.1236744],[129.0378117,35.1236844],[129.0378053,35.1237643],[129.0377965,35.1238388],[129.0377818,35.1238698],[129.037776,35.1238853],[129.0377752,35.1238908],[129.0377651,35.123941],[129.0377521,35.124006],[129.0377445,35.1240441],[129.0377444,35.1240446],[129.0377444,35.1240447],[129.0377314,35.1240746],[129.0376946,35.1241598],[129.0377282,35.1241676],[129.0377229,35.1241872],[129.0376934,35.1242452]]]},"properties":{"name":"주택재개발정비구역","type":"재개발","admCode":"26170","mnum":"62600002617020210289UDT1000001001"}},{"type":"Feature","geometry":{"type":"Polygon","coordinates":[[[129.04851,35.1366933],[129.0486055,35.13667],[129.0486437,35.1366603],[129.0486582,35.1366587],[129.0486639,35.136657],[129.0486626,35.1366534],[129.0486596,35.1366447],[129.0486566,35.136636],[129.0486534,35.1366274],[129.0486502,35.1366188],[129.048647,35.1366102],[129.0486437,35.1366016],[129.0486403,35.136593],[129.0486369,35.1365844],[129.0486334,35.1365759],[129.0486298,35.1365674],[129.0486262,35.1365589],[129.0486225,35.1365504],[129.0486188,35.1365419],[129.0486129,35.1365286],[129.0485733,35.1364366],[129.0485355,35.1363456],[129.0484997,35.1362759],[129.0484286,35.1361724],[129.0484267,35.1361696],[129.0484211,35.1361618],[129.0484154,35.1361541],[129.0484095,35.1361465],[129.0484035,35.136139],[129.0483972,35.1361316],[129.0483908,35.1361243],[129.0483842,35.1361171],[129.0483774,35.13611],[129.0483705,35.136103],[129.0483634,35.1360961],[129.0483561,35.1360894],[129.0483487,35.1360827],[129.0483411,35.1360762],[129.0483334,35.1360698],[129.0483255,35.1360636],[129.0483174,35.1360574],[129.0483119,35.1360533],[129.0482869,35.1360323],[129.0482402,35.1359965],[129.0482202,35.1359858],[129.048171,35.1359585],[129.0481318,35.1359361],[129.0480789,35.1359057],[129.048072,35.1359013],[129.048,35.13586],[129.047956,35.1358272],[129.0478742,35.1357489],[129.0478497,35.1357158],[129.0478066,35.1356526],[129.0477586,35.1355543],[129.0477542,35.1355452],[129.0477189,35.1354735],[129.0477165,35.1354581],[129.0477137,35.1354323],[129.0477041,35.1353942],[129.047687,35.1353189],[129.0476644,35.135249],[129.0476555,35.1352302],[129.0476507,35.1352202],[129.0476076,35.1351738],[129.0475826,35.1351385],[129.0475473,35.1351072],[129.0475111,35.135075],[129.0474519,35.1350232],[129.0473875,35.1350077],[129.0473899,35.135007],[129.0473795,35.1349958],[129.0473423,35.1349275],[129.0473337,35.1349106],[129.0473282,35.1349001],[129.0473206,35.1349012],[129.0473129,35.1349024],[129.0472995,35.134905],[129.0473054,35.1348912],[129.0473107,35.1348809],[129.0472757,35.1348322],[129.047269,35.1348214],[129.04726,35.1348032],[129.0472592,35.134801],[129.0472487,35.1347794],[129.0472291,35.1347188],[129.0472206,35.1346679],[129.0472047,35.134625],[129.0471918,35.1345901],[129.0471887,35.1345809],[129.0471877,35.134552],[129.0471488,35.1345134],[129.0471504,35.1344945],[129.0471315,35.1344491],[129.0470793,35.1343729],[129.0470613,35.1342481],[129.047035,35.1341932],[129.0470416,35.1341928],[129.0470194,35.1341375],[129.0470092,35.1341389],[129.0469772,35.1340414],[129.0470269,35.1338983],[129.0469607,35.1337213],[129.0469922,35.1336579],[129.0469523,35.1335932],[129.0469443,35.1335885],[129.0469155,35.1335485],[129.0469078,35.1335485],[129.0469017,35.1335407],[129.0467798,35.133551],[129.0467349,35.1335536],[129.0466143,35.1335488],[129.046488,35.13352],[129.0463997,35.133482],[129.0463531,35.1334606],[129.0462829,35.1334299],[129.0462753,35.1334162],[129.0462445,35.1333872],[129.0462287,35.1333724],[129.0462114,35.1333509],[129.0461995,35.133343],[129.0461609,35.1333215],[129.0461339,35.1333125],[129.0461118,35.1333096],[129.0460966,35.1333083],[129.0460791,35.1333068],[129.0460597,35.1333084],[129.0460262,35.133315],[129.045986,35.1333332],[129.0459819,35.1333283],[129.0459702,35.1333358],[129.0458465,35.1334176],[129.0458326,35.1334268],[129.0457297,35.1334892],[129.0457118,35.1335005],[129.0456838,35.1335179],[129.0456346,35.1335531],[129.0456152,35.1335654],[129.0455945,35.1335786],[129.0455671,35.1335926],[129.0454753,35.1336495],[129.0454623,35.1336573],[129.045435,35.1336751],[129.0453591,35.1337225],[129.0453526,35.1337268],[129.0453281,35.1337423],[129.0454033,35.1338772],[129.0454107,35.1339583],[129.0453594,35.1340023],[129.0453608,35.1340684],[129.045367,35.1340928],[129.0453775,35.1341351],[129.0454069,35.134196],[129.0454486,35.1342815],[129.0454622,35.1343102],[129.0454829,35.1344079],[129.0454957,35.1344702],[129.0454987,35.1344847],[129.0455009,35.1345446],[129.045508,35.1345559],[129.0455345,35.1345949],[129.0455667,35.1346434],[129.0455737,35.1347104],[129.0455749,35.1347215],[129.0455916,35.1347399],[129.0456174,35.1347682],[129.045669,35.1349002],[129.0456916,35.1349328],[129.0457161,35.1349295],[129.045737,35.134947],[129.0457526,35.1349601],[129.0457995,35.1350005],[129.0458602,35.1350636],[129.045968,35.1351313],[129.0459719,35.1351334],[129.0460731,35.1351934],[129.0460872,35.135202],[129.0461741,35.1352053],[129.046212,35.1352457],[129.0462144,35.1353006],[129.0462085,35.1353495],[129.046213,35.1353983],[129.0462378,35.1354208],[129.0462133,35.1355212],[129.0461741,35.135538],[129.046146,35.1355877],[129.0461393,35.1355999],[129.0461531,35.1356573],[129.0461936,35.1356859],[129.0462368,35.1357173],[129.0462835,35.1357218],[129.0463383,35.1357485],[129.046382,35.1358025],[129.0464065,35.1358697],[129.0464128,35.1358883],[129.0464486,35.135926],[129.0465187,35.1359993],[129.0465977,35.1360194],[129.0466486,35.1360471],[129.046668,35.1360824],[129.0466886,35.1361594],[129.0466924,35.1361741],[129.0466957,35.1361865],[129.046724,35.1362205],[129.0467389,35.1362279],[129.0467775,35.1362493],[129.0468158,35.1362902],[129.0468251,35.1363317],[129.0468566,35.1363559],[129.046861,35.1363594],[129.046965,35.1363869],[129.0470253,35.1363333],[129.0470349,35.1363419],[129.0470403,35.1363372],[129.0470526,35.1363268],[129.0470386,35.1363143],[129.0470356,35.1363158],[129.0470166,35.1362973],[129.0470223,35.1362896],[129.047008,35.1362463],[129.0469872,35.1361827],[129.0469317,35.1361658],[129.0469177,35.1361275],[129.0469003,35.1361365],[129.0468933,35.1361268],[129.046884,35.1361316],[129.0468273,35.1360725],[129.0468165,35.1360627],[129.0467758,35.1360395],[129.0467667,35.1360454],[129.0467586,35.1360355],[129.0467066,35.1359744],[129.0466719,35.1359319],[129.0466626,35.1359217],[129.0466153,35.1358634],[129.0466042,35.1358489],[129.0465748,35.1358131],[129.0465455,35.135777],[129.0465326,35.1357593],[129.0465138,35.1357577],[129.046499,35.135767],[129.0464919,35.1357627],[129.0464866,35.1357392],[129.0464866,35.1357391],[129.046473,35.13568],[129.0464374,35.1356259],[129.0464106,35.1355943],[129.0463834,35.1355597],[129.0463502,35.1355302],[129.0463861,35.1355191],[129.0465579,35.1354662],[129.04659,35.1354623],[129.0466188,35.1354471],[129.0466461,35.1354449],[129.0466575,35.135429],[129.0466777,35.13539],[129.0466798,35.1353814],[129.0466807,35.1353778],[129.0466853,35.1353587],[129.0466911,35.1353573],[129.0466922,35.1353369],[129.0466876,35.1353276],[129.0466615,35.1352975],[129.0466193,35.1352666],[129.0466187,35.1352295],[129.0466388,35.1352203],[129.046672,35.1352051],[129.0467197,35.1351833],[129.0467089,35.1351697],[129.0467435,35.1351544],[129.046795,35.1351434],[129.0468304,35.135116],[129.0468793,35.1351039],[129.0468986,35.1351005],[129.0469532,35.1351065],[129.0469427,35.1351531],[129.0469825,35.1351625],[129.0470032,35.1351668],[129.0470149,35.135169],[129.047022,35.1351776],[129.0470412,35.135174],[129.0470439,35.1351534],[129.0470412,35.1351394],[129.0470511,35.1351384],[129.0471426,35.1351325],[129.0471582,35.1351322],[129.0472403,35.1351285],[129.0472517,35.135157],[129.0472073,35.1351898],[129.047222,35.1352],[129.0472471,35.1351794],[129.0472948,35.1352205],[129.0473741,35.1353512],[129.0474513,35.1354035],[129.0474637,35.1354266],[129.0475031,35.1355042],[129.0474742,35.1355141],[129.0474846,35.1355242],[129.0474691,35.1355298],[129.0475034,35.1355788],[129.0475278,35.1355661],[129.0475606,35.1355979],[129.0476169,35.1355673],[129.0476422,35.1356001],[129.0475653,35.1356338],[129.0475556,35.1356383],[129.0476656,35.1357398],[129.0476627,35.135743],[129.0477072,35.1357914],[129.0477098,35.1358452],[129.0477108,35.1358706],[129.0476949,35.1358719],[129.0476744,35.135893],[129.0476433,35.1359251],[129.0476433,35.1359336],[129.0476462,35.1359371],[129.0476579,35.1359425],[129.0476549,35.1359556],[129.0477555,35.1359998],[129.0478247,35.1359828],[129.0478434,35.136002],[129.0478562,35.1360654],[129.0477873,35.1360945],[129.0476676,35.1360304],[129.04766,35.1360405],[129.0476116,35.136097],[129.0475577,35.1361603],[129.0475273,35.136142],[129.0475253,35.1361443],[129.0475112,35.1361684],[129.0475018,35.1361829],[129.0474964,35.1361817],[129.0474677,35.1362139],[129.0473874,35.1362999],[129.0473761,35.1363174],[129.0474478,35.1364096],[129.0475187,35.1364367],[129.0474492,35.1364809],[129.0473901,35.1365184],[129.0473733,35.1364674],[129.047372,35.1364326],[129.0473057,35.1363475],[129.0472987,35.1363494],[129.0472867,35.1363559],[129.0472516,35.1363732],[129.0472156,35.1363827],[129.047205,35.1363855],[129.047183,35.1364054],[129.0471822,35.1364174],[129.0471792,35.1364709],[129.0471733,35.1364987],[129.0471692,35.1365179],[129.0471678,35.1365317],[129.0471717,35.1365498],[129.0471859,35.1365812],[129.0471912,35.136614],[129.0471917,35.136618],[129.04723,35.1366806],[129.0472861,35.1367492],[129.0472974,35.1367611],[129.047398,35.1368679],[129.047437,35.1369106],[129.0474466,35.1369213],[129.0474992,35.1369795],[129.0475275,35.1370246],[129.0475228,35.1370357],[129.0475129,35.1370592],[129.0475306,35.1370945],[129.0475395,35.1371121],[129.0475976,35.1372766],[129.0476192,35.1373429],[129.0476471,35.1374358],[129.0476581,35.1374706],[129.0476627,35.1374808],[129.0476708,35.1375073],[129.0476773,35.1375277],[129.0477031,35.1376117],[129.0477208,35.1376696],[129.0477243,35.1376803],[129.0477285,35.1376951],[129.047765,35.1378022],[129.047769,35.1378134],[129.0477973,35.1379006],[129.0478369,35.1380227],[129.0478567,35.138084],[129.0478695,35.1381207],[129.0478737,35.1381383],[129.0478785,35.1381555],[129.0478824,35.1381675],[129.0478889,35.1381863],[129.0479077,35.1382442],[129.0479436,35.1383561],[129.0479568,35.1383971],[129.0480016,35.1384279],[129.0480299,35.138447],[129.0480368,35.1384436],[129.0480679,35.1384672],[129.0481718,35.1384883],[129.0482668,35.1385095],[129.0482878,35.1385128],[129.0483611,35.1385234],[129.0484379,35.1385273],[129.048456,35.1385279],[129.048544,35.1385357],[129.0486361,35.138541],[129.0487094,35.1385475],[129.048714,35.1385492],[129.0487676,35.1385192],[129.0488117,35.1384981],[129.0489265,35.1384442],[129.0490322,35.1383932],[129.0490947,35.1383402],[129.049102,35.1383357],[129.0491335,35.1383152],[129.0491595,35.1382658],[129.0491673,35.1382501],[129.0491709,35.1382429],[129.0491938,35.1382006],[129.049245,35.1381031],[129.0492824,35.1380337],[129.0493129,35.1379778],[129.0493274,35.1379515],[129.0493536,35.1379055],[129.0493754,35.1378956],[129.0493957,35.1379129],[129.0494119,35.137878],[129.0494212,35.1378579],[129.0494621,35.137767],[129.0494945,35.1376908],[129.0494743,35.137649],[129.0494477,35.1375919],[129.0494442,35.1375845],[129.0493101,35.1374604],[129.0492702,35.1374263],[129.0492566,35.1374153],[129.0491852,35.1373531],[129.0491691,35.1373566],[129.0491714,35.1374184],[129.0491619,35.1374483],[129.0491526,35.1374781],[129.0491531,35.137546],[129.0490988,35.1375403],[129.0490726,35.1375376],[129.0490362,35.1375235],[129.0489539,35.1374456],[129.0488797,35.1374047],[129.0489098,35.1373636],[129.0489277,35.1373614],[129.048953,35.1373581],[129.0489479,35.1373477],[129.0490891,35.1372696],[129.0490082,35.1371988],[129.0489843,35.1371783],[129.048922,35.1371239],[129.0489,35.1371026],[129.0488523,35.1370637],[129.0488373,35.1370486],[129.0488254,35.1370366],[129.0487945,35.1369816],[129.0487988,35.1369726],[129.0487927,35.136955],[129.0487086,35.1369599],[129.0487083,35.1369888],[129.0486372,35.13701],[129.0486391,35.137094],[129.0486593,35.1371671],[129.0486785,35.1371793],[129.0485821,35.1372513],[129.0485694,35.137244],[129.0485359,35.1372076],[129.0485114,35.1372071],[129.0484635,35.137186],[129.0484487,35.1371862],[129.048387,35.1370941],[129.0483128,35.1368834],[129.0482738,35.1367765],[129.0482938,35.1367809],[129.0482908,35.1367645],[129.0483106,35.136741],[129.04851,35.1366933]]]},"properties":{"name":"정비구역","type":"기타","admCode":"26170","mnum":"32700002617020240037UDT1000001001"}},{"type":"Feature","geometry":{"type":"Polygon","coordinates":[[[129.0485112,35.1348958],[129.0485115,35.1348928],[129.0485143,35.1348376],[129.0485191,35.1347819],[129.0485487,35.1347931],[129.0485694,35.1347892],[129.0485771,35.1347869],[129.0485619,35.1346673],[129.0485591,35.1346496],[129.0485525,35.134597],[129.0485434,35.1345247],[129.0485424,35.1345192],[129.0485198,35.134505],[129.0485049,35.1344568],[129.0485011,35.1344439],[129.048486,35.1343431],[129.0484997,35.1343396],[129.0485147,35.1343217],[129.048592,35.1343026],[129.0486085,35.134366],[129.0487009,35.1343062],[129.0487301,35.1342641],[129.0487404,35.1342486],[129.0487023,35.1342249],[129.0487098,35.1341188],[129.0487111,35.1341012],[129.0487276,35.1340998],[129.0487154,35.1339996],[129.0488351,35.1339726],[129.0488424,35.1339705],[129.0488227,35.1338965],[129.0487708,35.133897],[129.0487664,35.1338894],[129.0487615,35.13387],[129.048739,35.1338016],[129.0487281,35.1338023],[129.0487211,35.1337828],[129.0486897,35.1336926],[129.0486991,35.13369],[129.0486619,35.1336153],[129.048655,35.1336007],[129.048676,35.1335878],[129.0486578,35.1335344],[129.0485915,35.1335163],[129.0485789,35.1335113],[129.0485029,35.133482],[129.0484871,35.1334754],[129.0484731,35.1334695],[129.0484682,35.1334673],[129.0484409,35.1334863],[129.0483949,35.1335184],[129.0483626,35.1335457],[129.0483158,35.1335949],[129.0482916,35.1336202],[129.0482524,35.1336627],[129.0482397,35.1336782],[129.0482233,35.1336999],[129.0482133,35.1337168],[129.0481962,35.1337567],[129.0481808,35.1338043],[129.0481617,35.1338643],[129.04812,35.1339967],[129.0481162,35.134009],[129.048114,35.1340159],[129.04807,35.1341588],[129.0480563,35.1342015],[129.0480533,35.1342114],[129.0480423,35.1342504],[129.0480063,35.1343583],[129.0479919,35.1344041],[129.0479829,35.13443],[129.0479753,35.1344539],[129.0479453,35.1345449],[129.0479325,35.1345897],[129.0479141,35.1346357],[129.047892,35.1346776],[129.0478616,35.1347233],[129.0478466,35.1347392],[129.0478111,35.1347856],[129.0478032,35.1347949],[129.047799,35.1348014],[129.0477734,35.1348287],[129.0477553,35.1348466],[129.047703,35.1348879],[129.0476264,35.1349306],[129.0475908,35.1349468],[129.0475754,35.1349995],[129.0475914,35.1350136],[129.0476489,35.1350647],[129.0477339,35.1350475],[129.0477549,35.1350944],[129.0477686,35.1350919],[129.047791,35.1351553],[129.0477965,35.1351538],[129.0478012,35.1351674],[129.047789,35.1351744],[129.0478418,35.1352325],[129.0478815,35.1352028],[129.047896,35.1352418],[129.0478483,35.1352565],[129.0478495,35.1352662],[129.0478045,35.1352823],[129.0477898,35.1352856],[129.0477941,35.135299],[129.0478063,35.1353527],[129.0478279,35.1353453],[129.0478302,35.1353502],[129.047959,35.1353128],[129.0479555,35.1353026],[129.0479856,35.1352908],[129.0479944,35.135308],[129.0480073,35.1353047],[129.0481193,35.1352819],[129.0481359,35.135292],[129.0481655,35.1352849],[129.0482499,35.135266],[129.0482737,35.1352594],[129.0483649,35.1352287],[129.048363,35.1352118],[129.0484278,35.135202],[129.048436,35.135198],[129.0485182,35.1351565],[129.0485308,35.1351503],[129.048593,35.1351191],[129.0485628,35.1350956],[129.0485512,35.1350057],[129.0485545,35.1349867],[129.0485112,35.1348958]]]},"properties":{"name":"정비구역","type":"기타","admCode":"26170","mnum":"62600002617020240099UDT1000001001"}},{"type":"Feature","geometry":{"type":"Polygon","coordinates":[[[129.0447773,35.1285806],[129.0448197,35.1286227],[129.0448949,35.1285533],[129.0449237,35.128527],[129.0449574,35.1285154],[129.0449994,35.1285564],[129.045002,35.128538],[129.0450081,35.1285181],[129.0450148,35.1285028],[129.0450278,35.1284858],[129.045058,35.1284578],[129.0451219,35.1283995],[129.0448857,35.128482],[129.0447943,35.1285651],[129.0447773,35.1285806]]]},"properties":{"name":"주거환경개선정비구역","type":"주거환경개선","admCode":"26170","mnum":"62600002617020070480UDT1000002002"}},{"type":"Feature","geometry":{"type":"Polygon","coordinates":[[[129.0579491,35.134075],[129.0580582,35.1340715],[129.0580608,35.1340713],[129.0581613,35.1340661],[129.0581659,35.1340659],[129.0581928,35.1340645],[129.0582387,35.1340621],[129.0582394,35.1340621],[129.0582483,35.1340531],[129.0582648,35.1340528],[129.0583791,35.1340505],[129.0584519,35.1340493],[129.05847,35.1340475],[129.0586856,35.1340477],[129.0587016,35.1340478],[129.0587608,35.134059],[129.058779,35.1340596],[129.0589525,35.1340652],[129.0589573,35.1340654],[129.0590992,35.1340703],[129.0592467,35.1339519],[129.0592583,35.1339439],[129.0593508,35.1338377],[129.0593817,35.1338409],[129.0593857,35.1338002],[129.059386,35.1337972],[129.0593932,35.1337299],[129.0594162,35.1335116],[129.0594273,35.1334062],[129.0594305,35.133376],[129.0594358,35.1333258],[129.0594398,35.1332904],[129.059442,35.1332673],[129.0594472,35.1332195],[129.0594471,35.1332195],[129.0594583,35.13311],[129.0594718,35.1329906],[129.059486,35.1328593],[129.0594954,35.132774],[129.0594998,35.1327303],[129.0595073,35.1326672],[129.0595158,35.1325859],[129.059528,35.1324761],[129.0595488,35.1322816],[129.0595546,35.1322159],[129.0595651,35.1321104],[129.0595737,35.1320264],[129.0595787,35.1319814],[129.0595847,35.131921],[129.0595935,35.1318355],[129.059599,35.1317834],[129.0595988,35.1317604],[129.0596026,35.1317237],[129.0596041,35.1317088],[129.0596008,35.1317088],[129.0596028,35.1316867],[129.0596007,35.1316598],[129.0595986,35.1316339],[129.059589,35.1316172],[129.0595572,35.1315774],[129.0595404,35.1315639],[129.0595214,35.1315515],[129.0595013,35.1315428],[129.0594537,35.1315325],[129.0594281,35.1315312],[129.0590082,35.1314994],[129.0570687,35.1313633],[129.055648,35.1312529],[129.055063,35.1312125],[129.0550484,35.1312116],[129.0550208,35.1312187],[129.0549084,35.1312937],[129.0548722,35.1313481],[129.0547677,35.1315412],[129.0547458,35.1316349],[129.0547309,35.1317115],[129.0547215,35.1318422],[129.0547203,35.1319174],[129.0547203,35.1319899],[129.0547247,35.1320509],[129.0547314,35.1321078],[129.054741,35.1321601],[129.0547449,35.1321824],[129.0547761,35.1322953],[129.0550504,35.1326528],[129.0552395,35.1328984],[129.055368,35.1330169],[129.0554806,35.1331227],[129.0555343,35.1331763],[129.0555451,35.1331862],[129.0556476,35.1332779],[129.0556857,35.1333114],[129.0561083,35.1336848],[129.0562485,35.1338114],[129.0564028,35.1339939],[129.0564397,35.1340384],[129.0574562,35.1340634],[129.0577182,35.1340687],[129.0579491,35.134075]]]},"properties":{"name":"재개발사업","type":"재개발","admCode":"26170","mnum":"62600002617020240138UDT1000001001"}},{"type":"Feature","geometry":{"type":"Polygon","coordinates":[[[129.0518946,35.1315288],[129.0519297,35.1315643],[129.0520381,35.1316693],[129.052031,35.131666],[129.0521354,35.1317671],[129.0521517,35.131783],[129.0522093,35.1318384],[129.0523429,35.1319369],[129.0523956,35.1319731],[129.0524356,35.1320027],[129.0524917,35.1320417],[129.0526024,35.1321215],[129.0526214,35.1321344],[129.0526719,35.1321715],[129.0527591,35.1322288],[129.0528227,35.1322285],[129.0528625,35.1322275],[129.05287,35.1322227],[129.0528797,35.1322162],[129.0528891,35.1322094],[129.0530082,35.1321283],[129.0530287,35.1321141],[129.0530397,35.1321066],[129.0531563,35.1320264],[129.0530544,35.1319772],[129.0530309,35.131966],[129.0530823,35.1319142],[129.0530625,35.1319015],[129.053031,35.1318817],[129.0530033,35.1318647],[129.0529533,35.1318333],[129.0529355,35.1318223],[129.0529308,35.1318196],[129.0529227,35.1318141],[129.0529128,35.1318084],[129.0528734,35.1317836],[129.0528521,35.1317707],[129.0527838,35.1317291],[129.0527692,35.1317201],[129.0527436,35.1317054],[129.052602,35.1316191],[129.0525257,35.1315719],[129.0525137,35.1315651],[129.0524207,35.1315076],[129.0523386,35.1314567],[129.0522499,35.1314011],[129.0521493,35.1313383],[129.0520838,35.1312986],[129.052022,35.1313804],[129.0520016,35.1314062],[129.0519711,35.1314473],[129.0519623,35.131443],[129.0518946,35.1315288]]]},"properties":{"name":"도시환경정비구역","type":"도시환경정비","admCode":"26170","mnum":"62600002617020160047UDT1000001002"}},{"type":"Feature","geometry":{"type":"Polygon","coordinates":[[[129.038909,35.1219287],[129.038886,35.121884],[129.0388664,35.1218451],[129.0388288,35.1217718],[129.038815,35.121745],[129.0387827,35.1216819],[129.0387691,35.1216554],[129.0387669,35.121651],[129.0387452,35.1216089],[129.0386987,35.1215177],[129.0386944,35.1215095],[129.0386514,35.1214259],[129.0386429,35.1214096],[129.0386266,35.1213688],[129.0386205,35.1213553],[129.0386015,35.1213135],[129.0385811,35.1212691],[129.0385031,35.1211346],[129.0385218,35.1211124],[129.038535,35.1210888],[129.0385887,35.1209893],[129.0386478,35.1208798],[129.0386591,35.120858],[129.0387165,35.120752],[129.0387271,35.1207323],[129.0386314,35.1207209],[129.0385958,35.120717],[129.0385892,35.1207373],[129.0385032,35.1207429],[129.0385002,35.1207366],[129.0384832,35.1206862],[129.038462,35.1206232],[129.0384343,35.1206337],[129.0382106,35.1207185],[129.038133,35.1206875],[129.0380885,35.1206688],[129.0380535,35.1206541],[129.0379765,35.1206259],[129.037946,35.1206143],[129.0379122,35.1206016],[129.0378306,35.1205707],[129.0379411,35.1204628],[129.0379447,35.120399],[129.0378206,35.1203512],[129.0377369,35.1203184],[129.0373808,35.1201829],[129.0372709,35.1201418],[129.0372506,35.1201347],[129.0371418,35.1200944],[129.0370579,35.1200633],[129.0370454,35.1200584],[129.0369292,35.1200132],[129.0367077,35.1199246],[129.0366342,35.1198983],[129.0366012,35.1198864],[129.036592,35.1198832],[129.036572,35.119876],[129.0365069,35.1198526],[129.0364523,35.1198326],[129.036447,35.1198303],[129.0363914,35.1198095],[129.036294,35.1197731],[129.036255,35.1197583],[129.0362422,35.1197535],[129.0361789,35.1197298],[129.0360998,35.1196914],[129.0360081,35.1196781],[129.0359439,35.1196688],[129.0359017,35.1196628],[129.0358547,35.1196516],[129.03585,35.1196499],[129.0358499,35.1196443],[129.0357813,35.119576],[129.0357494,35.1195451],[129.0356988,35.119495],[129.03565,35.1194448],[129.0356106,35.1194105],[129.0355604,35.1193957],[129.0355222,35.1193848],[129.0354787,35.1193748],[129.0354112,35.1193802],[129.0351719,35.1194238],[129.0350685,35.119442],[129.0350167,35.119451],[129.034981,35.1194569],[129.0348698,35.1194732],[129.0348102,35.119479],[129.0347514,35.119483],[129.0346332,35.1194768],[129.0345475,35.1194556],[129.0345224,35.1194475],[129.0344952,35.1194371],[129.0344635,35.1194221],[129.0344298,35.1194016],[129.0344115,35.1193887],[129.034387,35.1193674],[129.034383,35.119363],[129.0343548,35.119333],[129.0343441,35.1193161],[129.0343053,35.1192816],[129.0342721,35.1192557],[129.034195,35.1191992],[129.0341274,35.1191751],[129.0340761,35.1191677],[129.0340574,35.1191651],[129.0339576,35.1191728],[129.033917,35.119176],[129.0339092,35.1191766],[129.0338891,35.1191775],[129.033856,35.119179],[129.0338365,35.1191798],[129.0337618,35.1191859],[129.0337489,35.1191868],[129.0337063,35.1191894],[129.0336649,35.1191956],[129.0335778,35.1192086],[129.0335455,35.1192218],[129.0332409,35.1193589],[129.0330847,35.119366],[129.0329795,35.1193708],[129.0329021,35.1192405],[129.0329484,35.1191905],[129.032938,35.1191636],[129.0329033,35.1190541],[129.0328949,35.1190275],[129.0328593,35.1189158],[129.0328558,35.1189102],[129.032811,35.1188416],[129.0327744,35.118813],[129.0327351,35.1187884],[129.0327239,35.1187835],[129.0327103,35.1187777],[129.0326411,35.1187562],[129.0326266,35.1187518],[129.0325929,35.118742],[129.0325804,35.118737],[129.0325364,35.118716],[129.0325152,35.1187023],[129.0325098,35.1186987],[129.0324888,35.1186777],[129.0324703,35.1186529],[129.0324597,35.1186373],[129.0324487,35.1186216],[129.032415,35.1186199],[129.0323708,35.1186231],[129.0323053,35.1186269],[129.0323047,35.1186811],[129.0323047,35.118711],[129.0322872,35.1187092],[129.032283,35.1187342],[129.0322727,35.1187369],[129.0322705,35.1187883],[129.0323198,35.1187933],[129.0323059,35.1188728],[129.0322269,35.1188653],[129.0321338,35.118856],[129.0320602,35.1188476],[129.0319986,35.118841],[129.0319881,35.1186652],[129.03191,35.118664],[129.03189,35.1186634],[129.0318897,35.1186025],[129.0316631,35.1186908],[129.0316591,35.1186922],[129.0315391,35.1187412],[129.0313309,35.118822],[129.0311264,35.1189012],[129.0310854,35.1189162],[129.0310423,35.118932],[129.0310812,35.1189633],[129.0310005,35.1189631],[129.0309128,35.1189698],[129.0308774,35.1189544],[129.030853,35.1189419],[129.0307732,35.1189089],[129.0307357,35.1188938],[129.0307048,35.1189048],[129.0306621,35.1189207],[129.030643,35.118938],[129.0306038,35.1189733],[129.0305753,35.1189989],[129.0304652,35.119003],[129.0303816,35.1189966],[129.0303541,35.1189924],[129.0302773,35.1189675],[129.0301859,35.1189043],[129.0301755,35.1188686],[129.0301404,35.1188514],[129.0300765,35.1188818],[129.0300125,35.1188861],[129.0299376,35.118891],[129.0297924,35.1188462],[129.029647,35.1188115],[129.0296376,35.1188677],[129.0296373,35.1189186],[129.029674,35.1189539],[129.029705,35.1189846],[129.0297534,35.1190121],[129.0297972,35.1190229],[129.0298243,35.1190289],[129.0299062,35.1190442],[129.0300036,35.1190575],[129.0300502,35.1190634],[129.0300676,35.1190658],[129.0301159,35.1190736],[129.0301663,35.1190903],[129.0301914,35.1190969],[129.0302467,35.1191139],[129.0302743,35.1191218],[129.0304177,35.1191635],[129.0304369,35.1191692],[129.0304663,35.1191777],[129.0304995,35.1191871],[129.0305581,35.119204],[129.0305686,35.1192073],[129.0306206,35.1192246],[129.0306273,35.119226],[129.0306545,35.1192324],[129.0306762,35.1192374],[129.0307353,35.1192514],[129.0307494,35.1192547],[129.0308204,35.1192713],[129.0309565,35.1193083],[129.0310158,35.1193269],[129.0310422,35.1193333],[129.0311357,35.1193566],[129.0312472,35.1193859],[129.031263,35.11939],[129.0312908,35.1193981],[129.0313534,35.1194142],[129.0313745,35.1194199],[129.0314582,35.1194427],[129.0315555,35.1194692],[129.031652,35.1194955],[129.0316976,35.1195087],[129.0317941,35.1195239],[129.0318292,35.1195314],[129.0318433,35.1195349],[129.0319093,35.1195534],[129.0319758,35.1195723],[129.0320307,35.1195946],[129.0320837,35.1195788],[129.0321048,35.1195744],[129.0321316,35.1195686],[129.0321709,35.1195628],[129.0322916,35.1195416],[129.0323454,35.1195253],[129.0323712,35.1195124],[129.032387,35.1195175],[129.0324,35.1195135],[129.0324328,35.1195058],[129.0324416,35.1195139],[129.0324891,35.1195251],[129.0325942,35.1195577],[129.0326089,35.1195635],[129.032699,35.1195862],[129.0327844,35.1196078],[129.0327962,35.1196108],[129.0329062,35.1196398],[129.0330503,35.1196885],[129.0331386,35.119718],[129.0332483,35.1197557],[129.0332605,35.11976],[129.0333602,35.1198079],[129.0334108,35.1198325],[129.0334491,35.1198509],[129.033489,35.1198791],[129.0335583,35.1199247],[129.0335665,35.1199225],[129.0336463,35.1199744],[129.0336775,35.1199943],[129.0337287,35.1200263],[129.0337326,35.1200282],[129.0337391,35.1200334],[129.0337847,35.12006],[129.0338433,35.1200931],[129.0339325,35.1201438],[129.0339411,35.120148],[129.0339828,35.1201694],[129.0340049,35.1201808],[129.0340175,35.1201858],[129.0340509,35.1201997],[129.0340935,35.1202145],[129.0341144,35.1202171],[129.0342232,35.1202115],[129.034375,35.1201615],[129.0343833,35.1201587],[129.0344107,35.1201495],[129.0344415,35.1201398],[129.0345185,35.1201143],[129.034557,35.1201018],[129.0346232,35.1201903],[129.0346555,35.1202394],[129.0346685,35.1202591],[129.0347009,35.1203082],[129.0347042,35.1203132],[129.0347571,35.1203934],[129.0347833,35.1204337],[129.0348225,35.1204928],[129.0348618,35.1205528],[129.0348796,35.1205793],[129.0349314,35.1206585],[129.0349464,35.1206811],[129.035027,35.1208017],[129.0350978,35.1209079],[129.0351733,35.1210208],[129.0352285,35.121103],[129.0353076,35.1212219],[129.0353414,35.1212724],[129.0353619,35.1213026],[129.0354056,35.121369],[129.0354162,35.1213846],[129.0354528,35.1214397],[129.0354614,35.1214528],[129.0354747,35.121473],[129.0355437,35.1215765],[129.0355507,35.1215877],[129.0355969,35.1216565],[129.0356785,35.1217801],[129.0356953,35.1218051],[129.0357076,35.1218236],[129.0357172,35.1218379],[129.0357652,35.1219104],[129.0358072,35.1219333],[129.0358414,35.1219677],[129.0358509,35.1219773],[129.0358752,35.121988],[129.0359444,35.1220195],[129.0359535,35.1220238],[129.035975,35.1220286],[129.0359849,35.1220307],[129.0360321,35.1220414],[129.036119,35.1220581],[129.0362526,35.1220862],[129.036309,35.1221155],[129.0363273,35.1221252],[129.0363868,35.1221718],[129.0364253,35.1222016],[129.0364467,35.1221808],[129.0363618,35.1221073],[129.0363543,35.1221126],[129.036333,35.1220978],[129.0363281,35.1221009],[129.0361724,35.1219216],[129.0361691,35.1219173],[129.0361545,35.1218539],[129.0361349,35.1218269],[129.0361284,35.121818],[129.0361065,35.1217876],[129.0360775,35.1217561],[129.036018,35.1216925],[129.0360035,35.1217042],[129.03592,35.1216152],[129.0358777,35.1215697],[129.0357922,35.1214812],[129.0357204,35.1214063],[129.035661,35.1213445],[129.0355041,35.1211795],[129.0354822,35.1211538],[129.035442,35.121139],[129.0353164,35.1210614],[129.0352708,35.1210227],[129.0352337,35.1209994],[129.0352304,35.1209896],[129.0352081,35.1209192],[129.0352128,35.1208838],[129.0352149,35.1208692],[129.0352019,35.120856],[129.0351196,35.1207766],[129.0351082,35.1207661],[129.0350832,35.1207428],[129.0350492,35.1207122],[129.0350451,35.1207073],[129.0350215,35.1206804],[129.0350129,35.1206669],[129.0350871,35.1206213],[129.0351505,35.1205822],[129.0351647,35.1205746],[129.0352825,35.1204999],[129.0353056,35.1204855],[129.0353634,35.1204489],[129.035446,35.1203963],[129.0355472,35.1203321],[129.0357424,35.1202081],[129.0357568,35.120199],[129.0357638,35.1201945],[129.0358529,35.1201382],[129.0359551,35.1200737],[129.035991,35.1200508],[129.0359967,35.1200473],[129.0360859,35.1199911],[129.0360976,35.1199998],[129.0361031,35.1199962],[129.0361206,35.1199849],[129.0361299,35.1199943],[129.0362025,35.1200747],[129.0362077,35.1200811],[129.0362764,35.1201573],[129.0362955,35.1201793],[129.036305,35.1201922],[129.0363756,35.1202687],[129.0363845,35.1202789],[129.0364435,35.1203466],[129.0364627,35.1203637],[129.0364697,35.1203712],[129.0364767,35.1203786],[129.0364867,35.1203886],[129.0365,35.1204015],[129.0365122,35.1204152],[129.0365034,35.1204275],[129.0365764,35.1205031],[129.0366662,35.1205949],[129.0366841,35.1205873],[129.0366961,35.120601],[129.0367165,35.1206228],[129.0367319,35.1206395],[129.0367839,35.1206969],[129.0368018,35.1207156],[129.0368369,35.1207526],[129.0368525,35.1207681],[129.0368576,35.120774],[129.0368976,35.1208161],[129.0369731,35.1208965],[129.0370458,35.1209753],[129.037057,35.1209821],[129.0371205,35.12105],[129.0371257,35.121063],[129.0372164,35.121159],[129.037234,35.1211768],[129.0372626,35.1212049],[129.0372815,35.1212241],[129.0373025,35.1212442],[129.0374343,35.1213725],[129.0374531,35.1213907],[129.0374578,35.1213961],[129.0374292,35.1214143],[129.0375343,35.1215346],[129.0375454,35.1215474],[129.0375704,35.1215627],[129.0375799,35.121569],[129.03759,35.1215673],[129.0376007,35.1215735],[129.0376841,35.1216253],[129.0376975,35.1216152],[129.0377848,35.1216823],[129.0378638,35.1217421],[129.037889,35.121761],[129.0378558,35.122008],[129.0378247,35.122003],[129.0377739,35.1221359],[129.0377638,35.1221374],[129.0377521,35.1221547],[129.0377453,35.1221837],[129.0377744,35.1221966],[129.0377754,35.122238],[129.037765,35.1223069],[129.0377769,35.1223723],[129.0377977,35.1224601],[129.0377909,35.1225838],[129.0377671,35.1225737],[129.0377008,35.1226167],[129.0377163,35.1226993],[129.03771,35.1227576],[129.0377,35.1227803],[129.0377041,35.1228143],[129.037721,35.1228503],[129.0377215,35.122879],[129.0376965,35.1229134],[129.0376635,35.1229506],[129.0376483,35.1229604],[129.0375905,35.1229369],[129.0375805,35.1229563],[129.0375448,35.1229474],[129.0374841,35.1229152],[129.0374522,35.1228887],[129.0374316,35.1228709],[129.037394,35.1228172],[129.0373658,35.1228425],[129.0373379,35.1228601],[129.0373248,35.1228677],[129.037288,35.1228382],[129.0372404,35.1227996],[129.0371433,35.1227039],[129.0371048,35.1226598],[129.037078,35.1226326],[129.0369875,35.1225402],[129.036951,35.122503],[129.0369173,35.1224784],[129.0368659,35.1224516],[129.0367665,35.1224452],[129.0367188,35.1223392],[129.0366927,35.1222813],[129.0366361,35.1222256],[129.0365638,35.1222899],[129.0365481,35.1222805],[129.036534,35.1222714],[129.0365224,35.1222828],[129.0365353,35.1222936],[129.0365832,35.1223341],[129.0366424,35.1223836],[129.036653,35.1223923],[129.0366754,35.1224114],[129.0367058,35.1224492],[129.0367164,35.1224722],[129.0367251,35.122481],[129.0367422,35.1224987],[129.0367805,35.1225544],[129.0368148,35.1226043],[129.0368806,35.1227],[129.0368834,35.1227039],[129.0368902,35.1227139],[129.0369298,35.1227717],[129.0369737,35.1228353],[129.0369965,35.122866],[129.0370221,35.1229033],[129.0370546,35.1229471],[129.0371227,35.1230421],[129.0371761,35.1231173],[129.0371915,35.1231393],[129.0371972,35.1231471],[129.0372081,35.1231616],[129.0372207,35.1231802],[129.0372264,35.1231876],[129.0372864,35.1232733],[129.0373265,35.1233299],[129.0373966,35.1234289],[129.0374037,35.1234385],[129.0374459,35.1234991],[129.037478,35.1235451],[129.0375244,35.1235764],[129.0376657,35.123596],[129.037804,35.1236063],[129.0378887,35.1228764],[129.0379112,35.1226645],[129.0379217,35.1226213],[129.0379511,35.1223191],[129.0379556,35.1222723],[129.0379817,35.122248],[129.03801,35.1222127],[129.0380938,35.122178],[129.0381789,35.1221475],[129.0381912,35.122143],[129.0382621,35.1221179],[129.0383268,35.1220949],[129.0384006,35.1220688],[129.0384224,35.1220613],[129.0384727,35.1220437],[129.0385051,35.1220323],[129.0385913,35.1220024],[129.0386658,35.1219758],[129.0387621,35.1219412],[129.0387852,35.1219331],[129.038786,35.1219228],[129.0388411,35.1219044],[129.0388581,35.1219103],[129.038909,35.1219287]]]},"properties":{"name":"주거환경개선정비구역","type":"주거환경개선","admCode":"26170","mnum":"62600002617020080111UDT1000001001"}},{"type":"Feature","geometry":{"type":"Polygon","coordinates":[[[129.0531171,35.132486],[129.0531193,35.1324875],[129.0531462,35.1325065],[129.053167,35.1325212],[129.0531765,35.1325279],[129.0532713,35.1325961],[129.0532892,35.1326081],[129.0533342,35.132639],[129.0533697,35.1326642],[129.053478,35.1327418],[129.0535084,35.1327642],[129.0535122,35.1327615],[129.0535979,35.1327028],[129.0536407,35.1326743],[129.0536718,35.1326507],[129.0537249,35.1326144],[129.0537576,35.1325924],[129.053784,35.1325739],[129.0538112,35.1325546],[129.0538132,35.1325515],[129.0538503,35.1325048],[129.0538793,35.1324691],[129.0537626,35.1323762],[129.0535788,35.1322332],[129.053474,35.1321817],[129.0533476,35.132259],[129.0532904,35.1322939],[129.0532882,35.1322954],[129.0532739,35.132304],[129.0532608,35.1323125],[129.0531575,35.132376],[129.0531421,35.1323857],[129.053123,35.1323981],[129.0531171,35.132486]]]},"properties":{"name":"도시환경정비구역","type":"도시환경정비","admCode":"26170","mnum":"62600002617020160047UDT1000001001"}},{"type":"Feature","geometry":{"type":"Polygon","coordinates":[[[129.0640609,35.1393359],[129.0640697,35.1394243],[129.0641078,35.1394489],[129.0649073,35.139963],[129.0649675,35.1400017],[129.0650606,35.139989],[129.0653233,35.1396088],[129.0652137,35.1395385],[129.064472,35.1390627],[129.0644174,35.1390277],[129.0643456,35.1390335],[129.0640609,35.1393359]]]},"properties":{"name":"범일3-1도시환경정비구역","type":"도시환경정비","admCode":"26170","mnum":"32700002617020120186UDT1000001001"}},{"type":"Feature","geometry":{"type":"Polygon","coordinates":[[[129.0733108,35.0772607],[129.0733417,35.0772752],[129.073325,35.0773158],[129.0733213,35.0773743],[129.0733234,35.0774311],[129.0733289,35.0774645],[129.0733372,35.0774986],[129.0733687,35.0775703],[129.0734064,35.0776569],[129.0734468,35.0777532],[129.0735423,35.0779805],[129.073556,35.0780198],[129.0736299,35.0781877],[129.0736566,35.0782505],[129.0736972,35.0783458],[129.0737169,35.0783942],[129.0736994,35.0784338],[129.0737125,35.0784485],[129.0737228,35.0784835],[129.0737592,35.078611],[129.0737656,35.0786244],[129.0738166,35.0787008],[129.0738827,35.0788387],[129.073901,35.0788752],[129.0738965,35.0788776],[129.0739069,35.0788969],[129.0739908,35.0791078],[129.0740806,35.0793407],[129.0741011,35.0794019],[129.0741304,35.0794926],[129.0741459,35.0796563],[129.0741977,35.0798569],[129.0742273,35.0799615],[129.0742474,35.0800352],[129.0742175,35.0802277],[129.0742739,35.080274],[129.0743409,35.0802951],[129.0743899,35.0802823],[129.0743961,35.0802521],[129.0743961,35.0801881],[129.0743913,35.0801746],[129.0743633,35.0800984],[129.0743869,35.0800928],[129.0743916,35.0800917],[129.0743672,35.0799907],[129.0743639,35.0799529],[129.0743547,35.0798569],[129.0743456,35.0797496],[129.0743031,35.0796274],[129.0743023,35.0795008],[129.0743058,35.0794218],[129.074301,35.0793143],[129.0742954,35.0792472],[129.074315,35.0791825],[129.0743367,35.0791765],[129.0743484,35.0790916],[129.0743518,35.0790587],[129.0743639,35.0790168],[129.0743742,35.0789561],[129.0743755,35.078949],[129.0743753,35.0789412],[129.0743957,35.0789228],[129.0744335,35.0788878],[129.0743999,35.0787687],[129.0744051,35.0786832],[129.0744329,35.078562],[129.0744027,35.078429],[129.0743929,35.0783851],[129.0743729,35.078159],[129.0743478,35.0780134],[129.0743669,35.077931],[129.0743692,35.0777042],[129.0743698,35.0776972],[129.0743872,35.0776096],[129.0744147,35.0773668],[129.0744196,35.0773077],[129.0744271,35.0772078],[129.0744269,35.0771697],[129.0744347,35.0771282],[129.0745268,35.0768385],[129.0745612,35.0767049],[129.0745622,35.0766651],[129.0745642,35.0765423],[129.0745659,35.0765221],[129.0745852,35.0762938],[129.07462,35.0761895],[129.0746864,35.0759544],[129.074701,35.0759029],[129.0747185,35.0758161],[129.0747287,35.0757797],[129.0747649,35.0756767],[129.0747902,35.0755348],[129.0748051,35.0754955],[129.0748435,35.0753964],[129.0748814,35.0752965],[129.0749041,35.0752335],[129.0749836,35.0750138],[129.0750317,35.0749267],[129.0750528,35.0748902],[129.0751858,35.074524],[129.0752086,35.0744625],[129.0752908,35.0742619],[129.075326,35.0741405],[129.0753432,35.074095],[129.0753577,35.0740641],[129.0753732,35.0740414],[129.075492,35.0738618],[129.0755006,35.0738285],[129.0755159,35.0737714],[129.0755549,35.0737086],[129.0756811,35.0735064],[129.0757762,35.0733151],[129.0758315,35.073223],[129.0758968,35.0731133],[129.0759614,35.0729643],[129.076022,35.0728659],[129.076112,35.0726153],[129.0761147,35.0726055],[129.0761189,35.0725972],[129.0761318,35.07256],[129.0762722,35.0724411],[129.0762954,35.0723957],[129.0763106,35.0723533],[129.0763206,35.0723253],[129.0763225,35.0723203],[129.0764115,35.0722548],[129.0764197,35.0722435],[129.0764046,35.0722314],[129.0763631,35.0721999],[129.0763431,35.0721758],[129.0763246,35.0721567],[129.0762534,35.0721169],[129.0762102,35.0720959],[129.0761944,35.072086],[129.0761735,35.0720705],[129.0761706,35.0721098],[129.0760443,35.0721059],[129.076047,35.0720703],[129.0760566,35.0719343],[129.0760611,35.071871],[129.0760076,35.0718318],[129.0759694,35.0718555],[129.0759026,35.0719294],[129.0758069,35.0720336],[129.0757145,35.0721415],[129.0756253,35.0722428],[129.0756141,35.0722566],[129.0755631,35.0723055],[129.0754719,35.072415],[129.0754585,35.0724311],[129.0754136,35.072485],[129.0753424,35.0725728],[129.0753338,35.0725835],[129.0752139,35.0727313],[129.0750784,35.072899],[129.075014,35.0729805],[129.0749808,35.0730226],[129.0749433,35.0730725],[129.0749348,35.0730849],[129.0748743,35.0731738],[129.0748702,35.0731808],[129.0748283,35.0732538],[129.0748065,35.0732999],[129.0747911,35.0733394],[129.0747598,35.0733997],[129.0747406,35.0734405],[129.0747164,35.0734975],[129.0746904,35.0735803],[129.074668,35.0736493],[129.0746461,35.0737453],[129.0746336,35.0738033],[129.0746323,35.0738259],[129.0746215,35.0738694],[129.0746165,35.0738872],[129.0746141,35.0739001],[129.0746056,35.0739365],[129.0746051,35.0739391],[129.0745966,35.0739793],[129.0745871,35.0740248],[129.074572,35.0741095],[129.074554,35.074191],[129.0745525,35.0742069],[129.0745229,35.074287],[129.0745081,35.07432],[129.0745039,35.074391],[129.0744936,35.0744048],[129.0744719,35.0744321],[129.0744228,35.07461],[129.0743833,35.0747408],[129.07438,35.0747512],[129.0743214,35.0749248],[129.0743031,35.0749559],[129.0742915,35.0749722],[129.0741546,35.0751034],[129.0740828,35.0751665],[129.0740728,35.0751785],[129.0740143,35.0752413],[129.0740024,35.0752544],[129.073874,35.0753989],[129.0738599,35.0754182],[129.0738398,35.0754453],[129.0736746,35.075606],[129.0735675,35.075731],[129.0735206,35.0757885],[129.0734973,35.0758399],[129.0734965,35.0758436],[129.0734886,35.0758808],[129.0734733,35.0759527],[129.0734733,35.0759551],[129.0734712,35.0761385],[129.0734909,35.0761648],[129.0734918,35.0761744],[129.073497,35.0762279],[129.0735024,35.0762835],[129.073506,35.0763384],[129.073512,35.0764335],[129.0735177,35.0765226],[129.0735237,35.0766133],[129.0735246,35.0766255],[129.0735268,35.0767033],[129.07353,35.0767911],[129.0735307,35.0768232],[129.0735306,35.076849],[129.0735203,35.0769128],[129.0734896,35.0769392],[129.0734425,35.0770399],[129.0733108,35.0772607]]]},"properties":{"name":"","type":"기타","admCode":"26200","mnum":"32800002620000000000UDT1000001001"}},{"type":"Feature","geometry":{"type":"Polygon","coordinates":[[[129.0464415,35.0936145],[129.0464558,35.0936544],[129.0465972,35.0937248],[129.0466059,35.0937297],[129.0467325,35.0937949],[129.0467482,35.0938032],[129.0468622,35.0938608],[129.0468723,35.093866],[129.0468956,35.0938741],[129.0469514,35.0938995],[129.0470122,35.0938974],[129.0464415,35.0936145]]]},"properties":{"name":"정비기반시설(도로)","type":"기반시설","admCode":"26200","mnum":"62600002620020230230UDT9990021001"}},{"type":"Feature","geometry":{"type":"Polygon","coordinates":[[[129.0472856,35.0917871],[129.0473886,35.0917695],[129.047433,35.0917375],[129.0474462,35.0916993],[129.0474378,35.0916798],[129.0474335,35.0916818],[129.0474154,35.09168],[129.0473751,35.0916864],[129.0473526,35.0917307],[129.0473296,35.0917457],[129.0473231,35.0917579],[129.0473131,35.0917655],[129.0472993,35.0917759],[129.0472906,35.091783],[129.0472856,35.0917871]]]},"properties":{"name":"정비기반시설(도로)","type":"기반시설","admCode":"26200","mnum":"62600002620020230230UDT9990001005"}},{"type":"Feature","geometry":{"type":"Polygon","coordinates":[[[129.0478626,35.0875203],[129.0478741,35.0875586],[129.047906,35.0876637],[129.0479093,35.0876771],[129.0479253,35.0877262],[129.0479383,35.0877703],[129.0479579,35.0878323],[129.0479651,35.0878551],[129.0479697,35.0878713],[129.0480058,35.0879857],[129.0480216,35.0880363],[129.0480442,35.0880971],[129.048046,35.0881018],[129.0480548,35.0881273],[129.0480561,35.088131],[129.0480575,35.0881347],[129.0480629,35.0881517],[129.0480683,35.0881686],[129.0480803,35.088207],[129.0480862,35.0882276],[129.0480917,35.0882458],[129.0480978,35.0882656],[129.0481075,35.0882966],[129.0481274,35.088363],[129.0481341,35.0883852],[129.048149,35.0884347],[129.0481578,35.0884632],[129.0481652,35.0884876],[129.0481711,35.0885063],[129.0481879,35.0885586],[129.04819,35.0885692],[129.0482016,35.0886118],[129.0482117,35.0886486],[129.0482165,35.0886655],[129.04822,35.0886762],[129.048242,35.0887464],[129.048268,35.0888327],[129.0482868,35.0888913],[129.0483075,35.0889606],[129.0483091,35.0889663],[129.048314,35.0889834],[129.0483388,35.0890584],[129.0483441,35.0890762],[129.0483475,35.0890753],[129.0483514,35.0890921],[129.0483519,35.0890941],[129.0484134,35.08908],[129.0484129,35.0890788],[129.0486989,35.0890079],[129.0487243,35.0890012],[129.0487496,35.0889945],[129.0489071,35.0889564],[129.0490102,35.0889272],[129.049038,35.0889194],[129.0490918,35.0889048],[129.0491077,35.0889005],[129.0491053,35.0888959],[129.0491354,35.0888866],[129.049153,35.0888795],[129.0491597,35.0888772],[129.0491531,35.0888628],[129.0491531,35.088862],[129.0491508,35.0888568],[129.0491532,35.0888561],[129.0491533,35.0888415],[129.0491499,35.0887944],[129.0491458,35.088738],[129.0491444,35.0887193],[129.0491415,35.0886787],[129.0491407,35.0886612],[129.0491402,35.0886439],[129.0491394,35.0886272],[129.049136,35.088628],[129.0491359,35.0885514],[129.049131,35.0884614],[129.0491307,35.0884419],[129.0491301,35.0884332],[129.0491289,35.088414],[129.0491273,35.0883899],[129.0491244,35.0883459],[129.049121,35.0882942],[129.0491165,35.0882602],[129.0491133,35.0882065],[129.0491121,35.0881863],[129.0491109,35.0881662],[129.0491107,35.0881641],[129.0491068,35.0881224],[129.0491064,35.0881098],[129.049106,35.0880884],[129.0491041,35.0880685],[129.0491022,35.0880348],[129.0491003,35.0880011],[129.0490985,35.0879681],[129.0490967,35.087935],[129.0490946,35.0879034],[129.0490926,35.0878718],[129.0490915,35.0878586],[129.0490905,35.0878475],[129.0490904,35.0878454],[129.0490854,35.0878213],[129.0490823,35.0878062],[129.0490746,35.0877694],[129.0490632,35.0877152],[129.04905,35.0876532],[129.0490464,35.0876363],[129.0490398,35.0876028],[129.0490207,35.0875107],[129.0490055,35.0874681],[129.0489854,35.0874158],[129.0489585,35.0873447],[129.0489457,35.0873135],[129.0489286,35.0872618],[129.0489181,35.087241],[129.0488982,35.0871876],[129.0488793,35.0871373],[129.0488656,35.0871005],[129.0488567,35.087078],[129.0488369,35.0870314],[129.0487155,35.0870663],[129.04867,35.0870824],[129.0486506,35.0870892],[129.0485854,35.087112],[129.0484425,35.0871618],[129.0484348,35.0871659],[129.0484207,35.0871754],[129.0483238,35.0872312],[129.0483157,35.0872346],[129.0482438,35.0872745],[129.048207,35.0872949],[129.0481337,35.0873374],[129.0480843,35.0873657],[129.0480619,35.0873786],[129.0480331,35.0873952],[129.0480138,35.087406],[129.0479997,35.0874138],[129.0479855,35.0874217],[129.0479623,35.0874348],[129.0479391,35.0874479],[129.0479194,35.087459],[129.0479118,35.0874633],[129.0478796,35.0874817],[129.0478757,35.0874895],[129.0478626,35.0875203]]]},"properties":{"name":"주거환경관리사업정비구역","type":"주거환경관리","admCode":"26200","mnum":"62600002620020160415UDT1000001000"}},{"type":"Feature","geometry":{"type":"Polygon","coordinates":[[[129.0470523,35.0921128],[129.0471425,35.0920021],[129.0472459,35.0918745],[129.0472411,35.0918692],[129.0472333,35.0918633],[129.0472219,35.091858],[129.0472163,35.0918698],[129.047176,35.0919222],[129.0471354,35.0919639],[129.0471243,35.091971],[129.047116,35.0919767],[129.0470787,35.0920347],[129.0470724,35.092054],[129.0470667,35.0920706],[129.0470523,35.0921128]]]},"properties":{"name":"정비기반시설(도로)","type":"기반시설","admCode":"26200","mnum":"62600002620020230230UDT9990001004"}},{"type":"Feature","geometry":{"type":"Polygon","coordinates":[[[129.0364097,35.0903318],[129.036397,35.0903363],[129.0363297,35.0903606],[129.036277,35.0903795],[129.0361822,35.0904141],[129.0360873,35.0904483],[129.0360252,35.090469],[129.0356416,35.0906082],[129.0355382,35.0906877],[129.0351158,35.0910136],[129.0353055,35.0913709],[129.0355232,35.0917767],[129.0355661,35.0918573],[129.0355888,35.0919004],[129.0355984,35.0919174],[129.0356431,35.0919991],[129.0356456,35.0920035],[129.0357491,35.0921962],[129.0358485,35.0921611],[129.0361334,35.0920578],[129.0362765,35.0920033],[129.036615,35.0918772],[129.0369212,35.0917665],[129.0371771,35.0916736],[129.0370575,35.0914647],[129.0369115,35.0912123],[129.0367591,35.0909478],[129.0367204,35.0908791],[129.0367064,35.0908649],[129.0366578,35.0907799],[129.0366357,35.0907394],[129.036609,35.0906895],[129.0364982,35.0904953],[129.0364949,35.0904904],[129.036452,35.0904113],[129.0364097,35.0903318]]]},"properties":{"name":"","type":"기타","admCode":"26200","mnum":"62600002620020070085UDT1000001001"}},{"type":"Feature","geometry":{"type":"Polygon","coordinates":[[[129.0467428,35.0924862],[129.0467611,35.0924855],[129.0468053,35.0924831],[129.0468139,35.0924639],[129.0468627,35.0923587],[129.046891,35.0922943],[129.0469069,35.0922594],[129.0469152,35.0922426],[129.0469257,35.0922266],[129.0469324,35.0922195],[129.0469632,35.0921938],[129.0469822,35.092179],[129.0470022,35.0921625],[129.0470254,35.0921435],[129.0470366,35.0921318],[129.0470146,35.0921495],[129.046949,35.0921825],[129.0469417,35.0921865],[129.046937,35.0921954],[129.046893,35.092269],[129.0468705,35.092308],[129.0468572,35.0923372],[129.04685,35.0923532],[129.0468462,35.0923672],[129.0468436,35.0923766],[129.0468262,35.092416],[129.0468109,35.0924394],[129.0467867,35.0924612],[129.0467428,35.0924862]]]},"properties":{"name":"정비기반시설(도로)","type":"기반시설","admCode":"26200","mnum":"62600002620020230230UDT9990001003"}},{"type":"Feature","geometry":{"type":"Polygon","coordinates":[[[129.0358891,35.0921252],[129.0359203,35.0921351],[129.0361334,35.0920578],[129.0362765,35.0920033],[129.036615,35.0918772],[129.0369212,35.0917665],[129.0370055,35.091736],[129.037016,35.0917128],[129.0368944,35.0917574],[129.0367274,35.0918187],[129.0366517,35.0918464],[129.0359448,35.092105],[129.0358891,35.0921252]]]},"properties":{"name":"정비기반시설(도로)","type":"기반시설","admCode":"26200","mnum":"62600002620020070083UDT9990001001"}},{"type":"Feature","geometry":{"type":"Polygon","coordinates":[[[129.0622873,35.0933583],[129.0623003,35.0933958],[129.0623416,35.0936141],[129.0623511,35.093616],[129.0623864,35.0936659],[129.0624966,35.0936544],[129.0625282,35.0936518],[129.0625866,35.0936815],[129.0626017,35.093689],[129.0628144,35.0938012],[129.0627542,35.0938312],[129.0627628,35.0938374],[129.0627743,35.0938459],[129.0628352,35.0939011],[129.0629497,35.093934],[129.0630981,35.0940005],[129.0631158,35.0940224],[129.0632401,35.0941738],[129.0633079,35.0942565],[129.0633274,35.0942787],[129.0634272,35.0942538],[129.0640196,35.0947236],[129.0639984,35.0947383],[129.0639771,35.094753],[129.0640434,35.0947514],[129.0641098,35.0947498],[129.0641218,35.0947312],[129.0642224,35.094578],[129.064343,35.0943961],[129.0644068,35.0943023],[129.0644214,35.0942827],[129.0644162,35.0942287],[129.0644153,35.0942048],[129.0644016,35.0941837],[129.0644015,35.0941835],[129.0643237,35.0940615],[129.0642889,35.0940065],[129.0642817,35.0939936],[129.064197,35.0938616],[129.064128,35.093754],[129.0641258,35.0937495],[129.0640415,35.0936312],[129.0639885,35.0935505],[129.0639744,35.0935287],[129.0639545,35.0934986],[129.0638567,35.0933475],[129.0638466,35.0933331],[129.0637969,35.0932547],[129.063784,35.0932345],[129.0637598,35.0931975],[129.0637492,35.0931812],[129.0637073,35.0931169],[129.0637035,35.0931115],[129.0636572,35.0930336],[129.0636164,35.092966],[129.0635743,35.0928992],[129.06352,35.0928142],[129.0634771,35.0928298],[129.0634382,35.092844],[129.0634002,35.0928576],[129.0633622,35.0928711],[129.0633593,35.0928726],[129.0633563,35.0928741],[129.0633457,35.0928795],[129.0633351,35.0928849],[129.0633243,35.0928759],[129.0633136,35.0928669],[129.0633099,35.0928757],[129.0632939,35.0929066],[129.0632788,35.0929133],[129.0632005,35.0929482],[129.0631231,35.0929808],[129.0629957,35.0930382],[129.0629357,35.0930666],[129.0628269,35.0930795],[129.0625656,35.093239],[129.0623326,35.0933382],[129.062299,35.0933542],[129.0622873,35.0933583]]]},"properties":{"name":"청학1 재건축사업","type":"재건축","admCode":"26200","mnum":"62600002620020220279UDT1000001001"}},{"type":"Feature","geometry":{"type":"Polygon","coordinates":[[[129.0697438,35.0711437],[129.0697546,35.0711998],[129.0699751,35.0713326],[129.0700245,35.0713631],[129.0700769,35.0713909],[129.0700933,35.0713997],[129.070139,35.0714286],[129.0702197,35.0714789],[129.0703055,35.0715276],[129.0704117,35.071593],[129.0704368,35.0716109],[129.070457,35.071622],[129.0704719,35.0716305],[129.0704898,35.0716423],[129.0705056,35.0716517],[129.0706178,35.0717166],[129.0707321,35.071787],[129.0708466,35.0718529],[129.0709538,35.0719182],[129.0710247,35.07196],[129.071046,35.0719731],[129.0712681,35.072103],[129.0714504,35.0722125],[129.0715469,35.0722661],[129.0716564,35.0723269],[129.0719582,35.0724944],[129.072046,35.0725487],[129.0721007,35.0725797],[129.0722287,35.0726521],[129.0722377,35.0726572],[129.07228,35.0726491],[129.0722567,35.0726351],[129.0720666,35.0725256],[129.0721267,35.0724586],[129.0721583,35.0724235],[129.0723409,35.072212],[129.0725597,35.0719745],[129.0726571,35.0718313],[129.0725504,35.0717738],[129.0724708,35.0717307],[129.072457,35.0717131],[129.0724332,35.0716933],[129.0724847,35.0716369],[129.0723323,35.07148],[129.0723205,35.071484],[129.0723347,35.0714578],[129.0723999,35.0713968],[129.0724175,35.0713804],[129.0721827,35.0708281],[129.0721531,35.0707685],[129.0721673,35.0706888],[129.0721394,35.0706176],[129.0721106,35.0706185],[129.0720988,35.0706289],[129.0720569,35.0706662],[129.0719711,35.0706847],[129.0719729,35.0706789],[129.0719621,35.0706678],[129.0719475,35.0706678],[129.0718996,35.0708736],[129.0718792,35.0709611],[129.0716812,35.0709624],[129.071419,35.0710744],[129.0712401,35.0710475],[129.0710069,35.0710439],[129.0710214,35.0710152],[129.0710363,35.0709858],[129.0710091,35.0709846],[129.0709958,35.0709324],[129.0707018,35.0707377],[129.0706798,35.0707231],[129.0706438,35.0707262],[129.0705972,35.0707276],[129.0705633,35.0707297],[129.0704854,35.0707256],[129.0703561,35.0707154],[129.0702305,35.0707082],[129.0701244,35.0706988],[129.0701034,35.0706991],[129.0700851,35.0707035],[129.0700711,35.0707081],[129.0700473,35.0707185],[129.0700331,35.0707268],[129.0700267,35.0707324],[129.0700153,35.0707465],[129.0697971,35.0710736],[129.0697743,35.0711024],[129.0697438,35.0711437]]]},"properties":{"name":"동삼1 재건축사업 정비계획 결정 및 정비구역 지정 고시","type":"재건축","admCode":"26200","mnum":"62600002620020230332UDT1000001000"}},{"type":"Feature","geometry":{"type":"Polygon","coordinates":[[[129.056362,35.0981861],[129.0562229,35.0980301],[129.0561429,35.0979714],[129.0560307,35.0978606],[129.0559243,35.0977685],[129.0549754,35.0965668],[129.0549206,35.0965681],[129.054966,35.0966267],[129.0549785,35.0966403],[129.0550213,35.0966964],[129.0550283,35.0967052],[129.0550788,35.0967689],[129.0550849,35.0967774],[129.0551254,35.096828],[129.0551283,35.0968326],[129.0551901,35.0969124],[129.0551964,35.0969198],[129.0552113,35.0969392],[129.0552147,35.0969415],[129.0552414,35.0969754],[129.0552469,35.0969831],[129.0552726,35.0970192],[129.0552822,35.097031],[129.055319,35.0970792],[129.0553449,35.0971092],[129.0553679,35.0971389],[129.0554484,35.0972426],[129.0554891,35.0972935],[129.0555613,35.0973885],[129.0556022,35.097427],[129.0556153,35.0974421],[129.0556355,35.0974675],[129.0556462,35.09748],[129.0557423,35.097603],[129.0557489,35.0976117],[129.0557966,35.0976717],[129.055809,35.0976875],[129.0558616,35.0977504],[129.0558972,35.0977931],[129.0559243,35.0978244],[129.0559355,35.097834],[129.0560222,35.0979083],[129.0560358,35.0979199],[129.0561003,35.0979751],[129.0561472,35.0980153],[129.0561754,35.0980394],[129.0561992,35.0980578],[129.056212,35.0980679],[129.0562899,35.0981293],[129.0563445,35.0981723],[129.056362,35.0981861]]]},"properties":{"name":"정비기반시설(도로)","type":"기반시설","admCode":"26200","mnum":"62600002620020070473UDT9990001001"}},{"type":"Feature","geometry":{"type":"Polygon","coordinates":[[[129.0474834,35.0916675],[129.0475104,35.0917257],[129.0475434,35.0917465],[129.0476172,35.0917562],[129.0477273,35.0917698],[129.0478138,35.0917801],[129.0479246,35.0917939],[129.0479989,35.0918032],[129.0480278,35.0918068],[129.0481375,35.09182],[129.0482342,35.0918317],[129.0482561,35.0918345],[129.0482778,35.0918377],[129.0482991,35.0918424],[129.0483201,35.0918481],[129.0483503,35.0918591],[129.0483701,35.0918678],[129.048398,35.0918813],[129.0484515,35.0919067],[129.0483929,35.0918043],[129.04836,35.09181],[129.0483438,35.0918209],[129.0483362,35.0918273],[129.0483106,35.0918178],[129.0483012,35.0918178],[129.0482878,35.0918166],[129.0482611,35.0918112],[129.0482541,35.0918098],[129.0482515,35.0918104],[129.0482103,35.0918047],[129.04817,35.0917838],[129.0481549,35.0917775],[129.0481314,35.0917648],[129.0480705,35.0917403],[129.0480435,35.0917742],[129.0480432,35.0917745],[129.0480157,35.0917961],[129.0480145,35.0917954],[129.0479828,35.091773],[129.0479448,35.0917519],[129.047882,35.091725],[129.047866,35.0917224],[129.0478599,35.0917224],[129.0478534,35.0917231],[129.047856,35.0917208],[129.047836,35.0917175],[129.0477823,35.0917632],[129.0477571,35.0917626],[129.0477451,35.0917623],[129.047745,35.0917625],[129.0476837,35.0917221],[129.0475782,35.0916743],[129.0475703,35.0916719],[129.0475619,35.09167],[129.047548,35.0916667],[129.0475366,35.0916625],[129.0475112,35.0916596],[129.0474834,35.0916675]]]},"properties":{"name":"정비기반시설(도로)","type":"기반시설","admCode":"26200","mnum":"62600002620020230230UDT9990001008"}},{"type":"Feature","geometry":{"type":"Polygon","coordinates":[[[129.0555723,35.1750524],[129.055766,35.1750824],[129.0558434,35.1750209],[129.055924,35.1750368],[129.0559459,35.1749773],[129.0559852,35.1749849],[129.0560944,35.1750072],[129.0562106,35.1750301],[129.0562352,35.1749024],[129.0561436,35.1748889],[129.056146,35.1748708],[129.0561429,35.1748707],[129.0561398,35.1748706],[129.0561366,35.1748705],[129.0561335,35.1748705],[129.0561304,35.1748705],[129.0561272,35.1748706],[129.0561241,35.1748708],[129.056121,35.174871],[129.0561179,35.1748712],[129.0561148,35.1748715],[129.0561117,35.1748719],[129.0561086,35.1748722],[129.0561055,35.1748727],[129.0561024,35.1748732],[129.0560994,35.1748737],[129.0560963,35.1748743],[129.0560933,35.174875],[129.0560903,35.1748757],[129.0560873,35.1748764],[129.0560843,35.1748772],[129.0560813,35.174878],[129.0560784,35.1748789],[129.0560755,35.1748799],[129.0560726,35.1748808],[129.0560697,35.1748819],[129.0560669,35.174883],[129.0560641,35.1748841],[129.0560613,35.1748852],[129.0560585,35.1748865],[129.0560558,35.1748877],[129.0560371,35.1748966],[129.0560327,35.1748992],[129.0560283,35.1749017],[129.0560238,35.1749042],[129.0560192,35.1749066],[129.0560147,35.174909],[129.0560101,35.1749114],[129.0560055,35.1749137],[129.0560008,35.1749159],[129.0559961,35.1749182],[129.0559914,35.1749203],[129.0559867,35.1749225],[129.0559819,35.1749246],[129.0559771,35.1749266],[129.0559722,35.1749286],[129.0559674,35.1749305],[129.0559625,35.1749324],[129.0559576,35.1749343],[129.0559526,35.1749361],[129.0559477,35.1749379],[129.0559427,35.1749396],[129.0559376,35.1749412],[129.0559326,35.1749429],[129.0559275,35.1749444],[129.0559225,35.1749459],[129.0559174,35.1749474],[129.0559122,35.1749488],[129.0559071,35.1749502],[129.0559019,35.1749515],[129.0558967,35.1749528],[129.0558915,35.174954],[129.0555841,35.175025],[129.0555767,35.1750423],[129.0555723,35.1750524]]]},"properties":{"name":"정비기반시설(도로)","type":"기반시설","admCode":"26230","mnum":"62600002623020260139UDT1000001002"}},{"type":"Feature","geometry":{"type":"Polygon","coordinates":[[[129.0570768,35.1740809],[129.0572596,35.1739708],[129.057266,35.1739457],[129.0574972,35.1738028],[129.0575094,35.173814],[129.0577757,35.1736489],[129.0577875,35.1736529],[129.057826,35.1736412],[129.05783,35.1736258],[129.0578892,35.1735941],[129.0578851,35.1735776],[129.0579243,35.1735642],[129.0579795,35.1735222],[129.0580653,35.1734129],[129.0580816,35.173369],[129.0580116,35.1732573],[129.0579782,35.1732094],[129.057865,35.1729592],[129.0578565,35.1728902],[129.0578593,35.1728646],[129.0578526,35.1728605],[129.0578304,35.172847],[129.0577538,35.1728002],[129.0577318,35.1727868],[129.0577788,35.1727385],[129.0578331,35.1726825],[129.0579105,35.172603],[129.0579526,35.1725595],[129.0579693,35.1725426],[129.0580869,35.1724219],[129.0581405,35.1723634],[129.0582069,35.172291],[129.0582665,35.1722259],[129.0583259,35.1721614],[129.0583879,35.1720937],[129.0585041,35.1719709],[129.0585787,35.1718899],[129.0586334,35.1718304],[129.0586913,35.1717676],[129.0587901,35.1716601],[129.0586428,35.171608],[129.0585888,35.171589],[129.0586052,35.1716452],[129.0585719,35.1717001],[129.0585306,35.1717803],[129.0584435,35.1717591],[129.0584116,35.1718512],[129.0584004,35.1718487],[129.0583602,35.1719651],[129.0582651,35.1719443],[129.0582351,35.1719377],[129.0582117,35.1720101],[129.0581586,35.1719985],[129.0580084,35.1719658],[129.0580006,35.171964],[129.0579857,35.1719607],[129.0578275,35.1719263],[129.0578167,35.1719239],[129.0577242,35.1719036],[129.0576198,35.1718808],[129.0574983,35.1718543],[129.0574859,35.1718516],[129.0573511,35.1718222],[129.057213,35.171792],[129.0571595,35.1717799],[129.0569695,35.1717365],[129.0568657,35.1717143],[129.0567489,35.1716896],[129.0567042,35.1716802],[129.0565672,35.1716513],[129.0564483,35.1716261],[129.0563194,35.1715988],[129.0561873,35.1715707],[129.0560858,35.1715489],[129.0560456,35.1715566],[129.0559384,35.1716376],[129.0559223,35.1716498],[129.055835,35.1717155],[129.0558209,35.1717261],[129.0557601,35.1717721],[129.0556446,35.1718594],[129.0555431,35.1718531],[129.0554335,35.1718463],[129.0551851,35.1718299],[129.055177,35.1719145],[129.055169,35.1719961],[129.0551604,35.1720788],[129.0551524,35.1721583],[129.0551446,35.1722391],[129.0551347,35.1723364],[129.0551334,35.1723484],[129.0551229,35.1724465],[129.0551002,35.1726554],[129.0550937,35.1727276],[129.0552148,35.1727363],[129.0553349,35.172744],[129.0554559,35.1727524],[129.0555775,35.1727724],[129.0555729,35.1728049],[129.0555427,35.173173],[129.0555217,35.1733706],[129.0554865,35.1737129],[129.055476,35.1738274],[129.0554741,35.1738457],[129.0554644,35.1739519],[129.0554623,35.1739709],[129.0554516,35.1740869],[129.0554426,35.174182],[129.055433,35.1742842],[129.0554257,35.1743627],[129.0554215,35.1744087],[129.0553137,35.1744665],[129.0551668,35.1745533],[129.0551054,35.1745893],[129.0550718,35.1745981],[129.055017,35.1745941],[129.0550074,35.1745841],[129.0549216,35.1744929],[129.0549117,35.174586],[129.0549073,35.1746427],[129.0549031,35.1746857],[129.05489,35.174819],[129.0548883,35.1748367],[129.0548865,35.1748537],[129.0549029,35.1748437],[129.0549115,35.1748385],[129.0550092,35.1748455],[129.0551109,35.174853],[129.0551125,35.1748345],[129.0551127,35.1748327],[129.0551499,35.1748587],[129.0552423,35.1749301],[129.0552481,35.1749345],[129.0553736,35.1749676],[129.0555221,35.1750081],[129.0555841,35.175025],[129.0555767,35.1750423],[129.0555723,35.1750524],[129.055766,35.1750824],[129.0558434,35.1750209],[129.055924,35.1750368],[129.0559459,35.1749773],[129.0559852,35.1749849],[129.0560944,35.1750072],[129.0562106,35.1750301],[129.0562352,35.1749024],[129.0561436,35.1748889],[129.056146,35.1748708],[129.0562873,35.1748894],[129.0562906,35.1747485],[129.0562931,35.1746782],[129.0563146,35.1746246],[129.0563254,35.1746079],[129.0563766,35.1745685],[129.0564948,35.174489],[129.0566469,35.1743891],[129.0566538,35.1743794],[129.0567009,35.1743189],[129.0567176,35.1742975],[129.0570768,35.1740809]]]},"properties":{"name":"연지4 재개발사업 정비구역","type":"재개발","admCode":"26230","mnum":"62600002623020260139UDT1000001001"}},{"type":"Feature","geometry":{"type":"Polygon","coordinates":[[[129.0271961,35.155331],[129.027239,35.1553144],[129.0272039,35.1553073],[129.0268845,35.1552279],[129.0268845,35.1552279],[129.0268845,35.1552279],[129.0268739,35.1552247],[129.0268483,35.1552188],[129.0266027,35.1551623],[129.0265861,35.1551584],[129.0265841,35.155158],[129.0263627,35.155107],[129.0263405,35.1551242],[129.0263405,35.1551243],[129.0263405,35.1551242],[129.0263404,35.1551242],[129.0262288,35.1550959],[129.0259178,35.1550171],[129.0259079,35.1550367],[129.025783,35.1549939],[129.0256449,35.154954],[129.0254669,35.1549093],[129.0254381,35.1549121],[129.0254247,35.1549082],[129.0251126,35.1548319],[129.025071,35.1548217],[129.0250308,35.1548119],[129.0250033,35.1548052],[129.0248786,35.1547747],[129.0248295,35.1547629],[129.0247351,35.1547402],[129.0247336,35.1547424],[129.0247056,35.1547364],[129.0243118,35.1546477],[129.0239882,35.1545747],[129.0239123,35.1545576],[129.0238901,35.1545526],[129.0238524,35.154544],[129.0235363,35.154478],[129.0235327,35.1544774],[129.0234412,35.1544613],[129.0231765,35.1544022],[129.0231748,35.1544014],[129.0231362,35.154393],[129.0229359,35.1543496],[129.0227413,35.1543078],[129.0227326,35.1543224],[129.0227242,35.1543445],[129.0227183,35.1543623],[129.0227457,35.1543686],[129.0229415,35.1544109],[129.0229416,35.1544111],[129.0229671,35.1544179],[129.0229735,35.1544305],[129.0229735,35.1544446],[129.0229699,35.1544533],[129.0229637,35.154458],[129.0229578,35.1544626],[129.0229326,35.1544753],[129.0229033,35.1544865],[129.0229009,35.1544876],[129.0228452,35.1545132],[129.0228194,35.1545274],[129.0228193,35.1545275],[129.0228049,35.1545355],[129.0227571,35.1545781],[129.0227452,35.1545877],[129.0227276,35.1546119],[129.0227276,35.1546119],[129.0227249,35.1546155],[129.0228155,35.1546694],[129.0228287,35.1546897],[129.0228352,35.1546993],[129.0229472,35.1548128],[129.0229885,35.1548561],[129.0232105,35.154913],[129.0236424,35.1551793],[129.0236424,35.1551793],[129.0236813,35.1551862],[129.0237083,35.1551203],[129.0239054,35.155179],[129.0240664,35.1552247],[129.0241834,35.1552605],[129.0243249,35.1553037],[129.0243429,35.1553093],[129.0244031,35.155325],[129.0246679,35.1553937],[129.0246952,35.1554008],[129.0248986,35.1554651],[129.0249037,35.1554667],[129.0249249,35.1554734],[129.0250036,35.1554984],[129.0250036,35.1554984],[129.0250036,35.1554983],[129.0253601,35.1556111],[129.0253601,35.1556111],[129.0255501,35.1556713],[129.0255501,35.1556712],[129.0256498,35.1557028],[129.0256249,35.155774],[129.0256319,35.1557755],[129.0256836,35.1558148],[129.0257068,35.1558283],[129.0258333,35.1559195],[129.0258763,35.1559524],[129.026068,35.156036],[129.0260848,35.1560433],[129.0264896,35.1562208],[129.0265925,35.1561135],[129.026554,35.1560484],[129.0264634,35.1558947],[129.0264091,35.1558345],[129.0263958,35.1558186],[129.0265001,35.155364],[129.0266958,35.1553913],[129.0269221,35.1554226],[129.0270285,35.1554015],[129.0270286,35.1554015],[129.0270727,35.1553926],[129.027073,35.1553927],[129.0271541,35.1553782],[129.0271699,35.1553413],[129.0271698,35.1553413],[129.0271961,35.155331]]]},"properties":{"name":"개금2 재개발사업 정비구역","type":"재개발","admCode":"26230","mnum":"62600002623020250531UDT1000001001"}},{"type":"Feature","geometry":{"type":"Polygon","coordinates":[[[129.0685499,35.1675295],[129.0685898,35.1676178],[129.0686676,35.1677591],[129.0687381,35.1678913],[129.0688186,35.1680424],[129.0688438,35.1680907],[129.0689171,35.1682312],[129.0690281,35.1682343],[129.0690835,35.1683036],[129.0691363,35.1683685],[129.0691569,35.1683939],[129.0692395,35.1684977],[129.0692583,35.1685213],[129.0694067,35.1687073],[129.0695546,35.1688899],[129.0695599,35.1688967],[129.0696853,35.1690517],[129.069748,35.1691296],[129.0698143,35.1691245],[129.0699389,35.1691148],[129.0699753,35.1690409],[129.0700414,35.1689078],[129.0701183,35.1687574],[129.0701645,35.1686659],[129.0701718,35.1686505],[129.070239,35.1685175],[129.0702819,35.1684321],[129.0703151,35.1683654],[129.0703887,35.1682181],[129.0704854,35.168027],[129.0704947,35.1680381],[129.0705392,35.1679541],[129.0705487,35.1679339],[129.0705652,35.1679036],[129.070595,35.1678449],[129.0708594,35.1673923],[129.0708802,35.1673567],[129.0708898,35.1673366],[129.0709691,35.1671909],[129.0710231,35.1670904],[129.0710333,35.1670717],[129.0710762,35.1669926],[129.0710902,35.1669684],[129.0710855,35.1669691],[129.0710815,35.1669698],[129.0710634,35.1669741],[129.0710487,35.1669779],[129.0711033,35.1668834],[129.0711168,35.1668576],[129.0710986,35.1668439],[129.071029,35.1668013],[129.0710049,35.1667933],[129.0709711,35.1668712],[129.0709446,35.1669581],[129.070691,35.1669492],[129.0706916,35.1669578],[129.0706628,35.1669758],[129.0706476,35.1669749],[129.0706195,35.1669731],[129.0705843,35.16697],[129.0705518,35.167003],[129.0705173,35.1669784],[129.0705005,35.1669859],[129.0704893,35.1669851],[129.0704181,35.1670139],[129.0704366,35.1669948],[129.0703573,35.1669963],[129.0702809,35.1670045],[129.0702063,35.1670205],[129.0702044,35.1670004],[129.0701918,35.1670036],[129.0700725,35.1670361],[129.0700694,35.167037],[129.0700604,35.1670394],[129.0700589,35.1670331],[129.0700578,35.1670286],[129.070004,35.1670444],[129.0698072,35.1671019],[129.0697745,35.1671115],[129.0696399,35.167115],[129.0696332,35.1671586],[129.0696026,35.1671696],[129.0696013,35.1671784],[129.0695903,35.1671816],[129.0695897,35.1671876],[129.069584,35.1672392],[129.0695759,35.1672508],[129.0695638,35.167268],[129.0695261,35.1672813],[129.0695264,35.1672921],[129.0695266,35.1673016],[129.0695269,35.1673107],[129.0695258,35.1673119],[129.0695201,35.1673181],[129.0695125,35.1673244],[129.0695162,35.1673371],[129.0694871,35.1673456],[129.0694735,35.1673513],[129.0693965,35.1673988],[129.069337,35.1674316],[129.0693462,35.1674377],[129.0693328,35.1674447],[129.0693649,35.1674666],[129.0693354,35.1675236],[129.0693179,35.1675546],[129.069316,35.1675579],[129.069304,35.1675746],[129.0692894,35.1675949],[129.0692796,35.1676107],[129.0692697,35.1676265],[129.0692567,35.1676673],[129.0692543,35.1676663],[129.0691356,35.1676133],[129.0691424,35.1676052],[129.069137,35.167603],[129.0691492,35.1675885],[129.0691328,35.1675792],[129.0691084,35.1675979],[129.0690993,35.1676049],[129.069063,35.16754],[129.0690404,35.167535],[129.069011,35.1675427],[129.0689995,35.1675252],[129.068974,35.1674862],[129.0689987,35.1674758],[129.0689935,35.1674689],[129.0689481,35.1674085],[129.0689428,35.1673812],[129.068937,35.167351],[129.0688538,35.1672836],[129.0688366,35.1672696],[129.0687539,35.1672615],[129.0687342,35.1671863],[129.0687309,35.167166],[129.0687272,35.1671441],[129.0687251,35.1671309],[129.0687163,35.1670782],[129.0687068,35.1668194],[129.0686216,35.1667986],[129.0686204,35.1668006],[129.0685992,35.1668366],[129.0685269,35.1669616],[129.0684449,35.1671873],[129.0683686,35.1671769],[129.0683631,35.16718],[129.0683203,35.1672031],[129.0683713,35.1672266],[129.0684483,35.1673237],[129.0684511,35.1673283],[129.0684935,35.1673988],[129.068514,35.1674494],[129.0685499,35.1675295]]]},"properties":{"name":"양정4 재개발사업 정비구역","type":"재개발","admCode":"26230","mnum":"62600002623020250520UDT1000001001"}},{"type":"Feature","geometry":{"type":"Polygon","coordinates":[[[129.0756302,35.1699376],[129.0756029,35.1699532],[129.0752235,35.1699298],[129.0751907,35.1699238],[129.0751779,35.1699095],[129.0751776,35.1699095],[129.0751331,35.1699152],[129.0750543,35.1699934],[129.0750506,35.1699931],[129.0750664,35.1699236],[129.0747621,35.1699684],[129.0746917,35.1699619],[129.0744635,35.1699429],[129.0744585,35.1699425],[129.0744471,35.1699421],[129.0743528,35.1699378],[129.0741903,35.1699406],[129.0741606,35.1699408],[129.0741281,35.1699449],[129.0740335,35.1699569],[129.0739841,35.1699596],[129.0734434,35.1699563],[129.0734289,35.169944],[129.0733817,35.1699039],[129.0733579,35.1699555],[129.0732624,35.1701616],[129.0732525,35.1701665],[129.073163,35.1702137],[129.0730465,35.170274],[129.0727393,35.1704358],[129.0726914,35.170461],[129.0725876,35.1705151],[129.0725757,35.170521],[129.0724529,35.170585],[129.0724418,35.1705716],[129.0723224,35.1706313],[129.0724126,35.1707442],[129.0725064,35.1708618],[129.0725211,35.1708802],[129.0725398,35.1709037],[129.0725691,35.1709399],[129.072645,35.1710364],[129.0726612,35.171057],[129.07269,35.1710927],[129.072753,35.1711719],[129.0727583,35.1711762],[129.0727727,35.1711878],[129.0729242,35.1713067],[129.0729081,35.1712189],[129.07309,35.171027],[129.0732351,35.1708721],[129.0732667,35.1708795],[129.0733569,35.1708867],[129.0733636,35.1708789],[129.0734255,35.1708786],[129.0734366,35.1708802],[129.0735285,35.1708981],[129.0735218,35.1709158],[129.0735058,35.1709584],[129.0734784,35.171034],[129.0734732,35.1710476],[129.0734343,35.171148],[129.0733911,35.171239],[129.0734636,35.1712603],[129.0734503,35.1712772],[129.0734266,35.1713073],[129.0732828,35.1714161],[129.0732506,35.1714409],[129.0732933,35.171457],[129.073326,35.1714681],[129.0733434,35.1714747],[129.0734579,35.1715149],[129.0735197,35.1715369],[129.0736043,35.171566],[129.0736148,35.17157],[129.0736201,35.1715714],[129.0737037,35.171601],[129.0737809,35.1716204],[129.0738849,35.1716475],[129.0739604,35.1716663],[129.0741039,35.1717064],[129.0742207,35.1717386],[129.0742883,35.171757],[129.0744274,35.1717944],[129.0744676,35.1718059],[129.074559,35.1718325],[129.0746439,35.1718592],[129.0747573,35.1718949],[129.0748128,35.1719124],[129.0749538,35.1719514],[129.0749866,35.1719603],[129.0750808,35.1719861],[129.0751817,35.1720134],[129.0752657,35.1720361],[129.0753064,35.1720475],[129.0754029,35.1720727],[129.0754599,35.1720898],[129.0755623,35.1721185],[129.075692,35.1721523],[129.0758022,35.1721803],[129.0759114,35.1722081],[129.0759582,35.1722194],[129.0759614,35.1722202],[129.0760416,35.1722405],[129.0761281,35.1722624],[129.0761668,35.1722722],[129.0761752,35.1722741],[129.0761959,35.1722787],[129.0761523,35.1724144],[129.0761557,35.1724345],[129.0761602,35.1724511],[129.0761806,35.1725266],[129.0761868,35.1725496],[129.0761517,35.1726114],[129.0761446,35.1726239],[129.0761356,35.1726399],[129.0761157,35.1726748],[129.0760972,35.1727074],[129.0760878,35.1727243],[129.0760693,35.1727573],[129.0760466,35.1727981],[129.076022,35.1728422],[129.0760038,35.1728746],[129.0759738,35.1729285],[129.0759239,35.1730178],[129.0758949,35.1730697],[129.0758458,35.1731554],[129.075825,35.1731887],[129.0758161,35.173204],[129.0757759,35.1732734],[129.0757759,35.1732738],[129.0756992,35.1734095],[129.0756821,35.1734455],[129.0756316,35.1735035],[129.0756185,35.1735184],[129.0755833,35.1735584],[129.0755391,35.1736091],[129.0754913,35.1736635],[129.0754898,35.1736641],[129.075458,35.1737016],[129.0754512,35.1737063],[129.075449,35.1737119],[129.0754118,35.173754],[129.0752331,35.1739585],[129.0751529,35.1741887],[129.0751155,35.1742966],[129.0751389,35.1743059],[129.0751667,35.1743169],[129.0751845,35.1743239],[129.0752832,35.1743628],[129.0753612,35.1743935],[129.0754659,35.1744344],[129.0755699,35.1744751],[129.0756823,35.1745197],[129.075755,35.1745482],[129.0760088,35.1746475],[129.0761025,35.1746847],[129.0761705,35.174711],[129.0761811,35.174715],[129.076198,35.1747216],[129.0762892,35.1747572],[129.0763851,35.1747954],[129.0764779,35.1748318],[129.0764945,35.1748384],[129.0765937,35.1748775],[129.0766529,35.1749006],[129.0767731,35.1749479],[129.0768473,35.1748205],[129.0768808,35.174764],[129.0769184,35.1746998],[129.0769251,35.1746887],[129.0769751,35.1746015],[129.0770103,35.1745414],[129.0769928,35.1744973],[129.0769437,35.17448],[129.0769139,35.1744691],[129.0769496,35.174402],[129.0769964,35.1743066],[129.0769711,35.1742975],[129.0770024,35.1742418],[129.0770085,35.1742403],[129.0770262,35.1742165],[129.077035,35.1742001],[129.0770483,35.1742055],[129.0770604,35.1741758],[129.0770858,35.1741321],[129.0771285,35.1740587],[129.0771412,35.1740365],[129.0771484,35.174026],[129.07708,35.1739984],[129.0770843,35.1739901],[129.0770547,35.1739782],[129.0769249,35.1739272],[129.0769591,35.1738537],[129.0769986,35.173766],[129.0770526,35.1736497],[129.0770963,35.1735566],[129.0770964,35.1735566],[129.0771201,35.1735437],[129.0771209,35.1735433],[129.0771182,35.1735404],[129.0770791,35.1734709],[129.0770737,35.1734602],[129.0770697,35.1733647],[129.0770683,35.1733337],[129.077066,35.1732858],[129.0770658,35.1732821],[129.0770568,35.1732381],[129.0770534,35.1732213],[129.0770751,35.1731867],[129.0770986,35.1731615],[129.0771142,35.1731448],[129.0771346,35.1731312],[129.0771537,35.1731184],[129.0771941,35.1731011],[129.0772042,35.1730939],[129.0772381,35.1730798],[129.0772669,35.1730671],[129.0772947,35.1730572],[129.0773305,35.1730443],[129.0773816,35.1730268],[129.0773816,35.1730268],[129.0773856,35.173024],[129.0774324,35.1729903],[129.0774725,35.1729751],[129.0774763,35.1729729],[129.0775337,35.1729378],[129.07759,35.1729035],[129.077602,35.1728976],[129.0776122,35.1728925],[129.0776534,35.172877],[129.0776907,35.1728699],[129.0777211,35.1728773],[129.0777421,35.1728829],[129.0777781,35.1728994],[129.0777881,35.1728774],[129.0777797,35.1728559],[129.0777837,35.1728348],[129.0777603,35.172794],[129.0777435,35.1727586],[129.0777341,35.1727274],[129.0777346,35.172691],[129.0777356,35.1726607],[129.0777362,35.1726382],[129.0777044,35.1726232],[129.0776443,35.1725464],[129.0776313,35.1725327],[129.0775892,35.1724738],[129.0776192,35.1724141],[129.0776646,35.1723237],[129.0776859,35.1722814],[129.0777305,35.1721925],[129.0777642,35.1721254],[129.0777715,35.172111],[129.0778169,35.1720123],[129.0778252,35.1719945],[129.0778507,35.17191],[129.0778549,35.1718978],[129.0778905,35.1717922],[129.0778895,35.1717919],[129.0778906,35.1717919],[129.077895,35.1717771],[129.0779356,35.171642],[129.0779355,35.1716416],[129.0779529,35.171582],[129.0779794,35.1714873],[129.0780784,35.171114],[129.0781637,35.1710949],[129.0779667,35.1710107],[129.077958,35.171007],[129.0779331,35.1709965],[129.0778558,35.1709631],[129.0778161,35.1709454],[129.0777478,35.1709165],[129.0776559,35.170878],[129.0776348,35.1708672],[129.0774982,35.1709968],[129.0774744,35.1710155],[129.0774014,35.1710729],[129.0773516,35.1711174],[129.0773145,35.1710907],[129.0773127,35.1710657],[129.077227,35.1710406],[129.0772187,35.171036],[129.0771776,35.1710118],[129.0771681,35.1709856],[129.0771612,35.1709666],[129.0770413,35.1709819],[129.0770235,35.1709004],[129.0770866,35.1708942],[129.0770839,35.1708773],[129.0770024,35.1708845],[129.0769895,35.1708176],[129.0769787,35.1708262],[129.0769692,35.170834],[129.0769789,35.1707786],[129.076981,35.1707664],[129.0769419,35.1707262],[129.0768763,35.1706411],[129.0768438,35.1706309],[129.0768414,35.1706301],[129.0767844,35.1706336],[129.0767774,35.1706362],[129.0767751,35.1706203],[129.0767664,35.1705591],[129.076757,35.1704856],[129.0767298,35.1704746],[129.0767062,35.170465],[129.0765652,35.1704086],[129.0763969,35.170335],[129.0761602,35.1702348],[129.0761798,35.1701356],[129.0758216,35.1699851],[129.0758224,35.1699785],[129.0758101,35.1699734],[129.075771,35.169957],[129.0757345,35.169948],[129.0757179,35.1699556],[129.075702,35.1699421],[129.0756302,35.1699376]]]},"properties":{"name":"양정1 재개발사업 정비구역","type":"재개발","admCode":"26230","mnum":"62600002623020250467UDT1000001001"}},{"type":"Feature","geometry":{"type":"Polygon","coordinates":[[[129.028399,35.155324],[129.028399,35.155324],[129.0285468,35.1553567],[129.0285469,35.1553567],[129.0285469,35.1553567],[129.0285888,35.1553648],[129.0287288,35.1553924],[129.0290006,35.1554481],[129.0290008,35.1554482],[129.0290518,35.1554603],[129.0290547,35.155461],[129.0290807,35.1554659],[129.0292144,35.1554912],[129.0292298,35.1554929],[129.0294102,35.1555118],[129.0297677,35.1555651],[129.0301811,35.1556221],[129.0303892,35.1556503],[129.0306186,35.1556818],[129.0307538,35.1557004],[129.0307843,35.1556824],[129.0308076,35.1556686],[129.0308261,35.1555526],[129.0308261,35.1555525],[129.0308517,35.1554337],[129.0308874,35.1552675],[129.0308874,35.1552673],[129.030894,35.155211],[129.0308954,35.1551988],[129.0309048,35.1551384],[129.0308855,35.1551215],[129.0308751,35.1551125],[129.0308611,35.1550979],[129.0307646,35.1550845],[129.0307626,35.1550846],[129.0306252,35.1550651],[129.0306247,35.155065],[129.0303938,35.1550299],[129.0303934,35.1550299],[129.0303841,35.1550284],[129.0303275,35.1550196],[129.0303271,35.1550195],[129.0302347,35.1550069],[129.0302343,35.1550068],[129.0301069,35.154986],[129.0301068,35.1549859],[129.0301067,35.154986],[129.0301063,35.1549859],[129.0300634,35.1549806],[129.0300252,35.1549758],[129.0300247,35.1549757],[129.0298914,35.1549578],[129.0295321,35.1549088],[129.0295124,35.1549257],[129.0295069,35.1549251],[129.0294904,35.154906],[129.0294451,35.1548685],[129.0294056,35.1548563],[129.0293971,35.1548537],[129.0293295,35.1548576],[129.0293152,35.154858],[129.0290752,35.1548107],[129.0290507,35.1548054],[129.0289362,35.1547832],[129.028885,35.1547733],[129.0288465,35.1547652],[129.0287981,35.1547551],[129.0287602,35.1547488],[129.0287224,35.1547426],[129.0285994,35.15472],[129.0285084,35.154702],[129.0284868,35.1546973],[129.028418,35.154682],[129.028368,35.1546708],[129.0283491,35.1546672],[129.0283246,35.1546625],[129.0283091,35.1546595],[129.0282936,35.1546564],[129.0282487,35.1546475],[129.0282103,35.1546399],[129.0281793,35.1546338],[129.0281649,35.1546212],[129.0281258,35.1546142],[129.0279417,35.154584],[129.027875,35.1545736],[129.0277913,35.1545984],[129.0277421,35.1547649],[129.0276922,35.1549255],[129.0276912,35.154928],[129.0276903,35.1549314],[129.0276816,35.1549628],[129.0276807,35.1549659],[129.0276498,35.1550668],[129.0276487,35.1550703],[129.027632,35.1551242],[129.0276591,35.1551626],[129.0277594,35.1551842],[129.0278912,35.1552126],[129.0280266,35.1552413],[129.0281576,35.1552683],[129.0282623,35.1552907],[129.028399,35.155324]]]},"properties":{"name":"가야5 재개발사업 정비구역","type":"재개발","admCode":"26230","mnum":"62600002623020250392UDT1000001001"}},{"type":"Feature","geometry":{"type":"Polygon","coordinates":[[[129.0258164,35.1599298],[129.0258654,35.1600211],[129.0258468,35.1600797],[129.0258436,35.160113],[129.0258435,35.1601139],[129.0259059,35.1601554],[129.0259628,35.1602662],[129.0259727,35.160314],[129.0259792,35.1603619],[129.0260974,35.160283],[129.0261234,35.1602666],[129.0261499,35.1602509],[129.0261775,35.1602363],[129.0262064,35.1602229],[129.0262358,35.160211],[129.0262655,35.1601997],[129.0264924,35.1601129],[129.0265923,35.1600747],[129.0266214,35.1600627],[129.0266501,35.1600501],[129.0266781,35.1600362],[129.0267055,35.1600215],[129.026731,35.1600048],[129.0267547,35.1599867],[129.026778,35.1599677],[129.0268005,35.1599487],[129.0268221,35.1599283],[129.0268415,35.1599069],[129.0268583,35.1598837],[129.0268702,35.1598586],[129.0268798,35.1598328],[129.026976,35.1595621],[129.0270731,35.1592885],[129.0271101,35.1591847],[129.027162,35.159039],[129.0269758,35.1589941],[129.026008,35.158761],[129.0257609,35.1587014],[129.0257502,35.1587067],[129.0257381,35.1587176],[129.0257417,35.158742],[129.0257325,35.1587583],[129.0257225,35.1587677],[129.025722,35.1587682],[129.0256859,35.1587745],[129.0256969,35.1588162],[129.0256705,35.1588877],[129.0256782,35.1589167],[129.0256859,35.1589464],[129.0256903,35.1589854],[129.0256754,35.1590052],[129.0256235,35.159074],[129.025588,35.1591009],[129.0254933,35.1591726],[129.0254911,35.1592206],[129.0254988,35.1592382],[129.0255279,35.1593045],[129.0255514,35.159358],[129.0255613,35.1593719],[129.0255908,35.1594132],[129.0255955,35.1594306],[129.0256225,35.1595317],[129.0256729,35.1596095],[129.0256664,35.1596818],[129.0256801,35.1596885],[129.0257676,35.1597606],[129.0257768,35.1598561],[129.0258164,35.1599298]]]},"properties":{"name":"","type":"기타","admCode":"26230","mnum":"62600002623020250153UDT1000001001"}},{"type":"Feature","geometry":{"type":"Polygon","coordinates":[[[129.0461291,35.1518336],[129.0461285,35.1518248],[129.0460582,35.1518324],[129.0460442,35.1518321],[129.0457967,35.1518266],[129.0456542,35.1517896],[129.045561,35.1517654],[129.0455319,35.1517554],[129.0454623,35.1517313],[129.0454524,35.1517282],[129.0454069,35.151714],[129.0454287,35.1517215],[129.0456606,35.1518047],[129.0456845,35.1518131],[129.0456888,35.1518146],[129.0456936,35.1518163],[129.0456992,35.1518182],[129.0457046,35.1518199],[129.0457103,35.1518217],[129.0457156,35.1518233],[129.0457207,35.1518246],[129.0457262,35.151826],[129.0457318,35.1518273],[129.0457363,35.1518281],[129.045744,35.1518294],[129.0457507,35.1518303],[129.0457567,35.1518309],[129.0457621,35.1518314],[129.0457699,35.1518319],[129.0459133,35.1518383],[129.0460032,35.1518409],[129.0460599,35.1518339],[129.0460743,35.1518329],[129.0460942,35.1518321],[129.04611,35.1518323],[129.0461291,35.1518336]]]},"properties":{"name":"정비기반시설(도로)","type":"기반시설","admCode":"26230","mnum":"62600002623020250108UDT9990001001"}},{"type":"Feature","geometry":{"type":"Polygon","coordinates":[[[129.0492189,35.1767107],[129.0492716,35.1766978],[129.0494487,35.1767548],[129.0495114,35.176766],[129.0495214,35.1767307],[129.0494602,35.1767198],[129.0493151,35.1766731],[129.0492894,35.1766333],[129.0492189,35.1767107]]]},"properties":{"name":"","type":"기타","admCode":"26230","mnum":"62600002623020240493UDT1000001003"}},{"type":"Feature","geometry":{"type":"Polygon","coordinates":[[[129.0515564,35.1766371],[129.0515017,35.1766408],[129.0515599,35.176686],[129.0515664,35.1766859],[129.0516264,35.1766211],[129.0516427,35.176606],[129.0516545,35.1766153],[129.0516651,35.1766057],[129.0517131,35.1765597],[129.0517274,35.1765465],[129.0517477,35.1765264],[129.0518259,35.1764457],[129.0518227,35.1764436],[129.0518371,35.1764304],[129.0518512,35.1764398],[129.0519218,35.1763662],[129.0519323,35.1763734],[129.0520286,35.1762039],[129.0521241,35.1760366],[129.052222,35.1758652],[129.0523082,35.1757142],[129.052419,35.17552],[129.0523795,35.1755034],[129.0523591,35.1754975],[129.0522485,35.1756913],[129.0521623,35.1758422],[129.0520645,35.1760136],[129.051969,35.1761809],[129.051948,35.1762178],[129.0518821,35.1763171],[129.0518668,35.1763361],[129.0517968,35.176409],[129.0517589,35.176448],[129.0516442,35.1765688],[129.0516249,35.1765816],[129.0516095,35.1765878],[129.0515898,35.176601],[129.0515564,35.1766371]]]},"properties":{"name":"","type":"기타","admCode":"26230","mnum":"62600002623020240493UDT1000001002"}},{"type":"Feature","geometry":{"type":"Polygon","coordinates":[[[129.0492189,35.1767107],[129.0492716,35.1766978],[129.0494487,35.1767548],[129.0495668,35.1767759],[129.0495419,35.1768669],[129.0495364,35.1768873],[129.0495215,35.1768848],[129.0496244,35.1769802],[129.0496598,35.1769006],[129.049663,35.176879],[129.0496639,35.1768745],[129.0496898,35.1768768],[129.0497375,35.1768811],[129.0497443,35.176864],[129.049786,35.1768707],[129.049777,35.1768847],[129.0499683,35.1769158],[129.0499514,35.1768969],[129.0500671,35.176915],[129.050145,35.1769305],[129.0501401,35.1769565],[129.0503138,35.1769832],[129.0503775,35.1769486],[129.0505394,35.1768626],[129.0504895,35.1766498],[129.0505808,35.1766669],[129.0506007,35.1765607],[129.0506031,35.1765483],[129.0506234,35.1764426],[129.0506461,35.176362],[129.050746,35.1763806],[129.0508829,35.176406],[129.0509021,35.1764094],[129.0510106,35.1764294],[129.0512087,35.1764656],[129.051253,35.1764994],[129.0512889,35.1765268],[129.0514067,35.1766167],[129.0514593,35.1766568],[129.0514997,35.1766868],[129.0515664,35.1766859],[129.0516264,35.1766211],[129.0516427,35.176606],[129.0516545,35.1766153],[129.0516651,35.1766057],[129.0517131,35.1765597],[129.0517274,35.1765465],[129.0517477,35.1765264],[129.0518259,35.1764457],[129.0518227,35.1764436],[129.0518371,35.1764304],[129.0518512,35.1764398],[129.0519218,35.1763662],[129.0519323,35.1763734],[129.0520286,35.1762039],[129.0521241,35.1760366],[129.052222,35.1758652],[129.0523082,35.1757142],[129.052419,35.17552],[129.0523795,35.1755034],[129.0521083,35.1754243],[129.0521513,35.1753135],[129.0521868,35.1752288],[129.0521981,35.1752039],[129.0522885,35.1752277],[129.0523352,35.1752249],[129.0523351,35.1752299],[129.052441,35.1752199],[129.0524811,35.1752153],[129.0524815,35.1752035],[129.0524788,35.1751979],[129.0524819,35.1751919],[129.0524823,35.1751802],[129.0524942,35.1751678],[129.0525851,35.1749894],[129.0526076,35.174923],[129.0527037,35.1749303],[129.0527662,35.1749384],[129.0528045,35.1749618],[129.0528639,35.1749982],[129.052929,35.1750255],[129.0529877,35.1750311],[129.0529699,35.1750617],[129.0529761,35.1750846],[129.0531151,35.1751055],[129.0531727,35.1751138],[129.0532564,35.1751763],[129.0533067,35.1752141],[129.0533679,35.1752435],[129.0534627,35.1752697],[129.0534918,35.1752788],[129.05353,35.1752955],[129.0536092,35.1753347],[129.0536381,35.1753492],[129.0537038,35.1752715],[129.0537328,35.1752418],[129.0537999,35.1751775],[129.0538211,35.1751565],[129.0538806,35.1751635],[129.0539303,35.1751319],[129.0539598,35.1751138],[129.0540298,35.1749988],[129.0540531,35.1749641],[129.0541862,35.1747754],[129.0542365,35.1747767],[129.0542357,35.1747781],[129.0543858,35.1747845],[129.0545027,35.1747916],[129.0546182,35.1747983],[129.054634,35.1746256],[129.0546411,35.1745691],[129.0546521,35.1744358],[129.0546575,35.1743744],[129.0546649,35.1743001],[129.0546778,35.174168],[129.0546793,35.1741526],[129.0546868,35.1740778],[129.0546945,35.1740012],[129.0547019,35.1739232],[129.0546453,35.1739191],[129.0545872,35.1739134],[129.0544274,35.1739046],[129.0543564,35.1738994],[129.0543183,35.1738968],[129.0542943,35.1738952],[129.0542622,35.1738927],[129.0541781,35.1738869],[129.0540674,35.1738794],[129.0540421,35.1738772],[129.0539093,35.1738677],[129.0537497,35.1738571],[129.0537173,35.1738533],[129.0536435,35.1738446],[129.0536227,35.1738414],[129.0535982,35.1738391],[129.0535205,35.1738314],[129.0533948,35.1737944],[129.053362,35.1737847],[129.0532084,35.1737361],[129.0530657,35.1736945],[129.0530591,35.1736921],[129.0530479,35.1736892],[129.0529187,35.1736507],[129.052875,35.1736359],[129.0528479,35.1736349],[129.0526992,35.1736017],[129.0525824,35.1735764],[129.0524627,35.1735489],[129.0523327,35.1735205],[129.0523003,35.173513],[129.0522823,35.1735092],[129.0522506,35.1734991],[129.0521342,35.1734638],[129.0521787,35.1733897],[129.0522085,35.173349],[129.0523218,35.1731879],[129.0523762,35.1731094],[129.0523923,35.1730864],[129.0524078,35.1730632],[129.0524608,35.1729873],[129.0523299,35.1729107],[129.052223,35.1728492],[129.0521024,35.1727785],[129.0520143,35.1727262],[129.0519368,35.1726812],[129.0518286,35.1726138],[129.0518011,35.172595],[129.051774,35.1725744],[129.0517354,35.1725406],[129.0516989,35.1724929],[129.0516782,35.172432],[129.0516063,35.1723691],[129.0515498,35.1723544],[129.0515062,35.1722784],[129.0514984,35.1722539],[129.0514821,35.1722857],[129.0514288,35.1723614],[129.0513029,35.1725429],[129.0512818,35.172574],[129.0512445,35.1726275],[129.0512234,35.1726593],[129.0511521,35.1727594],[129.0510482,35.172801],[129.0509285,35.1726076],[129.0509021,35.1726179],[129.0505573,35.172753],[129.0505463,35.1727505],[129.0504991,35.1727683],[129.0504841,35.1726655],[129.0503421,35.1726656],[129.0503385,35.1726713],[129.050318,35.172704],[129.0502452,35.1728164],[129.0501726,35.1727913],[129.0501408,35.1728638],[129.0501114,35.1729305],[129.0501021,35.1729395],[129.0500565,35.1729821],[129.050029,35.1730424],[129.050036,35.1731754],[129.0500375,35.173204],[129.0500403,35.1732573],[129.0500454,35.1733538],[129.0500485,35.1734126],[129.0500511,35.1734644],[129.0500555,35.1735519],[129.0500569,35.1735818],[129.0500611,35.1736667],[129.0500617,35.1736989],[129.050063,35.1737674],[129.0500635,35.1737915],[129.050087,35.1738471],[129.0501005,35.1739549],[129.0500787,35.1740336],[129.0500703,35.1740528],[129.0500414,35.1741169],[129.0500168,35.1741716],[129.0500135,35.1741786],[129.0499201,35.1742651],[129.0498777,35.174304],[129.0498742,35.1743184],[129.0498666,35.1743456],[129.0498399,35.1744394],[129.0498133,35.1745368],[129.0497861,35.174636],[129.0497616,35.174726],[129.0497389,35.1748097],[129.0497239,35.1748651],[129.0496862,35.1749991],[129.0496705,35.1750591],[129.0496304,35.1752108],[129.0496111,35.1752842],[129.0495789,35.1754034],[129.0495358,35.175562],[129.0494981,35.1756923],[129.0494865,35.1757341],[129.0494657,35.1758096],[129.0494487,35.1758715],[129.0494301,35.1759393],[129.0494075,35.1760215],[129.0493877,35.1760932],[129.0493548,35.1762178],[129.0493368,35.1762835],[129.049315,35.1763623],[129.0492736,35.1765116],[129.0492438,35.1766178],[129.0492189,35.1767107]]]},"properties":{"name":"연지2 재개발사업 정비구역","type":"재개발","admCode":"26230","mnum":"62600002623020240493UDT1000001001"}},{"type":"Feature","geometry":{"type":"Polygon","coordinates":[[[129.0345069,35.1497972],[129.0345214,35.1498251],[129.0345481,35.1498771],[129.0345753,35.1499234],[129.0346062,35.14999],[129.0346355,35.150052],[129.0346762,35.1501383],[129.0347054,35.1501964],[129.0347466,35.150279],[129.0347978,35.1503856],[129.0348611,35.1505183],[129.0348766,35.1505556],[129.0348801,35.150564],[129.0349415,35.1506964],[129.0349536,35.1507194],[129.0349714,35.1507459],[129.0349861,35.1507784],[129.0350404,35.1508746],[129.0350781,35.1509439],[129.0351154,35.1510119],[129.0351649,35.1511039],[129.0351866,35.1511433],[129.0352445,35.1512488],[129.0352641,35.1512836],[129.0352739,35.1513011],[129.03531,35.151374],[129.0353243,35.1514076],[129.0353272,35.1514386],[129.0353387,35.1514656],[129.0353295,35.1515018],[129.0353397,35.1515143],[129.0353566,35.151554],[129.0354562,35.1517078],[129.0354899,35.1517549],[129.0355196,35.1517954],[129.035531,35.1518113],[129.0355749,35.1518729],[129.0355809,35.151882],[129.0356237,35.1519412],[129.0356722,35.1520087],[129.0356656,35.1520119],[129.0356775,35.1520177],[129.0358899,35.1523228],[129.0360004,35.1524715],[129.0360797,35.1525909],[129.0361748,35.1527346],[129.0361811,35.1527441],[129.0361982,35.15277],[129.0362073,35.1527822],[129.0363254,35.1529424],[129.0363816,35.1530204],[129.0364061,35.1530535],[129.036423,35.1530764],[129.036466,35.1531348],[129.0364726,35.1531441],[129.0365193,35.1532094],[129.0365736,35.1532838],[129.0365771,35.1532885],[129.0365878,35.1533031],[129.0366192,35.1533466],[129.0366738,35.1534228],[129.0366841,35.1534364],[129.0367065,35.1534679],[129.0367245,35.1534931],[129.0367299,35.1535008],[129.0367496,35.1535287],[129.0367518,35.1535314],[129.0367625,35.1535475],[129.0368349,35.1536498],[129.0368384,35.1536552],[129.0368446,35.1536627],[129.0369147,35.1537633],[129.0369603,35.1538289],[129.0370276,35.1539244],[129.0370416,35.1539429],[129.037063,35.153975],[129.0371365,35.1540793],[129.0371451,35.1540915],[129.037201,35.1541709],[129.0372187,35.1541962],[129.0372305,35.1542133],[129.0372405,35.1542277],[129.0372611,35.154236],[129.037306,35.1542389],[129.0373497,35.1542531],[129.0373797,35.1542422],[129.0375809,35.1541799],[129.0377783,35.1541199],[129.0379477,35.1540682],[129.0380112,35.1540487],[129.0380404,35.1540397],[129.0382845,35.1539647],[129.0383064,35.1539579],[129.0384785,35.1539056],[129.0385299,35.1538916],[129.0385695,35.1538701],[129.0386193,35.1538298],[129.0386495,35.1537577],[129.0386618,35.1537282],[129.0386658,35.1537201],[129.038662,35.1537134],[129.038662,35.1537044],[129.0386623,35.1536706],[129.0386494,35.1536303],[129.0386446,35.1536209],[129.0385886,35.1535071],[129.0385631,35.1534536],[129.0385575,35.1534463],[129.0385451,35.153423],[129.0385474,35.1534211],[129.0385389,35.1534051],[129.0385014,35.1533275],[129.0384983,35.1533208],[129.0384791,35.1532812],[129.0384401,35.1531992],[129.0384085,35.1531353],[129.0383919,35.153101],[129.0383511,35.1530191],[129.0383211,35.1529574],[129.0382844,35.1528817],[129.0382575,35.1528276],[129.0382532,35.1528178],[129.0381713,35.152646],[129.0381563,35.1526079],[129.0381369,35.1525586],[129.038133,35.15255],[129.0381092,35.1525116],[129.0380834,35.1524572],[129.0380811,35.1524518],[129.038037,35.1523558],[129.0379957,35.1522645],[129.0379808,35.1522312],[129.0379718,35.1522112],[129.0379531,35.1521696],[129.0379267,35.1521153],[129.037908,35.1520718],[129.0378821,35.1520209],[129.037877,35.1520097],[129.0378513,35.1519534],[129.0378148,35.1518898],[129.0377943,35.15186],[129.0377545,35.1518004],[129.0373899,35.1515143],[129.0373394,35.1514778],[129.0372088,35.151384],[129.037147,35.1513405],[129.0371187,35.15132],[129.0370859,35.1512973],[129.0370633,35.151281],[129.0370369,35.1512617],[129.0370086,35.1512412],[129.036967,35.1512096],[129.036863,35.1511322],[129.0368489,35.1511158],[129.0368085,35.1510684],[129.0367868,35.1510444],[129.0367587,35.1510016],[129.0367396,35.1509777],[129.0367136,35.1509349],[129.0366958,35.1509003],[129.03667,35.1508491],[129.0366549,35.1508133],[129.0366132,35.1507168],[129.0365835,35.1506462],[129.0365744,35.1506256],[129.0365399,35.150541],[129.0365191,35.150488],[129.0364981,35.1504357],[129.0364839,35.1504012],[129.0364282,35.1502695],[129.0363791,35.150147],[129.0363273,35.1500165],[129.036318,35.1499928],[129.0362647,35.1498593],[129.0362584,35.1498417],[129.0362144,35.1497374],[129.0361997,35.1496971],[129.0361531,35.1495672],[129.0361512,35.1495617],[129.036142,35.1495406],[129.0361295,35.1495126],[129.0361064,35.1494697],[129.0360668,35.1493924],[129.0360542,35.1493731],[129.0359961,35.1492853],[129.0359539,35.1492407],[129.0359056,35.1491844],[129.0358549,35.1491363],[129.0358403,35.1491216],[129.0357148,35.149006],[129.0356844,35.1489766],[129.0356551,35.1489448],[129.0356017,35.1488955],[129.0355136,35.1488151],[129.0354971,35.1487992],[129.0354284,35.1487364],[129.0353473,35.1486619],[129.0352873,35.1486057],[129.0352179,35.1485421],[129.0350288,35.148367],[129.0348648,35.1482142],[129.0348387,35.1481883],[129.0347679,35.1481225],[129.0347351,35.1481328],[129.0347214,35.1482252],[129.0347142,35.1482835],[129.0346961,35.1484127],[129.0346827,35.1485103],[129.0346693,35.1486016],[129.0346655,35.1486294],[129.034652,35.1487216],[129.0346473,35.1487535],[129.0346338,35.148845],[129.0346217,35.1489272],[129.034605,35.1490376],[129.0346035,35.1490486],[129.0345997,35.1490762],[129.0345922,35.1491318],[129.0345693,35.1492935],[129.0345533,35.1494099],[129.0345473,35.149455],[129.0345275,35.1496141],[129.0345223,35.1496611],[129.0345069,35.1497972]]]},"properties":{"name":"가야1 재개발사업 정비구역","type":"재개발","admCode":"26230","mnum":"62600002623020250011UDT1000001001"}},{"type":"Feature","geometry":{"type":"Polygon","coordinates":[[[129.049451,35.1802095],[129.0494589,35.1802938],[129.0495469,35.1803511],[129.0495487,35.1803864],[129.0495498,35.180408],[129.0495558,35.1804146],[129.049631,35.1804957],[129.0495514,35.1805871],[129.0495327,35.1806227],[129.0497663,35.1805313],[129.0497878,35.1805229],[129.0498813,35.1804852],[129.0500166,35.1804312],[129.0500377,35.1804229],[129.0500464,35.1804195],[129.0500704,35.1804099],[129.0501297,35.1803863],[129.0502872,35.1803237],[129.0504243,35.1802699],[129.0505078,35.180237],[129.0505445,35.1802129],[129.0506437,35.1802724],[129.0507411,35.1803644],[129.0508413,35.1804602],[129.0509521,35.1803858],[129.0510647,35.1803102],[129.0512183,35.1802092],[129.0513669,35.1801104],[129.0515167,35.1800108],[129.0515139,35.1800088],[129.051345,35.1798872],[129.0513166,35.1798667],[129.0512505,35.1797883],[129.0512762,35.1796896],[129.0512861,35.1796537],[129.0512889,35.1796394],[129.0513227,35.1795043],[129.0513313,35.1794698],[129.0513667,35.1793286],[129.0514041,35.179181],[129.0514261,35.1790919],[129.0514508,35.1789942],[129.0514861,35.1788514],[129.0514997,35.1787996],[129.0515476,35.1787072],[129.0515535,35.1786956],[129.0515619,35.1786791],[129.0515678,35.1786687],[129.0516117,35.1785842],[129.0516154,35.1785771],[129.0516908,35.1784326],[129.0517974,35.1782281],[129.0517722,35.1782172],[129.0516344,35.1783667],[129.0515916,35.1783596],[129.051502,35.1783488],[129.0513761,35.1784421],[129.0512567,35.1785029],[129.0510535,35.1785045],[129.0510252,35.1783829],[129.0509459,35.1783984],[129.0508365,35.1784196],[129.0508165,35.1784193],[129.0507679,35.1784184],[129.0507118,35.1784463],[129.050704,35.178473],[129.0506881,35.1784742],[129.0506798,35.1784841],[129.0506429,35.1784957],[129.0506362,35.1784782],[129.0506167,35.1784273],[129.0505804,35.1784449],[129.0504934,35.1784648],[129.0504634,35.1785623],[129.0504373,35.1786643],[129.0504025,35.1787003],[129.0503526,35.1787748],[129.0502833,35.1788717],[129.0502584,35.1789063],[129.0502248,35.1789777],[129.0501934,35.1790651],[129.0501821,35.179091],[129.0501699,35.1791162],[129.0500689,35.1791369],[129.0500685,35.1791661],[129.0500365,35.1792444],[129.0500262,35.1792696],[129.049977,35.1793869],[129.0499751,35.1793999],[129.0498954,35.1793996],[129.0498155,35.1793987],[129.0497667,35.1794041],[129.0496864,35.1794708],[129.0496947,35.1795009],[129.0497118,35.1795531],[129.0497168,35.1795693],[129.0497458,35.1796047],[129.0496903,35.1796499],[129.0497276,35.1796935],[129.0498889,35.1798],[129.0499247,35.1798246],[129.0498555,35.17992],[129.0497629,35.1799295],[129.0497149,35.1799603],[129.0495437,35.180043],[129.0495338,35.1800467],[129.0494773,35.1801463],[129.049451,35.1802095]]]},"properties":{"name":"","type":"기타","admCode":"26230","mnum":"62600002623020240430UDT1000001001"}},{"type":"Feature","geometry":{"type":"Polygon","coordinates":[[[129.0298449,35.1525714],[129.0298449,35.1525714],[129.0298772,35.1525779],[129.0298775,35.152578],[129.0298986,35.1524355],[129.029908,35.1523727],[129.0299118,35.1523572],[129.0299146,35.1523462],[129.0299193,35.152307],[129.029939,35.1521039],[129.0299445,35.1520441],[129.0299587,35.1519125],[129.0299718,35.1518321],[129.0300193,35.1515273],[129.0300341,35.1514198],[129.0300381,35.1513654],[129.0300034,35.1513862],[129.0300012,35.1514157],[129.0299861,35.1515194],[129.0299879,35.1515271],[129.0299303,35.1518842],[129.0299259,35.1519102],[129.0299117,35.1520413],[129.0299113,35.1520441],[129.0298949,35.1522191],[129.0298946,35.1522219],[129.0298867,35.1523028],[129.0298819,35.1523424],[129.0298758,35.1523664],[129.0298449,35.1525714],[129.0298449,35.1525714]]]},"properties":{"name":"정비기반시설(도로)","type":"기반시설","admCode":"26230","mnum":"62600002623020230005UDT9990001002"}},{"type":"Feature","geometry":{"type":"Polygon","coordinates":[[[129.0547835,35.1731174],[129.0547865,35.1730924],[129.0547979,35.1729783],[129.0548038,35.1729199],[129.0548076,35.1728803],[129.0548181,35.1727751],[129.0548261,35.1726934],[129.0548364,35.1725922],[129.0548369,35.1725858],[129.054768,35.1725815],[129.0547674,35.1725882],[129.0547657,35.1726051],[129.0547124,35.1726002],[129.0546986,35.1726002],[129.0546961,35.1726184],[129.0546775,35.1726227],[129.0546745,35.1726113],[129.0546241,35.1726218],[129.0546359,35.1726626],[129.0546063,35.1726686],[129.0545248,35.1726745],[129.0544789,35.1726508],[129.0543968,35.1726087],[129.0543164,35.1725664],[129.0543144,35.1725305],[129.0543123,35.1725202],[129.0542925,35.1724699],[129.0541296,35.1723496],[129.0539521,35.1722203],[129.0538174,35.1721171],[129.0534434,35.171898],[129.0534119,35.171859],[129.0534159,35.1717489],[129.0534159,35.1717489],[129.0533565,35.1718338],[129.053322,35.1718836],[129.0532925,35.1719263],[129.0533161,35.1719285],[129.0532895,35.171946],[129.0533049,35.1719618],[129.0533044,35.1719789],[129.053273,35.1719851],[129.0532393,35.1720298],[129.0531908,35.172099],[129.0531607,35.1721418],[129.053087,35.1722468],[129.0530755,35.1722632],[129.0530257,35.1723342],[129.0529662,35.1724189],[129.052894,35.1725218],[129.0528521,35.1725769],[129.0527881,35.1726718],[129.0526543,35.1728608],[129.052644,35.172875],[129.0526004,35.1729393],[129.0525828,35.1729647],[129.0525385,35.1730281],[129.0524558,35.1731426],[129.0523939,35.1732333],[129.0523661,35.1732788],[129.0522797,35.1733972],[129.0522801,35.1733985],[129.052287,35.1734146],[129.0522988,35.1734433],[129.05234,35.1734525],[129.0525148,35.173491],[129.0527295,35.1735408],[129.0528168,35.1735627],[129.0528501,35.1735732],[129.0529963,35.1736157],[129.053084,35.1736412],[129.0531023,35.1736445],[129.0531527,35.1736589],[129.0531833,35.1736686],[129.0532926,35.173701],[129.0533686,35.1737246],[129.0535273,35.1737667],[129.0535649,35.1737737],[129.0536318,35.1737856],[129.0536644,35.173787],[129.053818,35.1738054],[129.0539214,35.1738126],[129.0541269,35.1738277],[129.0542321,35.1738352],[129.0543389,35.1738423],[129.0544357,35.1738486],[129.0545936,35.1738606],[129.0546053,35.1738614],[129.0546511,35.1738633],[129.054665,35.1738643],[129.0547122,35.1738268],[129.054717,35.17378],[129.0547239,35.1737034],[129.0547323,35.173612],[129.05474,35.1735209],[129.0547491,35.1734225],[129.0547505,35.17341],[129.054761,35.1733075],[129.0547715,35.1732069],[129.0547835,35.1731174]]]},"properties":{"name":"정비구역","type":"기타","admCode":"26230","mnum":"62600002623020240034UDT1000001001"}},{"type":"Feature","geometry":{"type":"Polygon","coordinates":[[[129.0667758,35.1654311],[129.0668429,35.1655161],[129.0668781,35.1655608],[129.0669218,35.1656166],[129.0669787,35.1656885],[129.0670061,35.1657228],[129.0670989,35.1658393],[129.0671233,35.1658698],[129.0671753,35.1659354],[129.0671919,35.1659564],[129.0672157,35.1659824],[129.0672229,35.1659915],[129.0672397,35.1660121],[129.0672578,35.1660353],[129.0673207,35.1661141],[129.0673538,35.1661556],[129.0673742,35.1661811],[129.0673772,35.1661852],[129.0674114,35.166228],[129.0674458,35.1662719],[129.0675009,35.1662991],[129.0675055,35.1663016],[129.0675634,35.1663054],[129.0675874,35.1663069],[129.0676066,35.1663082],[129.0679035,35.1663287],[129.0680258,35.1663185],[129.0681148,35.1663209],[129.0681143,35.1663199],[129.0682795,35.1663331],[129.0683395,35.1663379],[129.0683466,35.1663378],[129.0684729,35.1663449],[129.0686987,35.1663463],[129.0687018,35.1664163],[129.0687028,35.1664323],[129.0687036,35.1664519],[129.0687102,35.1665941],[129.0687117,35.1666183],[129.0687125,35.1666318],[129.0687783,35.166625],[129.068959,35.1666062],[129.0690338,35.1665984],[129.0690724,35.1665944],[129.069151,35.166579],[129.0691767,35.1665728],[129.0692719,35.1665497],[129.0693173,35.1665387],[129.0693568,35.1665291],[129.0694887,35.1665183],[129.0696557,35.16649],[129.0696592,35.1665583],[129.0696595,35.1665633],[129.0697261,35.1665717],[129.0698821,35.1665433],[129.0698863,35.1665425],[129.0698514,35.1664479],[129.0697572,35.166197],[129.0697404,35.166148],[129.0697114,35.1660656],[129.0696947,35.1660185],[129.0696757,35.1659643],[129.0696765,35.1659634],[129.0696778,35.1659619],[129.0696751,35.1659596],[129.0696704,35.1659472],[129.0696238,35.165816],[129.0696024,35.1657534],[129.069589,35.1657134],[129.0697237,35.1656802],[129.0697532,35.1656723],[129.0699079,35.1656307],[129.0700538,35.1655916],[129.0700665,35.1655881],[129.0700953,35.1655803],[129.070124,35.1655728],[129.0701447,35.1655674],[129.070227,35.1655442],[129.0703677,35.1655066],[129.0703522,35.1654647],[129.0703234,35.1653876],[129.0703129,35.1653588],[129.0702973,35.1653162],[129.0702887,35.1652982],[129.0703283,35.1652957],[129.0703746,35.1653258],[129.0703815,35.1652935],[129.0703989,35.1652351],[129.0703432,35.1652316],[129.0703442,35.1652233],[129.0703007,35.165215],[129.0702836,35.1652762],[129.0702761,35.1652754],[129.0702704,35.1652804],[129.0702486,35.1652776],[129.0702445,35.1652651],[129.0702507,35.1651648],[129.0702493,35.1651473],[129.0702479,35.1651298],[129.0702467,35.1651151],[129.0702455,35.1651005],[129.0702452,35.1650993],[129.0703603,35.1650559],[129.0703634,35.1650672],[129.0703686,35.1650653],[129.0703551,35.1649696],[129.0703318,35.1648829],[129.0703305,35.1648742],[129.0703536,35.1648683],[129.0703489,35.1648487],[129.0703018,35.1648558],[129.0702968,35.1648374],[129.0702774,35.1647602],[129.070205,35.1647579],[129.0701168,35.1647548],[129.0700306,35.1647483],[129.0700475,35.1647691],[129.0700099,35.1647693],[129.0700025,35.1647735],[129.0699938,35.1647771],[129.0699361,35.1647982],[129.0698673,35.1648415],[129.0698275,35.1648603],[129.0697738,35.1648637],[129.0697642,35.1648581],[129.0697148,35.1648522],[129.0696637,35.1648496],[129.0695393,35.1648254],[129.0694488,35.1648032],[129.069421,35.1648022],[129.0694124,35.1648016],[129.0693198,35.1648142],[129.0692783,35.1647773],[129.0692746,35.164774],[129.0692176,35.1647227],[129.0691795,35.1646939],[129.0691833,35.1647221],[129.0691032,35.1646948],[129.0690375,35.1646725],[129.0690385,35.1646584],[129.0689867,35.1646426],[129.0689518,35.1646255],[129.0689413,35.1646398],[129.0688569,35.1646121],[129.0688537,35.1646111],[129.0688278,35.1646023],[129.0688028,35.1645535],[129.068798,35.1645151],[129.0687936,35.1644689],[129.0687708,35.1644467],[129.0687706,35.1644456],[129.0687621,35.1644299],[129.0687491,35.1644154],[129.0687398,35.1644091],[129.068726,35.1644016],[129.0686788,35.1643872],[129.0686957,35.1643624],[129.0685477,35.1643207],[129.0684574,35.1642838],[129.0684127,35.1642658],[129.0683606,35.1642378],[129.0682607,35.1641855],[129.0681593,35.1641293],[129.0681577,35.1641473],[129.0681399,35.1641548],[129.0681154,35.1641412],[129.0680723,35.1641177],[129.0680712,35.1641032],[129.0680406,35.1640771],[129.0679963,35.1640504],[129.0679595,35.16403],[129.0679392,35.1640185],[129.0679251,35.1640371],[129.0679079,35.1640243],[129.067861,35.1639895],[129.0678419,35.163975],[129.06782,35.1639486],[129.0677884,35.163924],[129.0677516,35.1638873],[129.067741,35.1638766],[129.0677243,35.1638599],[129.067728,35.1638286],[129.0676747,35.1638154],[129.067659,35.1638035],[129.0676223,35.1637929],[129.0676214,35.1638017],[129.0676118,35.1638649],[129.0675989,35.1639617],[129.0675931,35.1639949],[129.0675704,35.1640818],[129.0675678,35.1640797],[129.0675546,35.1641186],[129.0675414,35.1641574],[129.0675315,35.164147],[129.0674955,35.1641244],[129.0674951,35.1641536],[129.0674936,35.1642465],[129.0674641,35.1643218],[129.0674507,35.1643541],[129.0674293,35.1644093],[129.0674142,35.1644431],[129.0673861,35.1645106],[129.0673194,35.1646373],[129.0672946,35.1646837],[129.0672538,35.164749],[129.0672131,35.1647336],[129.0671953,35.164742],[129.0671532,35.1648146],[129.0671517,35.1649226],[129.0670207,35.1651121],[129.0669124,35.1652677],[129.0668695,35.1653216],[129.066845,35.1653505],[129.0667758,35.1654311]]]},"properties":{"name":"전포1-1재개발 정비구역","type":"재개발","admCode":"26230","mnum":"62600002623020220322UDT1000001001"}},{"type":"Feature","geometry":{"type":"Polygon","coordinates":[[[129.0298449,35.1525714],[129.0298449,35.1525714],[129.0298772,35.1525779],[129.0298775,35.152578],[129.0299397,35.1525905],[129.0300224,35.1526033],[129.0300269,35.152604],[129.0300798,35.1525943],[129.0301746,35.1526747],[129.0302054,35.1527138],[129.0303088,35.1528111],[129.0302912,35.1528662],[129.0302489,35.1529046],[129.0302184,35.1529731],[129.0302116,35.1530544],[129.0302349,35.1531537],[129.030211,35.1532101],[129.0302196,35.1532276],[129.0302613,35.1532407],[129.0302582,35.1532595],[129.0302391,35.1533584],[129.0302304,35.1534029],[129.0303469,35.1534235],[129.0303663,35.1534268],[129.0305295,35.153455],[129.0306711,35.1534804],[129.0307872,35.1535009],[129.0308015,35.1535032],[129.0308418,35.1535103],[129.0308724,35.1535157],[129.030938,35.1535274],[129.0311052,35.1535573],[129.0311098,35.153558],[129.0311555,35.1535658],[129.0312023,35.1535738],[129.0314067,35.1536129],[129.0314175,35.1536151],[129.0315146,35.1536335],[129.031551,35.1536405],[129.0315862,35.153647],[129.0315975,35.1536489],[129.0316306,35.1536539],[129.0318141,35.1536846],[129.0319311,35.1536218],[129.0319352,35.1536051],[129.0319496,35.1535526],[129.03196,35.1535083],[129.0319683,35.1534743],[129.031969,35.1534714],[129.032013,35.1532973],[129.0320476,35.1531608],[129.032081,35.1530279],[129.0321151,35.1528925],[129.0321092,35.1528915],[129.0320829,35.1528867],[129.0320183,35.1528748],[129.0319364,35.152943],[129.0319341,35.1529011],[129.0319339,35.1528948],[129.0319318,35.1528334],[129.0318931,35.1527906],[129.0318733,35.1527454],[129.0318609,35.1527021],[129.0318542,35.1526831],[129.031842,35.1526445],[129.0317955,35.1525824],[129.031703,35.1525483],[129.0316775,35.1525387],[129.0316298,35.1523911],[129.0316175,35.152348],[129.0316052,35.1523143],[129.0315604,35.1521783],[129.0315492,35.1521806],[129.0315299,35.1521716],[129.0315196,35.1521662],[129.0315108,35.1521437],[129.0313811,35.1521407],[129.0312731,35.1521371],[129.0312401,35.1521478],[129.0311929,35.1521674],[129.0311495,35.1521713],[129.0310974,35.1521756],[129.0310207,35.1521489],[129.0310383,35.1521153],[129.0310685,35.1520313],[129.0310434,35.1520104],[129.0310474,35.1519848],[129.0310688,35.1518464],[129.03108,35.1518186],[129.0311088,35.1517456],[129.0311681,35.1517021],[129.0311883,35.1516529],[129.031182,35.1515815],[129.0311774,35.151549],[129.0311677,35.151433],[129.0311662,35.1514158],[129.0311654,35.151405],[129.031165,35.1513995],[129.0312023,35.1513816],[129.031171,35.1513789],[129.0311369,35.151376],[129.0309984,35.1513642],[129.0308834,35.1513503],[129.0307716,35.1513365],[129.0307596,35.1513355],[129.030591,35.1513176],[129.0304291,35.1513004],[129.0304097,35.1512984],[129.0303953,35.1512968],[129.0303814,35.1512954],[129.030247,35.151281],[129.0301389,35.1512693],[129.030094,35.1512649],[129.0300086,35.1513162],[129.0300034,35.1513862],[129.0300012,35.1514157],[129.0299861,35.1515194],[129.0299879,35.1515271],[129.0299303,35.1518842],[129.0299259,35.1519102],[129.0299117,35.1520413],[129.0299113,35.1520441],[129.0298949,35.1522191],[129.0298946,35.1522219],[129.0298867,35.1523028],[129.0298819,35.1523424],[129.0298758,35.1523664],[129.0298449,35.1525714],[129.0298449,35.1525714]]]},"properties":{"name":"가야3 재개발정비구역","type":"재개발","admCode":"26230","mnum":"62600002623020230005UDT1000001001"}},{"type":"Feature","geometry":{"type":"Polygon","coordinates":[[[129.0600262,35.1458948],[129.0600403,35.1459505],[129.0600431,35.1459552],[129.0600747,35.1460124],[129.0600771,35.1460167],[129.0601069,35.1460702],[129.0601433,35.1461376],[129.060154,35.1461569],[129.0601807,35.1462052],[129.0602029,35.1462453],[129.0602114,35.1462605],[129.0602371,35.1463072],[129.0602754,35.1463765],[129.0603145,35.1464474],[129.0603347,35.1464838],[129.0603599,35.1465293],[129.060366,35.1465401],[129.0603811,35.1465676],[129.0604004,35.1466023],[129.0604162,35.146631],[129.0604335,35.1466623],[129.0604577,35.1467059],[129.0604927,35.1467691],[129.0605204,35.1468191],[129.0605373,35.146849],[129.0605973,35.146871],[129.0606002,35.14687],[129.0606106,35.1468674],[129.0607007,35.1468459],[129.0607148,35.146843],[129.060739,35.1468369],[129.0607712,35.1468291],[129.0608448,35.1468116],[129.0608703,35.1468058],[129.0609073,35.1467969],[129.060991,35.1467769],[129.0609972,35.1467754],[129.0610106,35.1467717],[129.0610647,35.1467581],[129.0611309,35.1467431],[129.0611434,35.1467401],[129.0611602,35.1467362],[129.0612346,35.1467191],[129.0612765,35.1466743],[129.0612786,35.1466721],[129.0612786,35.1466706],[129.0612789,35.1466374],[129.0612794,35.1466044],[129.0612798,35.146564],[129.0612801,35.1465232],[129.0612808,35.1464769],[129.0612806,35.1464579],[129.0612813,35.1463996],[129.0612818,35.1463591],[129.0612823,35.1463197],[129.0612828,35.1462797],[129.0612833,35.146239],[129.0612839,35.146196],[129.0612843,35.1461471],[129.0612847,35.1461297],[129.0612859,35.1460777],[129.0612868,35.1460097],[129.0612876,35.1459667],[129.0612882,35.1459274],[129.0612895,35.145839],[129.0612897,35.1458276],[129.0612908,35.1457628],[129.0612915,35.1457217],[129.0612921,35.1456808],[129.0612927,35.1456395],[129.0612936,35.1455982],[129.0612937,35.1455867],[129.0612945,35.1455404],[129.0612954,35.145494],[129.0612961,35.1454542],[129.0612968,35.145413],[129.0612983,35.1453319],[129.0612991,35.1452798],[129.0612995,35.1452635],[129.0613006,35.1452081],[129.061302,35.1451273],[129.061303,35.1450847],[129.0613037,35.1450426],[129.0612562,35.1450061],[129.0612355,35.1450055],[129.0611766,35.145004],[129.0611625,35.1450036],[129.0611022,35.145002],[129.0610436,35.1450012],[129.0610277,35.1450009],[129.0609898,35.1450004],[129.0608992,35.1449994],[129.0608709,35.1449989],[129.0608462,35.1449988],[129.0607789,35.1449982],[129.0607448,35.1449979],[129.0607312,35.1449978],[129.0606266,35.1449968],[129.0606062,35.1449966],[129.0605953,35.1449965],[129.0605181,35.1449959],[129.0604688,35.1449952],[129.0604427,35.1449951],[129.0603272,35.1449939],[129.0603045,35.1449938],[129.0602532,35.1449933],[129.0601834,35.1449926],[129.0601703,35.1449925],[129.0601216,35.1449921],[129.0600913,35.1449917],[129.0600403,35.1450312],[129.0600398,35.1450677],[129.0600391,35.1451101],[129.0600385,35.1451534],[129.060038,35.1451926],[129.0600372,35.1452378],[129.0600368,35.1452609],[129.0600364,35.1452753],[129.0600352,35.1453584],[129.0600344,35.1453985],[129.060034,35.1454396],[129.0600333,35.1454793],[129.0600327,35.1455199],[129.0600324,35.1455283],[129.0600317,35.145573],[129.0600316,35.145586],[129.0600302,35.1456685],[129.0600295,35.1457088],[129.060029,35.1457497],[129.0600279,35.145809],[129.0600277,35.1458255],[129.060027,35.1458714],[129.0600262,35.1458948]]]},"properties":{"name":"도시환경정비구역","type":"도시환경정비","admCode":"26230","mnum":"62600002623020050098UDT1000001017"}},{"type":"Feature","geometry":{"type":"Polygon","coordinates":[[[129.079497,35.1738428],[129.0795939,35.1736743],[129.0795684,35.1736644],[129.0795679,35.1736567],[129.079519,35.1735491],[129.0794747,35.1734679],[129.0794698,35.1734041],[129.0795712,35.1733436],[129.079686,35.1731598],[129.0798404,35.1730425],[129.079878,35.1729793],[129.080036,35.1728711],[129.0800625,35.1728127],[129.0800873,35.172705],[129.080137,35.1726495],[129.0801866,35.1725576],[129.080456,35.1724717],[129.0804723,35.1724612],[129.0805099,35.1724177],[129.0805344,35.1723732],[129.0805678,35.1722776],[129.0805404,35.1722135],[129.0805303,35.1721637],[129.0805295,35.1721562],[129.0805289,35.1721504],[129.0805236,35.1720975],[129.0805193,35.1720546],[129.0805277,35.1720368],[129.0805716,35.1719498],[129.0806202,35.1718585],[129.0806252,35.1718484],[129.0806229,35.171846],[129.0806631,35.1717732],[129.080674,35.1717556],[129.0807049,35.1716905],[129.0807359,35.1716203],[129.0806499,35.1716028],[129.0806,35.1715919],[129.0803497,35.1715376],[129.0802899,35.1715223],[129.0802921,35.1715155],[129.0803227,35.1714209],[129.0803052,35.1714158],[129.0803258,35.1713518],[129.0803509,35.1713563],[129.0804089,35.1711874],[129.0802897,35.1711587],[129.0801753,35.171131],[129.080062,35.1711033],[129.0799957,35.1710844],[129.0799308,35.1710872],[129.0799051,35.1710876],[129.0798109,35.1710907],[129.0797278,35.1710937],[129.0796679,35.1710402],[129.0796022,35.1711741],[129.0794741,35.1711458],[129.0793576,35.1711195],[129.0793629,35.1711035],[129.0793674,35.1710888],[129.0793831,35.1710419],[129.0793981,35.1709985],[129.079403,35.1709839],[129.0794087,35.1709666],[129.0794123,35.1709559],[129.0794214,35.1709256],[129.0793342,35.1709105],[129.0792386,35.1709012],[129.0792345,35.1709006],[129.079146,35.1708866],[129.0790612,35.1708733],[129.0789712,35.170859],[129.0788831,35.1708418],[129.078797,35.1708238],[129.0787112,35.1708059],[129.0786223,35.1707874],[129.0785385,35.1707699],[129.0785228,35.1707667],[129.0784391,35.1707482],[129.0783515,35.1707286],[129.0782442,35.1707046],[129.0781154,35.1706755],[129.0780039,35.1706506],[129.0778726,35.170619],[129.0777781,35.1707174],[129.0777069,35.1707914],[129.0777061,35.1707923],[129.0776348,35.1708672],[129.0776559,35.170878],[129.0777478,35.1709165],[129.0777845,35.170932],[129.0778161,35.1709454],[129.0778558,35.1709631],[129.0779331,35.1709965],[129.077958,35.171007],[129.0779667,35.1710107],[129.0781637,35.1710949],[129.0780784,35.171114],[129.0779794,35.1714873],[129.0779529,35.171582],[129.0779355,35.1716416],[129.0779356,35.171642],[129.077895,35.1717771],[129.0778906,35.1717919],[129.0778905,35.1717922],[129.0778549,35.1718978],[129.0778507,35.17191],[129.0778252,35.1719945],[129.0778169,35.1720123],[129.0777715,35.172111],[129.0777642,35.1721254],[129.0777305,35.1721925],[129.0776859,35.1722814],[129.0776646,35.1723237],[129.0776192,35.1724141],[129.0775892,35.1724738],[129.0776313,35.1725327],[129.0776443,35.1725464],[129.0777044,35.1726232],[129.0777362,35.1726382],[129.0777357,35.1726562],[129.0777356,35.1726607],[129.0777354,35.1726665],[129.0777346,35.172691],[129.0777341,35.1727274],[129.0777435,35.1727586],[129.0777603,35.172794],[129.0777837,35.1728348],[129.0777797,35.1728559],[129.0777881,35.1728774],[129.0777781,35.1728994],[129.0777421,35.1728829],[129.0777211,35.1728773],[129.0776907,35.1728699],[129.0776534,35.172877],[129.0776122,35.1728925],[129.077602,35.1728976],[129.07759,35.1729035],[129.0775337,35.1729378],[129.0774725,35.1729751],[129.0774324,35.1729903],[129.0773856,35.1730239],[129.0774763,35.1730581],[129.0775517,35.1730865],[129.0776636,35.1731283],[129.0777503,35.1731611],[129.0777999,35.1731798],[129.077881,35.1732148],[129.0780078,35.1732636],[129.0781566,35.1733212],[129.0783465,35.1733948],[129.0783963,35.1734139],[129.0785049,35.1734559],[129.0785881,35.1734883],[129.0786863,35.1735267],[129.0788394,35.1735863],[129.0788616,35.1735944],[129.0789586,35.1736326],[129.0790384,35.1736635],[129.0791592,35.173711],[129.0792389,35.1737417],[129.0793274,35.1737768],[129.0794098,35.1738085],[129.079497,35.1738428]]]},"properties":{"name":"양정2 재개발사업 정비구역","type":"재개발","admCode":"26230","mnum":"62600002623020230438UDT1000001001"}},{"type":"Feature","geometry":{"type":"Polygon","coordinates":[[[129.0695721,35.1571632],[129.0695884,35.1571647],[129.0695969,35.1571664],[129.0696025,35.1571687],[129.0696175,35.1571763],[129.0696366,35.1571883],[129.0696486,35.1571988],[129.069661,35.1572112],[129.0696722,35.1572241],[129.0696794,35.1572346],[129.0696836,35.1572416],[129.069688,35.15725],[129.0696916,35.1572584],[129.0696936,35.1572647],[129.0696954,35.1572718],[129.0696969,35.1572811],[129.0696972,35.1572885],[129.0696973,35.157298],[129.0696976,35.1573119],[129.069698,35.1573195],[129.0697006,35.1573963],[129.0697026,35.157446],[129.0697033,35.1574787],[129.0697059,35.1574984],[129.069709,35.1575205],[129.0697125,35.1575372],[129.0697142,35.1575448],[129.0697162,35.1575541],[129.069719,35.157566],[129.0697213,35.1575751],[129.0697233,35.1575839],[129.0697234,35.1575845],[129.0697268,35.1575963],[129.0697299,35.1576057],[129.0697338,35.1576148],[129.0697386,35.1576242],[129.0697442,35.1576329],[129.0697506,35.1576418],[129.0697578,35.1576503],[129.0697645,35.1576573],[129.0697734,35.1576654],[129.069782,35.1576729],[129.06979,35.1576789],[129.0697974,35.1576844],[129.0698059,35.1576902],[129.0698156,35.1576962],[129.0698243,35.157701],[129.0698312,35.1577048],[129.069838,35.1577088],[129.0698516,35.1577172],[129.0698629,35.157723],[129.0698846,35.1577294],[129.07017,35.157807],[129.0704556,35.1578923],[129.0707591,35.1579913],[129.0708028,35.1580319],[129.0708244,35.1579755],[129.0707961,35.1579562],[129.0705883,35.1578938],[129.0705287,35.1578759],[129.0701458,35.157761],[129.0699184,35.1576995],[129.069908,35.1576965],[129.0698979,35.1576931],[129.0698879,35.1576893],[129.0698782,35.1576851],[129.0698687,35.1576805],[129.0698596,35.1576756],[129.0698507,35.1576703],[129.0698421,35.1576646],[129.0698339,35.1576587],[129.069826,35.1576524],[129.0698184,35.1576458],[129.0698158,35.1576433],[129.0698087,35.1576364],[129.069802,35.1576293],[129.0697957,35.1576219],[129.0697898,35.1576143],[129.0697844,35.1576065],[129.0697794,35.1575984],[129.0697748,35.1575902],[129.0697707,35.1575819],[129.0697671,35.1575734],[129.0697639,35.1575648],[129.0697612,35.157556],[129.0697598,35.1575504],[129.069752,35.1575184],[129.0697479,35.1574848],[129.0697438,35.1574286],[129.069741,35.1572552],[129.0697404,35.1572473],[129.0697388,35.1572384],[129.0697361,35.1572297],[129.0697323,35.1572212],[129.0697275,35.1572131],[129.0697218,35.1572054],[129.0697151,35.1571983],[129.0697088,35.1571909],[129.069704,35.1571828],[129.0697009,35.1571741],[129.0696997,35.1571652],[129.0697,35.1571573],[129.0695721,35.1571632]]]},"properties":{"name":"정비기반시설(도로)","type":"기반시설","admCode":"26230","mnum":"62600002623020120354UDT9990001001"}},{"type":"Feature","geometry":{"type":"Polygon","coordinates":[[[129.0694564,35.164805],[129.0694608,35.1648174],[129.0694934,35.16483],[129.0695158,35.1648313],[129.0695378,35.1648356],[129.0696226,35.164862],[129.0696473,35.164865],[129.0697157,35.1648681],[129.0697207,35.1648682],[129.069763,35.1648713],[129.0697861,35.164873],[129.0698272,35.1648689],[129.0698838,35.1648557],[129.069903,35.1648425],[129.0699414,35.1648112],[129.0699427,35.1648104],[129.0699565,35.1648063],[129.0700005,35.1647941],[129.0700534,35.1647763],[129.0700496,35.1647716],[129.07006,35.1647505],[129.0700306,35.1647483],[129.0700475,35.1647691],[129.0700099,35.1647693],[129.0700025,35.1647735],[129.0699938,35.1647771],[129.0699361,35.1647982],[129.0698673,35.1648415],[129.0698275,35.1648603],[129.0697738,35.1648637],[129.0697642,35.1648581],[129.0697148,35.1648522],[129.0696637,35.1648496],[129.0695393,35.1648254],[129.0694564,35.164805]]]},"properties":{"name":"정비기반시설(도로)","type":"기반시설","admCode":"26230","mnum":"62600002623020160230UDT9990002000"}},{"type":"Feature","geometry":{"type":"Polygon","coordinates":[[[129.0300034,35.1513862],[129.0300381,35.1513654],[129.0301117,35.1513211],[129.0304599,35.1513583],[129.0307543,35.1513893],[129.0309705,35.1514158],[129.0311261,35.1514295],[129.0311677,35.151433],[129.0311677,35.151433],[129.0311662,35.1514158],[129.0311654,35.151405],[129.031165,35.1513995],[129.0312023,35.1513816],[129.031171,35.1513789],[129.0311369,35.151376],[129.0309984,35.1513642],[129.0308834,35.1513503],[129.0307716,35.1513365],[129.0307596,35.1513355],[129.030591,35.1513176],[129.0304291,35.1513004],[129.0304097,35.1512984],[129.0303953,35.1512968],[129.0303814,35.1512954],[129.030247,35.151281],[129.0301389,35.1512693],[129.030094,35.1512649],[129.0300086,35.1513162],[129.0300034,35.1513862]]]},"properties":{"name":"정비기반시설(도로)","type":"기반시설","admCode":"26230","mnum":"62600002623020230005UDT9990001001"}},{"type":"Feature","geometry":{"type":"Polygon","coordinates":[[[129.0430826,35.177816],[129.0431822,35.1779222],[129.0432334,35.1779104],[129.0433106,35.1778933],[129.0434069,35.1778723],[129.0435243,35.1778464],[129.0436324,35.1778229],[129.0437415,35.1777992],[129.0438655,35.1777724],[129.0439669,35.177751],[129.0440014,35.1777433],[129.0440163,35.17774],[129.0440535,35.1777475],[129.0441723,35.1783317],[129.0441947,35.1784103],[129.044235,35.1785175],[129.0442692,35.1786099],[129.044305,35.1787052],[129.0443427,35.178806],[129.0443778,35.1789012],[129.0443936,35.178945],[129.0444079,35.1789843],[129.044414,35.1789895],[129.0444489,35.1789851],[129.0445316,35.1789747],[129.0445562,35.1789715],[129.0446056,35.1789428],[129.0446484,35.1789856],[129.0447728,35.1789018],[129.0448399,35.1789317],[129.0448429,35.1789664],[129.0448926,35.1790547],[129.0449445,35.1791423],[129.0450438,35.1792489],[129.0450599,35.1792729],[129.0450665,35.1793242],[129.0450774,35.1794062],[129.0450785,35.1794083],[129.0450959,35.17944],[129.0451901,35.1794399],[129.0452166,35.1794399],[129.0452502,35.1794933],[129.045261,35.1795105],[129.0452786,35.1795385],[129.0456771,35.1805315],[129.0457437,35.1805871],[129.045746,35.1805801],[129.0457659,35.1805216],[129.0457928,35.180462],[129.0458115,35.1804236],[129.0458167,35.1804162],[129.0458364,35.1803878],[129.046278,35.1798092],[129.0463454,35.1797209],[129.0463709,35.1796746],[129.0463761,35.179665],[129.0464036,35.1795957],[129.0464339,35.179488],[129.0464436,35.1794502],[129.0464715,35.1793658],[129.0465164,35.1791943],[129.046545,35.1790669],[129.046559,35.1790131],[129.0465706,35.1789755],[129.0465841,35.1789235],[129.0466131,35.1788114],[129.0466719,35.1785848],[129.0466847,35.1785358],[129.0467212,35.1783962],[129.0467454,35.1783033],[129.0467713,35.1782043],[129.0467962,35.1781087],[129.0468681,35.1778338],[129.046884,35.1777727],[129.0469109,35.1776697],[129.0468183,35.1776722],[129.0468023,35.1776722],[129.0467168,35.1776625],[129.046549,35.1776449],[129.0463468,35.1776253],[129.0461115,35.1776018],[129.0459618,35.1775868],[129.0459757,35.1775576],[129.0460142,35.1774993],[129.0461015,35.1773788],[129.0461151,35.1773519],[129.0461191,35.1773438],[129.0461697,35.177289],[129.0461926,35.1772489],[129.0461979,35.1772254],[129.0462159,35.1771596],[129.0462331,35.1771231],[129.0462206,35.1771233],[129.0462227,35.1771065],[129.0462386,35.1770779],[129.0462369,35.1770413],[129.0462321,35.1769647],[129.0462273,35.1768881],[129.046222,35.1768683],[129.046213,35.1768208],[129.0462177,35.1768052],[129.0462342,35.1767409],[129.0462457,35.1767056],[129.046256,35.1766739],[129.0462575,35.1766646],[129.0462582,35.1766605],[129.0462618,35.1766384],[129.0462662,35.1766117],[129.0462806,35.1765484],[129.0462845,35.1765308],[129.0462883,35.1764745],[129.0463334,35.1764454],[129.0462723,35.1764206],[129.0462534,35.1764138],[129.0462129,35.1763816],[129.0461447,35.176338],[129.0461281,35.1763308],[129.0461257,35.1763354],[129.0460951,35.1763235],[129.046018,35.1763089],[129.0459442,35.176309],[129.0459029,35.1763067],[129.0457749,35.1763168],[129.0457317,35.1763135],[129.0457086,35.1763087],[129.0456905,35.1763035],[129.0456719,35.1762957],[129.0456681,35.1762879],[129.0456476,35.1762735],[129.0456286,35.1762604],[129.0455361,35.1761865],[129.0454162,35.1760889],[129.0453726,35.1760667],[129.0452602,35.1760193],[129.045174,35.1759601],[129.0451575,35.175945],[129.0451368,35.1759252],[129.0451099,35.1758925],[129.0450797,35.1758552],[129.0450476,35.1758119],[129.0450084,35.1757561],[129.0449767,35.1757182],[129.0449762,35.1757188],[129.0449758,35.1757193],[129.0449753,35.1757199],[129.0449748,35.1757205],[129.0449743,35.175721],[129.0449738,35.1757216],[129.0449732,35.1757221],[129.0449727,35.1757226],[129.0449721,35.1757231],[129.0449716,35.1757236],[129.044971,35.1757241],[129.0449704,35.1757246],[129.0449698,35.1757251],[129.0449692,35.1757256],[129.0449686,35.1757261],[129.044968,35.1757265],[129.0449673,35.175727],[129.0449667,35.1757274],[129.044966,35.1757279],[129.0449654,35.1757283],[129.0449647,35.1757287],[129.044964,35.1757291],[129.0449633,35.1757295],[129.0449626,35.1757299],[129.0449619,35.1757302],[129.0449612,35.1757306],[129.0449605,35.175731],[129.0449598,35.1757313],[129.044959,35.1757316],[129.0449583,35.1757319],[129.0449575,35.1757323],[129.0449568,35.1757326],[129.044956,35.1757328],[129.0449553,35.1757331],[129.0449545,35.1757334],[129.0449537,35.1757336],[129.0449529,35.1757339],[129.0449521,35.1757341],[129.0449513,35.1757343],[129.0449505,35.1757346],[129.0449497,35.1757348],[129.0449489,35.1757349],[129.0449481,35.1757351],[129.0449473,35.1757353],[129.0449465,35.1757354],[129.0449457,35.1757356],[129.0449448,35.1757357],[129.044944,35.1757358],[129.0449432,35.1757359],[129.0449424,35.175736],[129.0449415,35.1757361],[129.0449407,35.1757362],[129.0449399,35.1757362],[129.044939,35.1757363],[129.0449382,35.1757363],[129.0449373,35.1757363],[129.0449365,35.1757363],[129.0449357,35.1757363],[129.0449348,35.1757363],[129.044934,35.1757363],[129.0449328,35.1757362],[129.0448204,35.1757061],[129.0445485,35.1756335],[129.0445253,35.1756398],[129.0441706,35.1756329],[129.043812,35.1758212],[129.0437688,35.1758529],[129.0436714,35.1758806],[129.0436824,35.1759188],[129.0436934,35.175957],[129.043698,35.1759728],[129.0437023,35.1759911],[129.0437053,35.176005],[129.0437228,35.1760795],[129.0437405,35.1761551],[129.0437457,35.1761782],[129.0437498,35.1762001],[129.0438707,35.1763714],[129.0438865,35.1764059],[129.0439236,35.1764877],[129.0439319,35.1765058],[129.0439388,35.1765219],[129.0439778,35.1766075],[129.0440246,35.1767115],[129.0440338,35.1767327],[129.0440414,35.1767494],[129.0440562,35.176783],[129.0440849,35.176848],[129.0441052,35.1768938],[129.0441394,35.1769689],[129.0441718,35.1769438],[129.0441718,35.1769438],[129.0442429,35.1771521],[129.0442473,35.1772337],[129.0442489,35.1772625],[129.044246,35.1772624],[129.0442403,35.1772709],[129.0441908,35.177346],[129.0441461,35.1774125],[129.0441381,35.1774242],[129.044097,35.177483],[129.0440091,35.177569],[129.0439755,35.1776018],[129.0439507,35.1776261],[129.0439011,35.1776372],[129.0438007,35.1776585],[129.0437646,35.1776663],[129.0436874,35.1776832],[129.043575,35.1777075],[129.0434734,35.1777306],[129.0434542,35.1777349],[129.0433639,35.1777553],[129.0432707,35.1777754],[129.0431891,35.1777932],[129.0430826,35.177816]]]},"properties":{"name":"초읍1 재개발사업 정비구역","type":"재개발","admCode":"26230","mnum":"62600002623020230288UDT1000001000"}},{"type":"Feature","geometry":{"type":"Polygon","coordinates":[[[129.0298783,35.1493566],[129.0298826,35.149253],[129.0298849,35.1492177],[129.0299007,35.1490545],[129.0299029,35.1490208],[129.0299069,35.1489319],[129.0299113,35.1488423],[129.0299139,35.1487601],[129.0299227,35.1485791],[129.0299258,35.1484952],[129.029929,35.1484428],[129.0299336,35.1483435],[129.0299348,35.1483222],[129.0299351,35.1482998],[129.0299161,35.1482803],[129.0297926,35.1482788],[129.0290704,35.148258],[129.02858,35.1482585],[129.0285713,35.1482649],[129.0285197,35.1483012],[129.0284236,35.1483018],[129.0284237,35.1482951],[129.0284249,35.1480792],[129.028348,35.1480434],[129.0283018,35.1480774],[129.0282126,35.1481613],[129.0281609,35.1482154],[129.0280698,35.1482183],[129.0279964,35.1482207],[129.0279563,35.1482703],[129.0278874,35.148368],[129.0278482,35.1484305],[129.0275811,35.1483705],[129.0275206,35.1483568],[129.0275606,35.1482369],[129.0272005,35.1482503],[129.0265196,35.1482773],[129.0265127,35.1482647],[129.0264322,35.1481169],[129.0264022,35.1480614],[129.0263413,35.1479864],[129.0263061,35.1479833],[129.026133,35.1479557],[129.026116,35.1480503],[129.0260992,35.1481439],[129.0260802,35.1482492],[129.0260789,35.1482558],[129.0260681,35.1483694],[129.0260669,35.148376],[129.0260554,35.1483763],[129.0259072,35.1483711],[129.0259106,35.1484662],[129.025922,35.1486958],[129.0259323,35.148972],[129.0259348,35.1490596],[129.0259232,35.1490768],[129.0259239,35.1491583],[129.0259255,35.1492348],[129.0259098,35.149248],[129.0258358,35.14925],[129.025733,35.1492503],[129.0256305,35.1492526],[129.0253823,35.1492592],[129.0250988,35.1492662],[129.0246886,35.1492788],[129.024645,35.149279],[129.024551,35.1492838],[129.0245321,35.1492731],[129.0244912,35.1492502],[129.0245016,35.1492858],[129.0245231,35.1493596],[129.024536,35.1494038],[129.0245431,35.1494709],[129.0245532,35.1495797],[129.0245726,35.1497762],[129.0245892,35.1499126],[129.0245929,35.1499854],[129.0245949,35.1500042],[129.0246018,35.1500605],[129.0246028,35.1500695],[129.0246794,35.1501207],[129.0246957,35.1501194],[129.0247559,35.1501151],[129.0248696,35.1501067],[129.02496,35.1501004],[129.0250569,35.1500958],[129.0251652,35.1500878],[129.0253117,35.1500776],[129.0254072,35.1500723],[129.025711,35.1500545],[129.0257268,35.1500537],[129.0260018,35.1500362],[129.0260683,35.1500325],[129.026228,35.1500232],[129.0262641,35.1500209],[129.0263505,35.1500152],[129.0263817,35.1500131],[129.0264415,35.1500088],[129.0264531,35.1500084],[129.0264955,35.1500059],[129.0266305,35.1500072],[129.0266355,35.1500157],[129.0266739,35.1500826],[129.0266739,35.1500826],[129.0266781,35.15009],[129.0267005,35.150107],[129.0268099,35.1501894],[129.0268097,35.1501895],[129.0269115,35.1502693],[129.0269485,35.1502985],[129.0270008,35.1503386],[129.0270188,35.1503539],[129.027035,35.1503678],[129.0270435,35.1503808],[129.0270356,35.1503886],[129.027033,35.1504084],[129.0270747,35.1504341],[129.0270825,35.1504467],[129.0270958,35.1504527],[129.0271412,35.1504719],[129.0271744,35.150485],[129.02717,35.1504953],[129.0272594,35.1505594],[129.0273225,35.1505554],[129.0273335,35.1505616],[129.0273398,35.1505723],[129.0273672,35.1506179],[129.0273795,35.1506858],[129.0273875,35.1507239],[129.0274177,35.1507994],[129.0275678,35.1508201],[129.027668,35.1508324],[129.0276741,35.1508331],[129.0278399,35.1508488],[129.027951,35.1508582],[129.027973,35.1508602],[129.0280399,35.1508661],[129.0280707,35.1508688],[129.0281445,35.1508752],[129.0281932,35.1508799],[129.0282793,35.1508882],[129.0283222,35.1508878],[129.0284148,35.150896],[129.0285463,35.1509074],[129.0285894,35.1509119],[129.0287262,35.150925],[129.0288672,35.1509378],[129.0289127,35.1509412],[129.0291493,35.1509651],[129.0294527,35.150998],[129.0295278,35.1510079],[129.0296294,35.1510212],[129.0297007,35.1510254],[129.0297337,35.1510274],[129.0297389,35.1510241],[129.0298103,35.1509792],[129.0298168,35.1508381],[129.0298168,35.1507702],[129.0298191,35.1506951],[129.02982,35.1506668],[129.029823,35.1505343],[129.0298272,35.1504507],[129.0298286,35.1503753],[129.0298301,35.1502792],[129.0298349,35.1502138],[129.0298363,35.1501911],[129.02984,35.1501378],[129.0298577,35.1499769],[129.0298568,35.1498309],[129.0298602,35.149796],[129.0298646,35.1496825],[129.0298661,35.1496437],[129.0298721,35.14952],[129.0298753,35.1494056],[129.0298776,35.1493744],[129.0298783,35.1493566]]]},"properties":{"name":"정비구역","type":"기타","admCode":"26230","mnum":"62600002623020240065UDT1000001001"}},{"type":"Feature","geometry":{"type":"Polygon","coordinates":[[[129.0539175,35.1461313],[129.053926,35.1461389],[129.0539487,35.1461879],[129.0539868,35.1462711],[129.0540078,35.1463142],[129.0540126,35.1463231],[129.0539978,35.1464022],[129.0540126,35.1464037],[129.0540138,35.1464101],[129.054064,35.1464143],[129.0540942,35.1464206],[129.054124,35.1464567],[129.0542046,35.1465539],[129.0542795,35.1465748],[129.0543443,35.1466405],[129.054439,35.1466862],[129.0544992,35.1467148],[129.0545749,35.1467192],[129.054599,35.1467251],[129.0546313,35.1467331],[129.0546795,35.1467456],[129.0548204,35.1467304],[129.0548283,35.1467298],[129.0548687,35.1467258],[129.0550875,35.1466241],[129.0550959,35.1466178],[129.0552357,35.1465069],[129.0552768,35.1464955],[129.0553838,35.1466017],[129.0553868,35.1465992],[129.055409,35.1465771],[129.0554262,35.1465598],[129.0554929,35.1464919],[129.0555396,35.1464406],[129.0555471,35.1463276],[129.0555608,35.14612],[129.055564,35.1460723],[129.055566,35.1460578],[129.055566,35.1460578],[129.0556251,35.1456281],[129.0556251,35.1456279],[129.0556299,35.145599],[129.0556323,35.1455675],[129.0556368,35.1453599],[129.0556433,35.1450584],[129.0556488,35.1448042],[129.0556513,35.144687],[129.0556734,35.1444837],[129.0556784,35.144472],[129.055706,35.1443517],[129.0557077,35.1443211],[129.0557087,35.1443015],[129.0557106,35.1442729],[129.0557115,35.1442695],[129.055715,35.144257],[129.0556009,35.1442025],[129.0556008,35.1442818],[129.0555809,35.1442403],[129.0555291,35.1441597],[129.0555082,35.1441193],[129.0554948,35.1441186],[129.0554463,35.1440931],[129.0554143,35.1441125],[129.055399,35.1442053],[129.0553084,35.14419],[129.0552892,35.1441715],[129.0552874,35.14412],[129.055255,35.1441244],[129.0552473,35.1440057],[129.0550945,35.1439694],[129.0550315,35.1439538],[129.0549892,35.1439437],[129.0549683,35.1439384],[129.054949,35.1439342],[129.054877,35.1439046],[129.0548628,35.1438985],[129.0548394,35.143889],[129.0546603,35.1438152],[129.0546135,35.1437958],[129.05461,35.1437943],[129.0545833,35.1438657],[129.0545548,35.1439421],[129.0545545,35.1439502],[129.0545401,35.143988],[129.0545216,35.1440367],[129.0544992,35.1440896],[129.0544947,35.1441052],[129.0544826,35.1441333],[129.0544498,35.1442094],[129.05443,35.1442631],[129.0544142,35.1443027],[129.0544077,35.1443262],[129.0543929,35.1443855],[129.0543702,35.1444773],[129.0543675,35.1444884],[129.0543583,35.1445253],[129.054353,35.1445469],[129.054341,35.1445953],[129.0543364,35.1446139],[129.0543228,35.1446615],[129.0543134,35.1446942],[129.0542879,35.1447836],[129.0542645,35.144878],[129.0542522,35.1449278],[129.0542295,35.1450154],[129.0542163,35.1450685],[129.0542015,35.1451326],[129.0541563,35.14525],[129.0541007,35.1454412],[129.0540671,35.1455581],[129.0540564,35.1455949],[129.0540116,35.1457952],[129.0540077,35.1458227],[129.0539522,35.1460132],[129.0539352,35.1460729],[129.0539175,35.1461313]]]},"properties":{"name":"정비구역","type":"기타","admCode":"26230","mnum":"62600002623020240103UDT1000001001"}},{"type":"Feature","geometry":{"type":"Polygon","coordinates":[[[129.0747731,35.1739915],[129.0748578,35.1740577],[129.0749441,35.1741266],[129.0749194,35.1741537],[129.0748689,35.1741993],[129.0749039,35.1742131],[129.0749456,35.1741996],[129.0750111,35.1741783],[129.0747747,35.1739899],[129.0747731,35.1739915]]]},"properties":{"name":"정비기반시설(도로)","type":"기반시설","admCode":"26230","mnum":"62600002623020150434UDT9990001001"}},{"type":"Feature","geometry":{"type":"Polygon","coordinates":[[[129.0675011,35.1662418],[129.0675298,35.1662793],[129.0675873,35.1663069],[129.0676066,35.1663082],[129.0679035,35.1663287],[129.0680258,35.1663185],[129.0681148,35.1663209],[129.0681143,35.1663199],[129.06757,35.1662769],[129.0675011,35.1662418]]]},"properties":{"name":"정비기반시설(도로)","type":"기반시설","admCode":"26230","mnum":"62600002623020150147UDT9990001000"}},{"type":"Feature","geometry":{"type":"Polygon","coordinates":[[[129.0362828,35.1633086],[129.0362939,35.1633509],[129.0362994,35.1633739],[129.0363308,35.163417],[129.0363655,35.163457],[129.0363827,35.1634732],[129.0364075,35.1634961],[129.036445,35.1635134],[129.0364807,35.1635208],[129.0365439,35.1635365],[129.0366509,35.1635338],[129.0367922,35.1635291],[129.0369046,35.1635259],[129.0370007,35.1635231],[129.0370214,35.1635266],[129.0371074,35.1635408],[129.0372118,35.163549],[129.0373092,35.1635562],[129.0374666,35.1635685],[129.0376061,35.163579],[129.0376276,35.1635806],[129.0376222,35.1635947],[129.0378415,35.1636034],[129.0378626,35.1636041],[129.0378891,35.16364],[129.0379131,35.1636564],[129.0379733,35.1636661],[129.0380216,35.1636654],[129.0380607,35.1636723],[129.0381073,35.1636758],[129.0381389,35.1636752],[129.0381426,35.1636646],[129.0381534,35.1636256],[129.0381975,35.1636237],[129.0382687,35.1636304],[129.0382803,35.1636309],[129.038405,35.163638],[129.03853,35.1636625],[129.0386381,35.1636832],[129.0386559,35.1637228],[129.0387187,35.1637214],[129.0387405,35.1637352],[129.0387633,35.1637151],[129.0387881,35.1636927],[129.038814,35.1636551],[129.038845,35.163635],[129.0389875,35.1636271],[129.0389928,35.163605],[129.0390947,35.1631751],[129.0391551,35.1631898],[129.0392339,35.1632089],[129.0392424,35.1631997],[129.039541,35.1632699],[129.0395825,35.1633268],[129.0396266,35.1633286],[129.0396598,35.1631838],[129.039622,35.163149],[129.0396369,35.1630903],[129.0397191,35.1627497],[129.0397574,35.1625987],[129.0397983,35.1624366],[129.0398938,35.1620295],[129.0399241,35.1620193],[129.0399281,35.1620036],[129.0399318,35.1619901],[129.0398993,35.1620013],[129.0399288,35.1618746],[129.039851,35.1617837],[129.0397908,35.1616906],[129.0397667,35.1616853],[129.0396308,35.1616539],[129.0390443,35.16152],[129.0386508,35.1614193],[129.0383076,35.1613449],[129.0381205,35.1613023],[129.037953,35.1612616],[129.0377768,35.1612213],[129.0376796,35.1612797],[129.0374764,35.1612309],[129.0374512,35.1612219],[129.0374512,35.1612246],[129.0373066,35.1611917],[129.0372696,35.1611833],[129.0371557,35.1611575],[129.0371429,35.1611545],[129.0371075,35.1611465],[129.0370907,35.1611427],[129.0370415,35.1611633],[129.03702,35.1611744],[129.036994,35.1611885],[129.0369349,35.1612254],[129.036863,35.161292],[129.0368265,35.161341],[129.0368094,35.1613656],[129.0367999,35.1613811],[129.0367659,35.1614372],[129.0367462,35.1614842],[129.0367308,35.1615444],[129.0366992,35.1616539],[129.0366941,35.1616812],[129.0366863,35.1617226],[129.0366726,35.1617783],[129.0366237,35.1619789],[129.0365765,35.1621474],[129.0365173,35.1623638],[129.0365076,35.1623992],[129.036469,35.16258],[129.0363892,35.1628462],[129.0363093,35.1631592],[129.0362952,35.163215],[129.0362842,35.1632586],[129.0362828,35.1633086]]]},"properties":{"name":"당감1-1 재건축사업 정비구역","type":"재건축","admCode":"26230","mnum":"62600002623020240381UDT1000001001"}},{"type":"Feature","geometry":{"type":"Polygon","coordinates":[[[129.0213476,35.1457142],[129.0213951,35.1457769],[129.0215504,35.1459499],[129.0217302,35.1461557],[129.0217453,35.1462008],[129.0217868,35.1462403],[129.0217993,35.1462327],[129.0221017,35.1465486],[129.0221235,35.1465748],[129.0221259,35.1465942],[129.0221961,35.1466693],[129.0222568,35.1466815],[129.0224312,35.1467152],[129.0225183,35.1467403],[129.0225825,35.1469654],[129.022648,35.1472111],[129.0228336,35.1474795],[129.0229291,35.1476079],[129.0229457,35.1476293],[129.0229956,35.1476667],[129.0230266,35.1476891],[129.023147,35.1477092],[129.0232026,35.1477592],[129.0232904,35.147838],[129.0233287,35.1478717],[129.0234945,35.1478957],[129.0236308,35.1479411],[129.0236422,35.1479451],[129.0236536,35.1479492],[129.023546,35.1476857],[129.0237874,35.147717],[129.0255637,35.1479448],[129.0257384,35.1479672],[129.026133,35.1479557],[129.0263061,35.1479833],[129.0263201,35.147989],[129.0264022,35.1480614],[129.0264322,35.1481169],[129.0265127,35.1482647],[129.0265196,35.1482773],[129.0272005,35.1482503],[129.0279962,35.1482207],[129.0281609,35.1482154],[129.0282126,35.1481613],[129.0283018,35.1480774],[129.028348,35.1480434],[129.0284951,35.1479531],[129.0284681,35.1478572],[129.0283168,35.1475052],[129.0280811,35.1471866],[129.0280355,35.1469143],[129.0274268,35.1466665],[129.0273699,35.1466055],[129.0273165,35.146527],[129.0272766,35.1464394],[129.0271311,35.1463689],[129.0270931,35.1463152],[129.0270825,35.1462621],[129.0271024,35.1461804],[129.0269768,35.1461025],[129.0262124,35.1460768],[129.0255012,35.1458079],[129.0246944,35.1457096],[129.0245224,35.14573],[129.0244516,35.1457384],[129.0235347,35.1458468],[129.0234319,35.1455879],[129.0233195,35.1455973],[129.0231982,35.1456234],[129.0226319,35.1456499],[129.0225821,35.1456521],[129.0225463,35.1456537],[129.022414,35.1456603],[129.0215939,35.1457021],[129.0214967,35.145707],[129.0213476,35.1457142]]]},"properties":{"name":"아파트지구에서 정비구역으로 변경<도시계획과-2004(2012.2.23)","type":"기타","admCode":"26230","mnum":"15000002623019920000UDT1000000005"}},{"type":"Feature","geometry":{"type":"Polygon","coordinates":[[[129.0698947,35.1546441],[129.0699056,35.154643],[129.0699151,35.1546421],[129.069926,35.1546409],[129.0699369,35.1546397],[129.0699477,35.1546384],[129.0699586,35.1546371],[129.0699694,35.1546357],[129.0699803,35.1546343],[129.0699911,35.1546327],[129.0700019,35.1546312],[129.0700127,35.1546295],[129.0700235,35.1546279],[129.0700342,35.1546261],[129.070045,35.1546243],[129.0700544,35.1546227],[129.0700664,35.1546205],[129.0700724,35.1546194],[129.0700335,35.1545933],[129.0700388,35.1544407],[129.0699283,35.1544585],[129.0699228,35.1546173],[129.0698947,35.1546441]]]},"properties":{"name":"정비기반시설(도로)","type":"기반시설","admCode":"26230","mnum":"62600002623020160291UDT9990001001"}},{"type":"Feature","geometry":{"type":"Polygon","coordinates":[[[129.0720925,35.1590042],[129.0721036,35.1590085],[129.0721718,35.1590398],[129.0722059,35.1590558],[129.0722948,35.1590738],[129.0722893,35.1591206],[129.0724069,35.1591725],[129.072484,35.159214],[129.0725791,35.1592632],[129.0726418,35.1592886],[129.0727036,35.1593339],[129.072777,35.1592655],[129.0727831,35.1592665],[129.072803,35.1591941],[129.0728072,35.1591797],[129.0728287,35.1590998],[129.0728758,35.158927],[129.0728809,35.1589085],[129.0728999,35.1588389],[129.0729205,35.1587642],[129.0729396,35.1586951],[129.0729341,35.1586941],[129.0729471,35.1586462],[129.072965,35.1585791],[129.0729904,35.1584844],[129.072995,35.1584691],[129.0730057,35.1584275],[129.0729493,35.1584084],[129.0727317,35.158334],[129.0725804,35.1583075],[129.0725595,35.1583037],[129.0724919,35.1582919],[129.0724575,35.1583557],[129.0724464,35.1583753],[129.0724067,35.1584472],[129.0723908,35.1584763],[129.0723381,35.158573],[129.0723198,35.158607],[129.0723134,35.158619],[129.0723056,35.1586322],[129.0722668,35.1587048],[129.0722611,35.1587149],[129.0722462,35.1587428],[129.0721891,35.1588405],[129.0721763,35.1588619],[129.072137,35.1589283],[129.0721309,35.1589378],[129.0721147,35.158966],[129.0720925,35.1590042]]]},"properties":{"name":"주거환경개선구역","type":"주거환경개선","admCode":"26230","mnum":"62600002623020230060UDT1000001001"}},{"type":"Feature","geometry":{"type":"Polygon","coordinates":[[[129.0389218,35.1636307],[129.0389875,35.1636271],[129.0389928,35.163605],[129.0390947,35.1631751],[129.0391551,35.1631898],[129.0392339,35.1632089],[129.0392424,35.1631997],[129.0389782,35.1631378],[129.0390184,35.163202],[129.0389962,35.1633004],[129.0389954,35.1633039],[129.0389948,35.1633067],[129.0389919,35.1633194],[129.0389451,35.1635274],[129.0389447,35.1635291],[129.0389367,35.1635646],[129.0389218,35.1636307],[129.0389218,35.1636307]]]},"properties":{"name":"정비기반시설(도로)","type":"기반시설","admCode":"26230","mnum":"62600002623020240381UDT9990001001"}},{"type":"Feature","geometry":{"type":"Polygon","coordinates":[[[129.0342682,35.1637725],[129.0343585,35.1637704],[129.0344851,35.1637997],[129.034532,35.1638159],[129.0345759,35.1638253],[129.034615,35.1638498],[129.0346701,35.1638805],[129.0347121,35.1639011],[129.0347302,35.1639019],[129.0348333,35.1639365],[129.0349786,35.1639848],[129.0349819,35.1639719],[129.0350554,35.1640034],[129.0350676,35.1640085],[129.0350993,35.1640207],[129.0351887,35.1640554],[129.0352931,35.1640959],[129.0353508,35.1641223],[129.0353994,35.1641094],[129.0355973,35.1640548],[129.0356652,35.1640195],[129.035737,35.1639441],[129.035752,35.1639279],[129.0358049,35.1637638],[129.0358479,35.1636077],[129.0358866,35.1634762],[129.0359031,35.1634213],[129.0359247,35.1633478],[129.0359375,35.1633035],[129.0359724,35.1631844],[129.0360129,35.1630395],[129.0360816,35.1627721],[129.0360873,35.1627504],[129.0360998,35.1627001],[129.0361467,35.1625207],[129.0362076,35.1623291],[129.0362198,35.1622811],[129.0362357,35.1622126],[129.0362785,35.1620492],[129.0362238,35.1620353],[129.0358416,35.1619438],[129.0358451,35.1619349],[129.0358472,35.161907],[129.0358577,35.1619011],[129.0358584,35.161814],[129.0358615,35.1617218],[129.0358638,35.1616325],[129.0362068,35.1617113],[129.0362747,35.1617197],[129.0363039,35.1617236],[129.0363483,35.161783],[129.0363855,35.1616144],[129.0363991,35.1615565],[129.0364126,35.1615008],[129.0364153,35.1614898],[129.036419,35.1614732],[129.0364328,35.1614311],[129.0364535,35.1613685],[129.0364826,35.1612949],[129.0365276,35.1612012],[129.0365474,35.1611684],[129.0365561,35.1611541],[129.0365917,35.1611083],[129.0366271,35.1610622],[129.0366327,35.1610549],[129.0366427,35.1610425],[129.0365722,35.1610269],[129.0365597,35.1610241],[129.0365271,35.1610169],[129.0364964,35.1610101],[129.0364893,35.1610157],[129.0364243,35.161067],[129.0363522,35.1611238],[129.0363259,35.1611446],[129.0362549,35.1612006],[129.0362445,35.1612382],[129.036211,35.1612655],[129.036183,35.1612769],[129.0361456,35.1613027],[129.0361144,35.1613052],[129.035876,35.1614228],[129.0358729,35.1614243],[129.0358284,35.161455],[129.0358215,35.1614626],[129.0357757,35.1615136],[129.0357681,35.1615183],[129.0357573,35.161525],[129.035661,35.1615851],[129.0356156,35.1616135],[129.0355886,35.1616304],[129.0355281,35.1616213],[129.0354775,35.1616475],[129.0354473,35.1616548],[129.0353314,35.1616828],[129.0353049,35.1616827],[129.0351381,35.1616819],[129.0351291,35.1616702],[129.0349817,35.1617091],[129.0349435,35.1617559],[129.0348806,35.1618329],[129.0348707,35.1618311],[129.0348458,35.1619058],[129.0347993,35.1620453],[129.03466,35.1620124],[129.0343266,35.1619336],[129.0341162,35.1618839],[129.0340521,35.1618688],[129.0340231,35.1620018],[129.0339468,35.1623528],[129.0339458,35.1623645],[129.0339302,35.1623645],[129.0339261,35.1623763],[129.0338998,35.1624795],[129.0338834,35.1625384],[129.0338484,35.1627021],[129.0338096,35.1628823],[129.0337328,35.1632417],[129.0336939,35.1634015],[129.0336867,35.1634321],[129.0336063,35.1638209],[129.0336893,35.1638302],[129.0338757,35.1638507],[129.0341086,35.1638932],[129.0341339,35.1639024],[129.0341903,35.1638213],[129.0342239,35.1637841],[129.0342682,35.1637725]]]},"properties":{"name":"당감1 재건축사업 정비구역","type":"재건축","admCode":"26230","mnum":"62600002623020240380UDT1000001001"}},{"type":"Feature","geometry":{"type":"Polygon","coordinates":[[[129.0340868,35.1638421],[129.0336836,35.1637858],[129.0336063,35.1638209],[129.0336893,35.1638302],[129.0338757,35.1638507],[129.0341086,35.1638932],[129.0341339,35.1639024],[129.0340868,35.1638421]]]},"properties":{"name":"정비기반시설(도로)","type":"기반시설","admCode":"26230","mnum":"62600002623020240380UDT9990001001"}},{"type":"Feature","geometry":{"type":"Polygon","coordinates":[[[129.037662,35.1720655],[129.037662,35.1720655],[129.0377078,35.1720687],[129.0377181,35.1719811],[129.0377259,35.1719152],[129.0377429,35.1717747],[129.0377493,35.171722],[129.0377655,35.171589],[129.0377807,35.1714606],[129.0377827,35.171445],[129.037786,35.1714114],[129.0378008,35.1713313],[129.0378234,35.1711142],[129.0378329,35.171059],[129.0378135,35.1710474],[129.0378453,35.1708113],[129.037845,35.1707779],[129.0378749,35.1707183],[129.0379339,35.170598],[129.0379855,35.1704948],[129.0379887,35.1704768],[129.0379676,35.1704147],[129.0379356,35.1703901],[129.0379071,35.1703675],[129.037857,35.1703261],[129.037804,35.170305],[129.0377574,35.1702713],[129.0377161,35.1702067],[129.037659,35.1701702],[129.0376147,35.1701485],[129.0375995,35.1701411],[129.0376042,35.1701523],[129.0375588,35.1701842],[129.0374673,35.1702181],[129.0373391,35.1702121],[129.0372566,35.1702148],[129.0371401,35.170244],[129.0369383,35.1702711],[129.0368163,35.1702953],[129.0366606,35.1703086],[129.036654,35.1703181],[129.0366495,35.1703174],[129.0366173,35.1702915],[129.0366371,35.1702604],[129.0366371,35.1702254],[129.036618,35.1701694],[129.0365253,35.1701657],[129.036416,35.1701751],[129.036385,35.1701647],[129.0363618,35.1701552],[129.0362791,35.1701571],[129.0362028,35.1701586],[129.0360508,35.170163],[129.0358748,35.170168],[129.0358076,35.1701705],[129.0357864,35.1701712],[129.0354069,35.1701803],[129.0353866,35.1701811],[129.0352585,35.1701843],[129.0351876,35.1701856],[129.0351808,35.1701855],[129.0350109,35.1701894],[129.03479,35.1701953],[129.034728,35.1702269],[129.0346718,35.1702638],[129.0346478,35.1702871],[129.0345711,35.1703635],[129.0345309,35.1704037],[129.0344942,35.1704395],[129.0344029,35.1705228],[129.0342467,35.1706656],[129.0340641,35.1708396],[129.0340437,35.1708585],[129.0339872,35.1709105],[129.0339304,35.1709628],[129.0338894,35.171001],[129.033877,35.1710628],[129.0339647,35.1711682],[129.0340335,35.1712516],[129.0341121,35.1713469],[129.0341054,35.1713506],[129.0341168,35.171352],[129.0341437,35.1713847],[129.0342938,35.1715645],[129.0343014,35.1715734],[129.0343125,35.1715788],[129.0342581,35.1716539],[129.0342482,35.1716675],[129.0342114,35.1717182],[129.0341532,35.1717982],[129.0340308,35.1719665],[129.0339571,35.1720677],[129.0338731,35.1721831],[129.0337562,35.1723272],[129.0336627,35.1724896],[129.0336492,35.1725138],[129.0336478,35.1725121],[129.0336202,35.1725559],[129.0335416,35.1726809],[129.0335124,35.1727291],[129.0334855,35.1727734],[129.0334536,35.1728258],[129.03343,35.1728513],[129.0334182,35.172863],[129.0334034,35.1728822],[129.0333906,35.1728976],[129.0334055,35.1729102],[129.0334532,35.1729506],[129.0334721,35.1729393],[129.0335161,35.1729297],[129.0335369,35.172925],[129.0337121,35.1728854],[129.033749,35.1728771],[129.0338373,35.1728127],[129.0339892,35.1726828],[129.0340189,35.1726587],[129.0340558,35.172642],[129.0340865,35.1726414],[129.0341279,35.172645],[129.0341683,35.172655],[129.0341947,35.1726696],[129.0341952,35.1726703],[129.0342864,35.1727202],[129.0344316,35.1727439],[129.0344754,35.1727539],[129.0345236,35.1727803],[129.0345555,35.172823],[129.0345638,35.1728434],[129.0345594,35.1728998],[129.034531,35.1729383],[129.0345074,35.1729889],[129.0345007,35.1730274],[129.03455,35.1731806],[129.0345966,35.1733026],[129.0346644,35.1737106],[129.0346694,35.173748],[129.034658,35.1740967],[129.0347186,35.1741508],[129.0347404,35.1741704],[129.0348219,35.1741192],[129.0350422,35.1739342],[129.035185,35.1738174],[129.0356807,35.1734121],[129.0357446,35.1734156],[129.0358129,35.1734907],[129.0359208,35.1734815],[129.0364068,35.1734403],[129.0365159,35.173183],[129.0365388,35.173086],[129.0365693,35.1729571],[129.0365875,35.1728805],[129.0365957,35.1728448],[129.0366195,35.1726833],[129.0366873,35.1724716],[129.0368305,35.1722055],[129.0369119,35.172117],[129.0369363,35.1720903],[129.0369464,35.1720786],[129.0369511,35.1720851],[129.036962,35.1721],[129.0369711,35.1721123],[129.037005,35.1721185],[129.0370946,35.1721272],[129.0371334,35.1721132],[129.0371615,35.172084],[129.0371581,35.1720439],[129.0372268,35.1720532],[129.0372838,35.1720483],[129.037271,35.172038],[129.0373163,35.1720411],[129.0373573,35.1720309],[129.0374504,35.1720393],[129.0376199,35.1720548],[129.0376549,35.1720246],[129.0376507,35.1720576],[129.0376629,35.1720587],[129.037662,35.1720655]]]},"properties":{"name":"","type":"기타","admCode":"26230","mnum":"62600002623020240372UDT1000001001"}},{"type":"Feature","geometry":{"type":"Polygon","coordinates":[[[129.069747,35.1656534],[129.0697532,35.1656723],[129.0699079,35.1656307],[129.0700538,35.1655916],[129.0700665,35.1655881],[129.0700953,35.1655803],[129.070124,35.1655728],[129.0701447,35.1655674],[129.070227,35.1655442],[129.0703677,35.1655066],[129.070337,35.1654239],[129.070337,35.1654239],[129.0703357,35.1654203],[129.0702854,35.1655088],[129.0702197,35.1655263],[129.0701376,35.1655495],[129.0700596,35.1655702],[129.0699613,35.1655963],[129.069747,35.1656534]]]},"properties":{"name":"정비기반시설(구거)","type":"기반시설","admCode":"26230","mnum":"62600002623020220322UDT9990001001"}},{"type":"Feature","geometry":{"type":"Polygon","coordinates":[[[129.0918451,35.2067592],[129.0918451,35.2067592],[129.0919066,35.206821],[129.0920777,35.2069752],[129.0920706,35.2069986],[129.092052,35.2070798],[129.0920562,35.2071463],[129.0920302,35.2071845],[129.0920209,35.2072025],[129.0919888,35.2072652],[129.0919811,35.2073056],[129.0919743,35.2073717],[129.0920201,35.2073996],[129.0920576,35.2074211],[129.0920722,35.2074401],[129.0921198,35.2074614],[129.0922096,35.2075219],[129.0922827,35.2076079],[129.0923317,35.2076551],[129.0923322,35.2076639],[129.0923348,35.2077042],[129.0923342,35.2077349],[129.0923272,35.2078253],[129.0923303,35.2078456],[129.0924299,35.207833],[129.0924429,35.2078318],[129.0924521,35.2078314],[129.0924624,35.2078315],[129.0924748,35.2078324],[129.0924884,35.2078342],[129.0925,35.2078365],[129.0925118,35.2078396],[129.0925232,35.2078435],[129.0925339,35.2078479],[129.0925457,35.2078537],[129.0925558,35.2078596],[129.0925637,35.207865],[129.0925705,35.2078701],[129.0925795,35.2078779],[129.0925959,35.2078934],[129.0923737,35.2079175],[129.0925862,35.20805],[129.0926371,35.2080818],[129.0926577,35.2080929],[129.0926776,35.2081037],[129.0927206,35.2081203],[129.092761,35.2081335],[129.0928214,35.208148],[129.092875,35.2081561],[129.0929395,35.2081561],[129.0929644,35.2081524],[129.0929924,35.2081494],[129.0930131,35.2081473],[129.0930743,35.2081395],[129.0931288,35.2081218],[129.0931503,35.2081143],[129.0931932,35.2080954],[129.0932561,35.2080628],[129.0932803,35.2080423],[129.0934878,35.2078667],[129.0936818,35.2076999],[129.0936986,35.2076843],[129.0937561,35.2076425],[129.0938167,35.2076068],[129.0938453,35.2075948],[129.0938524,35.2075934],[129.093992,35.2075669],[129.0942322,35.2075238],[129.0943586,35.2075011],[129.0943669,35.2074997],[129.0945894,35.2074606],[129.0948503,35.2074145],[129.0948262,35.2073222],[129.0948635,35.2072739],[129.0948782,35.2072549],[129.0948875,35.2072066],[129.0949878,35.2071505],[129.0949639,35.2071098],[129.0950009,35.207108],[129.0950219,35.2070245],[129.0952057,35.2069444],[129.095192,35.206923],[129.0951736,35.2068946],[129.0952346,35.2068716],[129.0952365,35.2068927],[129.095276,35.2068502],[129.0952397,35.2068192],[129.095298,35.2066386],[129.0953158,35.2065901],[129.0954162,35.2066192],[129.0954363,35.2065163],[129.0954553,35.2065189],[129.0955973,35.2065383],[129.0956225,35.2064263],[129.0956253,35.2064092],[129.0956561,35.2062924],[129.0956787,35.2061774],[129.0956818,35.2061551],[129.0956933,35.2060775],[129.0956996,35.2060723],[129.0957017,35.2059481],[129.0956831,35.2058939],[129.095682,35.2057842],[129.0956544,35.2057249],[129.0955725,35.2056239],[129.0955515,35.2055972],[129.0954898,35.2055188],[129.0954456,35.2055125],[129.0953422,35.2054439],[129.0952484,35.2053818],[129.0952227,35.2053681],[129.0952039,35.2053562],[129.0951396,35.2053151],[129.0950797,35.2052946],[129.095002,35.2052829],[129.0949454,35.205211],[129.0950123,35.2052215],[129.0951765,35.2052185],[129.095347,35.2052154],[129.0953117,35.2051582],[129.0952871,35.2051185],[129.0952429,35.205047],[129.0952305,35.2050239],[129.095161,35.2049129],[129.0950918,35.2048025],[129.09508,35.2047861],[129.0950136,35.2046768],[129.0949445,35.2045631],[129.0949356,35.2045465],[129.0948673,35.2044391],[129.0947986,35.204331],[129.0947843,35.2043183],[129.0947021,35.2041941],[129.0946669,35.2042129],[129.094628,35.2041998],[129.0944523,35.2043024],[129.0944147,35.2043683],[129.0943317,35.2045151],[129.09427,35.204625],[129.0942418,35.2046391],[129.0941944,35.2047158],[129.0942205,35.2047127],[129.0941931,35.2047503],[129.0941522,35.2047808],[129.0941195,35.2048337],[129.0941328,35.204845],[129.0940175,35.2050493],[129.0939899,35.205067],[129.0939729,35.2050738],[129.0939258,35.2050916],[129.0938888,35.2051303],[129.0938533,35.2051254],[129.0938025,35.2050971],[129.0937573,35.2050932],[129.0937252,35.2051109],[129.0936673,35.2051882],[129.0936542,35.2051815],[129.0936191,35.2051623],[129.0935824,35.2051853],[129.093222,35.2053446],[129.0931416,35.205371],[129.0929555,35.2053615],[129.0928367,35.2054001],[129.09257,35.2053741],[129.0925139,35.2053742],[129.0925125,35.2053749],[129.092432,35.2054117],[129.0923398,35.2053489],[129.0922881,35.2052506],[129.0922344,35.2051824],[129.0921864,35.2051437],[129.0921691,35.2051297],[129.0921511,35.2050622],[129.0921366,35.2050074],[129.0920652,35.2049305],[129.0919883,35.204895],[129.0918827,35.2047958],[129.0918562,35.2047569],[129.0918215,35.204687],[129.0918856,35.2046027],[129.0917735,35.204435],[129.0917583,35.204431],[129.0917053,35.2043695],[129.0917513,35.2043253],[129.0917664,35.2043218],[129.0917529,35.2043174],[129.0917439,35.2042384],[129.0917244,35.2041735],[129.0917547,35.2041634],[129.0917968,35.2041499],[129.0917363,35.2039493],[129.0916075,35.2039866],[129.0915667,35.203998],[129.0916236,35.2039281],[129.091671,35.2038662],[129.0917085,35.2038152],[129.0917149,35.2037882],[129.091731,35.2037202],[129.0917325,35.2036941],[129.0917349,35.2036798],[129.0918592,35.2034755],[129.0918704,35.2034578],[129.0919129,35.2034849],[129.0920146,35.2034148],[129.0921836,35.2032952],[129.0922201,35.2032718],[129.0922519,35.2032208],[129.0922212,35.2031684],[129.0923377,35.2030775],[129.092378,35.2030593],[129.0923664,35.2030356],[129.0923753,35.2030315],[129.0924242,35.2030087],[129.0925139,35.2029723],[129.0925372,35.2029631],[129.0926079,35.2029348],[129.0926454,35.2029083],[129.0926188,35.2027905],[129.0926616,35.2027669],[129.0927212,35.2027349],[129.0929182,35.2026233],[129.0928599,35.2025736],[129.0927341,35.2024678],[129.0929659,35.2023048],[129.0929164,35.2022496],[129.0928545,35.2022085],[129.0927996,35.2021921],[129.0927323,35.2021739],[129.0927519,35.2021393],[129.0928142,35.2021637],[129.0928358,35.202174],[129.0929195,35.2022137],[129.0929979,35.2022863],[129.0930001,35.202285],[129.0931625,35.2022166],[129.0933058,35.2021856],[129.0934299,35.2021589],[129.0935375,35.2021886],[129.0935957,35.2022156],[129.0936538,35.2022433],[129.0937472,35.2022879],[129.0937832,35.2023888],[129.093798,35.2024031],[129.0938484,35.2024787],[129.0939172,35.2024677],[129.0939897,35.202456],[129.0940414,35.2024576],[129.0940423,35.2024742],[129.0941111,35.2024898],[129.0941135,35.2024642],[129.0942676,35.2024879],[129.0943686,35.202457],[129.0942851,35.202381],[129.0943103,35.2023137],[129.0944412,35.2023683],[129.0944734,35.2023638],[129.0945114,35.202341],[129.0944739,35.2022907],[129.0945101,35.2022341],[129.0944626,35.2021615],[129.0943826,35.2020819],[129.0943431,35.2020722],[129.094333,35.2020179],[129.0943594,35.2019719],[129.0943079,35.2018765],[129.0942798,35.2018274],[129.0942206,35.2017798],[129.0941286,35.2017371],[129.0941036,35.2017556],[129.0940834,35.2017525],[129.0940289,35.2017035],[129.0940192,35.2016966],[129.0939991,35.2016823],[129.0940694,35.2015493],[129.0941094,35.2014736],[129.0941707,35.2014939],[129.0941791,35.201499],[129.0942179,35.2015223],[129.0942988,35.2015701],[129.0943705,35.2015509],[129.0943997,35.2015211],[129.0945033,35.2015035],[129.0946172,35.2014844],[129.0945939,35.2014056],[129.094589,35.2013892],[129.0945611,35.2012947],[129.0945577,35.2012874],[129.0945515,35.2012621],[129.0947341,35.2011563],[129.0947674,35.2011362],[129.0947881,35.2011289],[129.0947994,35.2011248],[129.094833,35.2011288],[129.0949396,35.2011071],[129.0950324,35.2010582],[129.0950399,35.2010403],[129.0950795,35.2009612],[129.0950545,35.2008651],[129.0950387,35.2007986],[129.0950225,35.2007361],[129.0950105,35.2006902],[129.0950949,35.2006854],[129.0950321,35.2005348],[129.0950061,35.2004725],[129.0950362,35.2004009],[129.0951458,35.2003762],[129.0950888,35.2002548],[129.0950255,35.2001174],[129.0950173,35.2000983],[129.0951343,35.200065],[129.095119,35.2000011],[129.0951523,35.1999948],[129.0951551,35.1999574],[129.0951699,35.1999545],[129.0951779,35.199953],[129.0951953,35.1999511],[129.0952814,35.1999418],[129.0952839,35.19987],[129.0952856,35.199788],[129.0952877,35.199693],[129.0954549,35.1997353],[129.0955472,35.1997524],[129.0955818,35.1997629],[129.0956844,35.199794],[129.0958654,35.1995551],[129.0959583,35.1994325],[129.0959876,35.1994471],[129.0960428,35.1993712],[129.0961957,35.1994486],[129.0962812,35.1993376],[129.0962906,35.1993255],[129.0963147,35.1992425],[129.0963363,35.1991764],[129.09642,35.1989228],[129.0963965,35.198913],[129.0963564,35.1988965],[129.0962345,35.1988462],[129.0961913,35.1988282],[129.0961273,35.1987673],[129.0961042,35.1987454],[129.0960503,35.1987101],[129.0960134,35.1986911],[129.0959927,35.1986827],[129.0959649,35.198675],[129.095927,35.1986675],[129.0958926,35.198664],[129.095857,35.1986741],[129.0956803,35.198724],[129.0954735,35.1987835],[129.0953703,35.1988126],[129.0952263,35.1988542],[129.0950838,35.1988953],[129.0950751,35.1988795],[129.09502,35.1988985],[129.0949898,35.198909],[129.0949507,35.1989227],[129.0947863,35.1989799],[129.0947066,35.1990079],[129.0945525,35.1990619],[129.0944591,35.1990947],[129.094394,35.1991175],[129.0941872,35.1991911],[129.0940731,35.1992317],[129.0940258,35.199245],[129.0940184,35.199247],[129.0939722,35.1992591],[129.0939039,35.1992717],[129.093865,35.1992851],[129.0936611,35.1993554],[129.0930607,35.1995601],[129.0929127,35.1996118],[129.0928754,35.1996248],[129.0928255,35.1996422],[129.0927856,35.1996555],[129.0926801,35.1996928],[129.0925774,35.1997298],[129.0925404,35.1997431],[129.0924891,35.1997624],[129.0924671,35.1997706],[129.0924485,35.1997776],[129.0924255,35.1997853],[129.0924995,35.1999301],[129.0926347,35.2001819],[129.0927835,35.2004809],[129.0928584,35.2006267],[129.0931212,35.2011193],[129.093129,35.2011344],[129.0931623,35.2011996],[129.0928023,35.2013268],[129.0924381,35.2014554],[129.0921807,35.2015463],[129.0916391,35.2017376],[129.0915703,35.2017624],[129.0915045,35.201786],[129.0914915,35.2017906],[129.0914646,35.2018],[129.091089,35.2019302],[129.0909281,35.2019889],[129.0908995,35.2019953],[129.0908255,35.2020118],[129.090799,35.2020177],[129.0906874,35.2020417],[129.0906631,35.2020468],[129.0905769,35.2020649],[129.0905478,35.2020712],[129.0904831,35.202085],[129.0903197,35.2021229],[129.090281,35.202132],[129.0901781,35.2021551],[129.0900114,35.2021916],[129.0897163,35.2022579],[129.0896847,35.2022634],[129.0896366,35.2022736],[129.0895688,35.202288],[129.0894071,35.2023204],[129.0892651,35.2023485],[129.0892586,35.2023502],[129.0891687,35.202292],[129.089168,35.2021105],[129.0891674,35.2019486],[129.0891664,35.2017037],[129.0891659,35.2014648],[129.0891658,35.2013794],[129.0891654,35.2010107],[129.0891654,35.200967],[129.089261,35.2008615],[129.089235,35.2008666],[129.0891287,35.2008874],[129.0890196,35.2009103],[129.088917,35.2009285],[129.0888217,35.2009452],[129.0887338,35.2009605],[129.088805,35.2009856],[129.0889378,35.2010087],[129.0889378,35.2011193],[129.0889382,35.201374],[129.0889386,35.2014665],[129.0889396,35.2015492],[129.0889407,35.2016481],[129.0889408,35.2016604],[129.088937,35.2017271],[129.0889371,35.2017325],[129.0889381,35.2018139],[129.0889399,35.2019498],[129.0889399,35.2019702],[129.0889405,35.2021031],[129.0889416,35.2023773],[129.0888885,35.2024347],[129.0888199,35.2024502],[129.0886777,35.2024824],[129.0886047,35.202499],[129.0885915,35.202502],[129.0885668,35.2025072],[129.0882918,35.202564],[129.0881638,35.2025905],[129.0880024,35.2026246],[129.087927,35.2026415],[129.0879151,35.202643],[129.0878931,35.2026456],[129.0877845,35.2026676],[129.0876786,35.202689],[129.087607,35.2027068],[129.0875706,35.2027138],[129.0875596,35.2027161],[129.0874407,35.2027422],[129.0872678,35.2027795],[129.0871575,35.2028032],[129.0870209,35.2028319],[129.0869956,35.2028373],[129.0871243,35.2032958],[129.0871303,35.2033481],[129.0871336,35.2033781],[129.08706,35.2034777],[129.0870573,35.2036382],[129.0870785,35.203661],[129.0871022,35.2037129],[129.0871318,35.2037605],[129.0871408,35.2038181],[129.0871469,35.2038516],[129.0871328,35.2040068],[129.0871342,35.2040156],[129.0871399,35.2040512],[129.0871529,35.2041375],[129.0871653,35.2041581],[129.0870589,35.2041716],[129.0870079,35.2041783],[129.0868503,35.2042278],[129.0868522,35.204239],[129.0869075,35.2046138],[129.0869276,35.2047476],[129.0869421,35.2048363],[129.0869382,35.2048631],[129.0869534,35.2049519],[129.086973,35.2050528],[129.0869934,35.2051819],[129.0869965,35.2051984],[129.0870044,35.2052407],[129.0870138,35.2052911],[129.0870136,35.2053043],[129.0870187,35.2053311],[129.08704,35.2054728],[129.0870514,35.205558],[129.0870581,35.2056035],[129.0870667,35.2056612],[129.0870731,35.205704],[129.0871163,35.2057098],[129.0873059,35.2057446],[129.0873788,35.205747],[129.0875243,35.2057498],[129.0878096,35.2057325],[129.0882874,35.205718],[129.0883009,35.2057215],[129.0883547,35.2057677],[129.088455,35.2058488],[129.0887143,35.2060545],[129.0889812,35.2062],[129.0891472,35.2063477],[129.0893243,35.2064946],[129.0893854,35.206556],[129.0893468,35.2066293],[129.0893014,35.206696],[129.0892577,35.2067484],[129.0892184,35.2067749],[129.0891869,35.2067968],[129.0891133,35.2068309],[129.089057,35.2068515],[129.0888799,35.2068858],[129.0888594,35.2068897],[129.0888378,35.2069161],[129.0888569,35.2069732],[129.0888486,35.2070329],[129.088837,35.207063],[129.0888342,35.2070702],[129.0888294,35.2070751],[129.0887859,35.2071202],[129.0887938,35.2071463],[129.08886,35.2072309],[129.0888676,35.2072339],[129.088877,35.2072283],[129.0889465,35.2072655],[129.088995,35.2072765],[129.0891134,35.2073365],[129.0890862,35.207381],[129.0890927,35.2074126],[129.0891843,35.2075245],[129.089108,35.2076324],[129.0891236,35.2076379],[129.0891495,35.2076471],[129.089162,35.2079476],[129.0880511,35.2079676],[129.087789,35.2078889],[129.0875672,35.2079071],[129.0874779,35.207911],[129.0873319,35.2079101],[129.087228,35.2079041],[129.0872093,35.2080002],[129.0872197,35.2080052],[129.0872196,35.2080639],[129.087055,35.2081062],[129.0870037,35.2081745],[129.0869196,35.2081857],[129.0867921,35.2081537],[129.0867797,35.208127],[129.0867361,35.2080875],[129.0866753,35.2080411],[129.0866206,35.2080234],[129.0865333,35.208029],[129.0864556,35.2080246],[129.0863605,35.2080193],[129.0863382,35.2079987],[129.0865412,35.2079387],[129.0865329,35.2078992],[129.0863579,35.2079679],[129.0862581,35.2079765],[129.086258,35.2080039],[129.0862193,35.2080067],[129.0861754,35.2079854],[129.0860803,35.208016],[129.0861599,35.2080214],[129.0862627,35.2080382],[129.0862769,35.2080698],[129.0862808,35.2081479],[129.0863684,35.2081514],[129.0863837,35.2081736],[129.0864008,35.2081794],[129.086522,35.208078],[129.0866054,35.2080875],[129.0866413,35.2081041],[129.0866633,35.2081163],[129.0866585,35.2081257],[129.0867261,35.2082068],[129.0867548,35.2082434],[129.0868041,35.2082754],[129.0868439,35.2083162],[129.0869075,35.2083401],[129.0869057,35.2083593],[129.0868977,35.208399],[129.0868992,35.2084614],[129.0869662,35.2084586],[129.0870141,35.2084371],[129.0870072,35.2084],[129.087045,35.20839],[129.0870722,35.2083849],[129.087147,35.2083554],[129.087247,35.2083619],[129.0873165,35.2083613],[129.0874765,35.2083706],[129.0875236,35.2083524],[129.0875374,35.2083222],[129.0881107,35.2083462],[129.0883014,35.2083535],[129.0883223,35.2083839],[129.0883426,35.2083931],[129.0884066,35.2084579],[129.0885264,35.2085511],[129.0885728,35.2085779],[129.0886426,35.2084971],[129.0886953,35.2084291],[129.088723,35.2084084],[129.0887515,35.2084531],[129.0887943,35.208551],[129.0888021,35.2085924],[129.0888293,35.2085979],[129.0889953,35.2085515],[129.0890592,35.2085368],[129.0891448,35.2085872],[129.089209,35.208624],[129.0893543,35.2087098],[129.0894676,35.2087778],[129.0894911,35.2087908],[129.0895702,35.208801],[129.0896839,35.2088125],[129.0899069,35.2088416],[129.0901053,35.208869],[129.0902249,35.2088853],[129.0903519,35.208902],[129.0903963,35.2089084],[129.0905478,35.2089291],[129.0905703,35.2088997],[129.0906416,35.2088085],[129.0907347,35.2086952],[129.0908027,35.2086103],[129.0908675,35.2085271],[129.090976,35.2083856],[129.0910464,35.2082944],[129.0910616,35.2082742],[129.0910654,35.208195],[129.09122,35.2082587],[129.0912585,35.2082317],[129.0913244,35.2082088],[129.0911737,35.2081536],[129.0911705,35.2081514],[129.0911579,35.2081427],[129.0910889,35.2080957],[129.0910635,35.2080773],[129.0909759,35.207983],[129.0909369,35.2079497],[129.090651,35.2076655],[129.0906375,35.2076313],[129.0906252,35.207601],[129.0905903,35.2076071],[129.0905098,35.2075283],[129.0904284,35.2074486],[129.0904239,35.2074511],[129.0904121,35.2074284],[129.0903284,35.207351],[129.0902456,35.2072658],[129.0901638,35.2071947],[129.0901179,35.2071572],[129.0900913,35.2071231],[129.0900197,35.2070739],[129.0899791,35.2070354],[129.0899677,35.2070282],[129.0899444,35.2070134],[129.0898672,35.2069643],[129.0898501,35.2069517],[129.0897307,35.2068669],[129.0897128,35.2068553],[129.0897182,35.2068523],[129.0896343,35.2067732],[129.0895819,35.2067193],[129.0895707,35.206697],[129.0895619,35.2066815],[129.089514,35.2065956],[129.0894635,35.2065175],[129.0894592,35.2065109],[129.0894308,35.20647],[129.0893923,35.2064291],[129.0893574,35.2063945],[129.0893062,35.2063336],[129.0891793,35.2062242],[129.0891661,35.2062109],[129.0890699,35.2061177],[129.0890263,35.2060852],[129.0889834,35.2060524],[129.0889452,35.2060241],[129.0888947,35.205989],[129.0888652,35.2059734],[129.0888804,35.2059248],[129.0888104,35.2058776],[129.0887981,35.2058653],[129.0886879,35.2058023],[129.088748,35.205776],[129.0888373,35.2057468],[129.0888353,35.2057362],[129.0888505,35.2057274],[129.0888456,35.2057146],[129.088841,35.2057059],[129.0888801,35.2056489],[129.088879,35.2056173],[129.0888694,35.2055715],[129.0888669,35.2054884],[129.0888345,35.2053919],[129.0888731,35.2053771],[129.0889012,35.2053868],[129.0889496,35.2053778],[129.0889953,35.205317],[129.089015,35.2052908],[129.0890795,35.2052762],[129.0891701,35.2052594],[129.0891814,35.2052573],[129.0892459,35.2052454],[129.0893357,35.2052396],[129.0894202,35.2052353],[129.0894465,35.2052266],[129.089519,35.2052023],[129.0895268,35.2052134],[129.0896369,35.2052934],[129.089658,35.2053103],[129.0896764,35.2053122],[129.0897399,35.2053653],[129.0897485,35.2053723],[129.0898152,35.2054269],[129.0898331,35.2054419],[129.0898355,35.2054527],[129.0899441,35.2055407],[129.0899923,35.2055796],[129.0899923,35.2055796],[129.0900079,35.2055716],[129.0900444,35.2055819],[129.0901,35.2056013],[129.0901903,35.2056328],[129.0902043,35.2056377],[129.0903083,35.2056576],[129.0904512,35.2056854],[129.0904304,35.2057105],[129.090523,35.2057592],[129.0905498,35.2057813],[129.0905907,35.2058146],[129.0905849,35.205837],[129.0906839,35.205929],[129.0907013,35.2059489],[129.0907149,35.2059643],[129.0907533,35.2060102],[129.0908219,35.206098],[129.0908466,35.2061333],[129.0908755,35.2061619],[129.0908975,35.2061831],[129.0909694,35.2062298],[129.090992,35.206245],[129.091031,35.2062623],[129.0911933,35.2063157],[129.0912432,35.2063311],[129.0912498,35.2063492],[129.0912536,35.2063597],[129.0913278,35.2063881],[129.091419,35.2064238],[129.0915204,35.2064754],[129.091566,35.2065063],[129.0915851,35.2064981],[129.0917117,35.206621],[129.0918451,35.2067592]]]},"properties":{"name":"복산1 재개발사업 정비구역","type":"재개발","admCode":"26260","mnum":"62600002626020260056UDT1000001001"}},{"type":"Feature","geometry":{"type":"Polygon","coordinates":[[[129.0744242,35.2124024],[129.074145,35.2127806],[129.073956,35.2128405],[129.0739486,35.2129962],[129.0740356,35.2130298],[129.0743377,35.213142],[129.0744769,35.2131931],[129.0745843,35.2132336],[129.0747641,35.2133028],[129.0747812,35.2133087],[129.0749129,35.2133577],[129.0751707,35.2134504],[129.0755158,35.2135753],[129.0756019,35.2134204],[129.0756331,35.2133914],[129.0757273,35.2133069],[129.0757843,35.2132635],[129.0758428,35.2132042],[129.0759015,35.213105],[129.0759041,35.2130986],[129.0759384,35.2130139],[129.0759318,35.2129908],[129.0759401,35.2129801],[129.076006,35.21287],[129.0758929,35.2128216],[129.0758877,35.2128194],[129.0758936,35.2128085],[129.0758877,35.2128061],[129.0757537,35.2127522],[129.0757554,35.2127954],[129.0757083,35.2126917],[129.0756473,35.2126465],[129.075666,35.2126139],[129.0757372,35.2125634],[129.0757214,35.2125087],[129.0757119,35.2124781],[129.075697,35.2124183],[129.0756949,35.2122765],[129.0756927,35.2121629],[129.0756399,35.2120479],[129.0755983,35.211981],[129.0755682,35.2119628],[129.0754315,35.2119423],[129.0753478,35.2119483],[129.0752866,35.2119091],[129.0752321,35.2118366],[129.0751549,35.2118085],[129.0751394,35.2118463],[129.0751316,35.2118761],[129.0751624,35.2119346],[129.0751006,35.2119622],[129.0750608,35.2119745],[129.0750472,35.2119788],[129.0749825,35.2120522],[129.0749561,35.2120822],[129.074981,35.2121166],[129.0748701,35.2121444],[129.0747195,35.2122729],[129.0746638,35.2122849],[129.0745481,35.212344],[129.0744268,35.2123691],[129.0744431,35.2123912],[129.0744218,35.2123997],[129.0744242,35.2124024]]]},"properties":{"name":"온천1 재건축사업 정비구역","type":"재건축","admCode":"26260","mnum":"62600002626020250542UDT1000001001"}},{"type":"Feature","geometry":{"type":"Polygon","coordinates":[[[129.1044255,35.1992407],[129.1044121,35.1990828],[129.1044043,35.1989919],[129.104401,35.1989527],[129.1043888,35.1988233],[129.1043769,35.1987012],[129.1043743,35.1986742],[129.1043595,35.1985221],[129.1043544,35.1984699],[129.1043449,35.1983714],[129.1043442,35.198364],[129.1043428,35.1983484],[129.1043416,35.1983355],[129.104336,35.1982751],[129.1042569,35.1982331],[129.1041356,35.1982488],[129.1040803,35.1982546],[129.1039498,35.1982698],[129.1039199,35.1982734],[129.1038027,35.1982873],[129.1037578,35.1982937],[129.1037129,35.1983002],[129.1036909,35.1983033],[129.1036298,35.1983121],[129.1035688,35.1983208],[129.1034962,35.1983277],[129.1034491,35.198334],[129.1033904,35.198342],[129.1032397,35.1983624],[129.1032207,35.198365],[129.1030253,35.1983914],[129.1030063,35.1983943],[129.1029862,35.1983974],[129.1029086,35.1984093],[129.1027207,35.1984381],[129.102665,35.1984467],[129.1025959,35.1984573],[129.1025654,35.198462],[129.1024054,35.1984861],[129.1023385,35.1984962],[129.1021271,35.198541],[129.1018927,35.1985916],[129.101585,35.1986576],[129.1015661,35.1986616],[129.1015546,35.1986641],[129.1014679,35.1986827],[129.1014594,35.1986845],[129.1013972,35.1986979],[129.1013681,35.1987041],[129.1013153,35.1987155],[129.1012588,35.1987276],[129.1012463,35.1987303],[129.1012125,35.1987375],[129.1012017,35.1987157],[129.1011769,35.1986233],[129.1011079,35.1983666],[129.1010365,35.1980865],[129.101033,35.1980731],[129.1009893,35.1979082],[129.1009274,35.1976385],[129.1009242,35.1976254],[129.1008831,35.1974681],[129.1008508,35.1973338],[129.1008462,35.197315],[129.1008519,35.1972954],[129.1008164,35.1973048],[129.1007757,35.1973147],[129.1006695,35.197343],[129.1006363,35.1974456],[129.1006094,35.1975287],[129.1006694,35.1975305],[129.100668,35.1976207],[129.1006793,35.1976193],[129.1007051,35.1976878],[129.1007141,35.1977116],[129.1007357,35.1977682],[129.1007488,35.1978022],[129.1007669,35.1978494],[129.1007866,35.1979013],[129.1007975,35.1979299],[129.1006658,35.1979639],[129.1007009,35.1980549],[129.1007266,35.1981215],[129.1006209,35.1981507],[129.1005053,35.1981828],[129.1004742,35.1981913],[129.1003591,35.1982235],[129.10021,35.198265],[129.1001785,35.1982739],[129.1000554,35.1983082],[129.0999119,35.1983461],[129.0997964,35.198377],[129.099774,35.198383],[129.0996664,35.1984119],[129.0995514,35.1984429],[129.0995309,35.1984484],[129.0994617,35.1984673],[129.0993924,35.1984863],[129.0993621,35.1984963],[129.0991689,35.1985488],[129.0990315,35.1985862],[129.0990006,35.1985946],[129.0988611,35.1986324],[129.0988293,35.198641],[129.0987258,35.1986691],[129.0986215,35.1986974],[129.0985174,35.1987256],[129.0985028,35.1987575],[129.0985734,35.1988692],[129.0986508,35.1989915],[129.0986665,35.1990164],[129.0987325,35.1991208],[129.0987909,35.1992132],[129.0988609,35.1993222],[129.0989907,35.1995275],[129.0990433,35.1996106],[129.0990809,35.1996701],[129.0991758,35.1998202],[129.0992305,35.1999065],[129.0992984,35.2000169],[129.09936,35.2001133],[129.0994301,35.2002224],[129.0994639,35.2002758],[129.0994771,35.2002967],[129.0994929,35.2003218],[129.0995432,35.2004013],[129.0996303,35.2005389],[129.0997282,35.2005157],[129.0998232,35.2004932],[129.099926,35.2004688],[129.1000303,35.2004441],[129.1001494,35.2004159],[129.1001927,35.2004056],[129.1003562,35.2003672],[129.100375,35.2003628],[129.1004856,35.2003368],[129.1005776,35.2003152],[129.1007017,35.200286],[129.1008136,35.2002633],[129.1010467,35.200209],[129.1011321,35.2001883],[129.1011479,35.2001846],[129.1012938,35.2001503],[129.1014303,35.2001183],[129.1014625,35.2001107],[129.1015987,35.2000787],[129.1017507,35.200043],[129.1017803,35.200036],[129.1018715,35.2000144],[129.101906,35.2000062],[129.1019974,35.1999845],[129.1020189,35.1999794],[129.1021426,35.1999502],[129.1022087,35.1999345],[129.1022967,35.1999137],[129.1023296,35.1999058],[129.1024857,35.199869],[129.102635,35.1998339],[129.1027208,35.1998158],[129.1028531,35.1997851],[129.1029814,35.1997554],[129.1030232,35.1997457],[129.1031497,35.1997163],[129.1032763,35.199687],[129.1033185,35.1996772],[129.1034439,35.1996481],[129.1035716,35.1996185],[129.1036143,35.1996086],[129.1037398,35.1995796],[129.1038625,35.1995511],[129.103894,35.1995438],[129.1041344,35.1994881],[129.104167,35.1994806],[129.1042444,35.1994626],[129.1044045,35.1994253],[129.1044404,35.199417],[129.1044266,35.1992537],[129.1044255,35.1992407]]]},"properties":{"name":"안락1 재개발사업 정비구역","type":"재개발","admCode":"26260","mnum":"62600002626020250340UDT1000001001"}},{"type":"Feature","geometry":{"type":"Polygon","coordinates":[[[129.1044342,35.2012427],[129.1044559,35.2011419],[129.1044744,35.201056],[129.1044782,35.2010382],[129.1045114,35.2008845],[129.1045374,35.2007638],[129.1045508,35.2006216],[129.1045358,35.2004637],[129.1045251,35.2003465],[129.1045144,35.2002306],[129.10451,35.2001818],[129.1045072,35.200152],[129.1044926,35.2000228],[129.1044785,35.1998554],[129.1044769,35.1998374],[129.1044723,35.1997827],[129.104453,35.1995535],[129.1043101,35.1995868],[129.1041309,35.1996285],[129.1040988,35.199636],[129.1039628,35.1996676],[129.1039304,35.1996752],[129.1037864,35.1997087],[129.1036439,35.1997419],[129.1035793,35.1997569],[129.1034181,35.1997944],[129.1033275,35.1998154],[129.1032432,35.1998349],[129.1031202,35.1998635],[129.1029939,35.1998927],[129.1028701,35.1999214],[129.1027682,35.199945],[129.102685,35.1999649],[129.1024601,35.2000167],[129.1023615,35.2000394],[129.1022296,35.2000668],[129.1020984,35.2000985],[129.1019593,35.2001309],[129.1018215,35.200163],[129.1017335,35.2001841],[129.1016267,35.2002097],[129.1014989,35.2002401],[129.1013608,35.2002731],[129.1012061,35.20031],[129.101119,35.2003298],[129.1010261,35.2003515],[129.1009697,35.2003646],[129.1008961,35.2003817],[129.1007886,35.2004067],[129.1007026,35.2004267],[129.1005778,35.2004558],[129.1005573,35.2004605],[129.1003964,35.2004982],[129.1001933,35.2005458],[129.0998789,35.2006194],[129.0997376,35.2006525],[129.0996612,35.2005316],[129.0996303,35.2005389],[129.0994381,35.2005871],[129.099343,35.2006141],[129.0992501,35.2006405],[129.0991544,35.2006677],[129.0991237,35.2006764],[129.099024,35.2007048],[129.0989252,35.2007328],[129.0987862,35.2007721],[129.0987534,35.2007813],[129.0986148,35.2008204],[129.0984194,35.2008756],[129.0983595,35.200852],[129.0984708,35.2010471],[129.0985382,35.2011588],[129.0986772,35.2011033],[129.0988118,35.2010495],[129.0988708,35.2011458],[129.0988799,35.2011609],[129.0989197,35.2011447],[129.099059,35.2010893],[129.0990052,35.2010003],[129.0991429,35.2009451],[129.0991838,35.2010127],[129.0992219,35.2009972],[129.0993643,35.2009411],[129.0994287,35.2009136],[129.0994794,35.2008905],[129.0995962,35.2008407],[129.0997739,35.2007708],[129.0997937,35.2008026],[129.0998523,35.2008963],[129.099926,35.2010107],[129.0999714,35.2010815],[129.1000326,35.2011791],[129.1000486,35.2012046],[129.1001148,35.2013101],[129.1001845,35.2014213],[129.1002031,35.2015453],[129.100226,35.2016518],[129.1002486,35.2017569],[129.1002542,35.201783],[129.1002632,35.2018249],[129.1003082,35.2018846],[129.1003665,35.201962],[129.1003853,35.201987],[129.100386,35.2019879],[129.1004466,35.2020672],[129.1004828,35.2021147],[129.1005772,35.2022461],[129.100628,35.2023142],[129.1006926,35.202401],[129.1007601,35.2024916],[129.1007782,35.2025159],[129.1008465,35.2026074],[129.1009131,35.2026968],[129.1009748,35.2027795],[129.1010626,35.2028965],[129.1011322,35.2029897],[129.1012038,35.2030858],[129.1012218,35.20311],[129.1013025,35.2032181],[129.1013828,35.2033259],[129.1013947,35.2033418],[129.1014583,35.2034271],[129.1015298,35.203543],[129.1015534,35.2036104],[129.1016011,35.2037469],[129.1016161,35.2037896],[129.1016327,35.2038373],[129.1016713,35.2039551],[129.1017126,35.2039743],[129.1019106,35.2039394],[129.102073,35.2039083],[129.1021051,35.2039022],[129.1022697,35.2038721],[129.1025107,35.2038279],[129.1026819,35.2037965],[129.1027242,35.2037887],[129.1028015,35.2037745],[129.1028982,35.2037567],[129.103051,35.203729],[129.1031504,35.2037108],[129.1032675,35.2036894],[129.1033549,35.2036734],[129.1034393,35.203658],[129.1034745,35.2036515],[129.1035849,35.2036314],[129.1036795,35.2036141],[129.1038074,35.2035907],[129.1039366,35.203567],[129.1040659,35.2035434],[129.1041797,35.2035226],[129.1042027,35.2034892],[129.1041735,35.203411],[129.1041339,35.2033053],[129.1041245,35.2032803],[129.104086,35.2031776],[129.104044,35.2030652],[129.1040322,35.2029547],[129.1040587,35.2028379],[129.104085,35.202722],[129.1041057,35.2026329],[129.1041078,35.2026236],[129.1041117,35.2026039],[129.1041348,35.2025023],[129.1041387,35.2024846],[129.104165,35.2023688],[129.1041876,35.2022693],[129.1041951,35.2021532],[129.1028967,35.2024152],[129.1027629,35.201986],[129.1027046,35.2017905],[129.1043201,35.2014775],[129.1043854,35.2013939],[129.104404,35.2013826],[129.1044342,35.2012427]]]},"properties":{"name":"명장5 재개발사업 정비구역","type":"재개발","admCode":"26260","mnum":"62600002626020250339UDT1000001001"}},{"type":"Feature","geometry":{"type":"Polygon","coordinates":[[[129.0863027,35.1966711],[129.0864699,35.1964136],[129.0865108,35.19635],[129.0857552,35.1960191],[129.0857414,35.1959827],[129.086236,35.1952208],[129.0864684,35.1953227],[129.0865577,35.1953618],[129.087021,35.195564],[129.0870708,35.1954873],[129.0871651,35.195342],[129.0872366,35.1952319],[129.0872407,35.1952256],[129.0872562,35.1952017],[129.0873334,35.1950828],[129.0873902,35.1949951],[129.087513,35.1948061],[129.0877466,35.1944462],[129.0876061,35.1944803],[129.0872644,35.1945914],[129.0871311,35.1946392],[129.0869945,35.1946883],[129.086781,35.1947649],[129.0867527,35.1947759],[129.086598,35.1948357],[129.0865607,35.1948501],[129.0864684,35.1948858],[129.0862807,35.1949664],[129.0860795,35.1950545],[129.0859745,35.1951005],[129.0859187,35.195125],[129.0858578,35.1951517],[129.0858254,35.1951658],[129.0857112,35.1952306],[129.0856807,35.1952479],[129.0855643,35.1953109],[129.0854858,35.1953533],[129.0853855,35.1954074],[129.0853375,35.1954333],[129.0852514,35.1954798],[129.0851684,35.1955292],[129.0851486,35.195541],[129.0850564,35.1955957],[129.0849693,35.1956476],[129.084847,35.1957224],[129.0847382,35.1957966],[129.0846245,35.1958741],[129.0845102,35.195952],[129.0844178,35.196015],[129.0843499,35.1960613],[129.0842487,35.1961303],[129.0842348,35.1961397],[129.0840959,35.1962818],[129.083987,35.1963929],[129.083987,35.1963929],[129.0845769,35.1967872],[129.0843987,35.1970607],[129.0846237,35.1971591],[129.0848223,35.197246],[129.0846455,35.1975186],[129.0845897,35.1975268],[129.0847174,35.1976165],[129.0847559,35.1976436],[129.0848677,35.1977116],[129.0849858,35.1977728],[129.0849924,35.1977762],[129.0850905,35.1978262],[129.0851683,35.1978579],[129.0851986,35.1978702],[129.085268,35.1978985],[129.0853095,35.1979124],[129.0854633,35.1979641],[129.08554,35.1978461],[129.0856043,35.197747],[129.0856198,35.1977232],[129.0858903,35.1973065],[129.0860616,35.1970424],[129.0861289,35.1969387],[129.0861599,35.196891],[129.0862577,35.1967404],[129.0863027,35.1966711]]]},"properties":{"name":"수안1 재개발사업 정비구역","type":"재개발","admCode":"26260","mnum":"62600002626020250091UDT1000001001"}},{"type":"Feature","geometry":{"type":"Polygon","coordinates":[[[129.0907626,35.2079396],[129.0905331,35.2077135],[129.0904301,35.2076084],[129.0902915,35.2074731],[129.0900538,35.2072358],[129.0899921,35.2071778],[129.0899188,35.207125],[129.0898153,35.207055],[129.0896874,35.2069647],[129.0896206,35.2069139],[129.0896069,35.2068991],[129.0895125,35.2068056],[129.0894812,35.2067724],[129.089444,35.2067124],[129.0894259,35.2066683],[129.0893854,35.206556],[129.0893468,35.2066293],[129.0893063,35.2066889],[129.0893014,35.206696],[129.0892577,35.2067484],[129.0892184,35.2067749],[129.0891869,35.2067968],[129.0891133,35.2068309],[129.089057,35.2068515],[129.0888799,35.2068858],[129.0888594,35.2068897],[129.0888378,35.2069161],[129.0888569,35.2069732],[129.0888486,35.2070329],[129.088837,35.207063],[129.0888342,35.2070702],[129.0888294,35.2070751],[129.0887859,35.2071202],[129.0887938,35.2071463],[129.08886,35.2072309],[129.0888676,35.2072339],[129.088877,35.2072283],[129.0889465,35.2072655],[129.088995,35.2072765],[129.0891134,35.2073365],[129.0891043,35.2073526],[129.0890862,35.207381],[129.0890927,35.2074126],[129.0891843,35.2075245],[129.08917,35.2075447],[129.089108,35.2076324],[129.0891236,35.2076379],[129.0891495,35.2076471],[129.089162,35.2079476],[129.0880511,35.2079676],[129.087789,35.2078889],[129.0875672,35.2079071],[129.0874779,35.207911],[129.0873319,35.2079101],[129.0873005,35.2080411],[129.0873185,35.2080932],[129.0875788,35.2083239],[129.0881107,35.2083462],[129.0883014,35.2083535],[129.088735,35.2083485],[129.0889462,35.2084702],[129.0891448,35.2085872],[129.089209,35.208624],[129.0893543,35.2087098],[129.0894911,35.2087908],[129.0895702,35.208801],[129.0896839,35.2088125],[129.0899069,35.2088416],[129.0901053,35.208869],[129.0902249,35.2088853],[129.0903519,35.208902],[129.0903963,35.2089084],[129.0905478,35.2089291],[129.0905703,35.2088997],[129.0906416,35.2088085],[129.0907347,35.2086952],[129.0908027,35.2086103],[129.0908675,35.2085271],[129.0909596,35.208407],[129.0909674,35.2083969],[129.090976,35.2083856],[129.0910464,35.2082944],[129.0910504,35.2082891],[129.0910448,35.2082171],[129.090965,35.208136],[129.0907626,35.2079396]]]},"properties":{"name":"공동주택용지","type":"기타","admCode":"26260","mnum":"62600002626020080047UDT9990003003"}},{"type":"Feature","geometry":{"type":"Polygon","coordinates":[[[129.0533074,35.1982794],[129.0533255,35.1985146],[129.0533867,35.1986596],[129.0534244,35.19871],[129.053475,35.198765],[129.0535352,35.1988255],[129.0544452,35.1997189],[129.0545457,35.1998234],[129.0547384,35.2000241],[129.0548504,35.2001092],[129.0548826,35.2001338],[129.0549543,35.200182],[129.0550155,35.2002177],[129.0551696,35.2003077],[129.0553249,35.200403],[129.0555397,35.2005268],[129.0555397,35.200551],[129.05565,35.2006118],[129.0558676,35.2007468],[129.0561626,35.2009129],[129.0560828,35.2009422],[129.0560711,35.2009624],[129.0560679,35.200968],[129.0560511,35.2009589],[129.0559464,35.2009023],[129.0559295,35.2009657],[129.0559609,35.2009654],[129.0559155,35.2010138],[129.0558988,35.2010628],[129.0558718,35.2011421],[129.0558088,35.201327],[129.0558204,35.2013527],[129.0558171,35.2014166],[129.0557353,35.2015322],[129.0556953,35.2016016],[129.0556229,35.2016189],[129.0556044,35.2016669],[129.0555506,35.2017327],[129.055579,35.2017494],[129.0555574,35.2019227],[129.0555406,35.2020478],[129.0554794,35.202483],[129.0554738,35.202523],[129.0554923,35.2025795],[129.0554858,35.2026176],[129.0554612,35.2026491],[129.0554609,35.2026718],[129.0562591,35.2027426],[129.0562557,35.2027523],[129.0569489,35.2029237],[129.0569604,35.2029387],[129.057112,35.203137],[129.0569702,35.2032738],[129.0570937,35.2033598],[129.057197,35.2033821],[129.0573845,35.2033415],[129.0575354,35.203311],[129.0576049,35.203297],[129.0576419,35.2032892],[129.0577123,35.2031737],[129.057717,35.2031532],[129.0577763,35.2031083],[129.0577939,35.203095],[129.0578969,35.203017],[129.0579957,35.2029421],[129.0580189,35.2029245],[129.0581145,35.2028521],[129.0582303,35.2027897],[129.05826,35.2027736],[129.0583736,35.2027124],[129.0584529,35.2026696],[129.058479,35.2026554],[129.0585066,35.2026404],[129.0586237,35.2025769],[129.058741,35.2025039],[129.0587681,35.202487],[129.058867,35.2024258],[129.0589634,35.202366],[129.0589896,35.2023498],[129.059078,35.2022691],[129.0591681,35.2021869],[129.0591914,35.2021658],[129.059289,35.202077],[129.0594165,35.2019611],[129.0594169,35.2019166],[129.0594169,35.2019165],[129.059417,35.2019165],[129.0594793,35.2018386],[129.0594567,35.2018251],[129.0594449,35.2018184],[129.0595754,35.2017786],[129.0595984,35.2017956],[129.0596537,35.2018388],[129.0596539,35.2018014],[129.0597653,35.2017762],[129.0598639,35.2017669],[129.0598744,35.2017749],[129.0599152,35.2017652],[129.0599466,35.2017611],[129.0599645,35.2017613],[129.0599887,35.2017385],[129.0600371,35.2016929],[129.0600748,35.2016574],[129.0601094,35.2016252],[129.0601251,35.2016111],[129.0601783,35.2015629],[129.0602708,35.2014768],[129.0602907,35.2014583],[129.0603937,35.2013632],[129.0604828,35.2013626],[129.0605839,35.2013617],[129.060687,35.2013607],[129.0608268,35.2013594],[129.0610103,35.2013589],[129.0610865,35.2013584],[129.0611496,35.201358],[129.0611969,35.2013362],[129.0611971,35.2013362],[129.0612147,35.2013281],[129.0612489,35.2012969],[129.0612488,35.2012139],[129.0590488,35.199627],[129.0574215,35.2001668],[129.0578719,35.1986474],[129.0571526,35.1988101],[129.0574105,35.1979486],[129.0578534,35.196499],[129.0582234,35.1952742],[129.057961,35.1952203],[129.0577996,35.1951876],[129.0576322,35.1951548],[129.0571422,35.1950546],[129.0566123,35.1949462],[129.056528,35.1949289],[129.0564234,35.1949075],[129.0563814,35.1948989],[129.0563271,35.1948878],[129.0559237,35.1948053],[129.0555358,35.194726],[129.0553204,35.1946819],[129.0551157,35.19464],[129.0549734,35.1946109],[129.0549128,35.1945985],[129.0548784,35.1945915],[129.0546807,35.194551],[129.0545716,35.1945287],[129.0544647,35.1945068],[129.0544245,35.1944986],[129.0543641,35.1944863],[129.054267,35.194806],[129.0541263,35.1952693],[129.0540119,35.195646],[129.0537152,35.1966099],[129.0536981,35.1966656],[129.0535684,35.197097],[129.0534644,35.197467],[129.0533285,35.1978998],[129.0534331,35.1979213],[129.0534015,35.1979376],[129.0533803,35.1979486],[129.0533087,35.1981847],[129.0533147,35.1982804],[129.0533074,35.1982794]]]},"properties":{"name":"사직1주택재건축","type":"재건축","admCode":"26260","mnum":"62600002626020220525UDT1000001001"}},{"type":"Feature","geometry":{"type":"Polygon","coordinates":[[[129.0684521,35.1990448],[129.0684702,35.1989969],[129.0684814,35.1989676],[129.0685054,35.1989043],[129.0685134,35.198883],[129.0685543,35.1987611],[129.068583,35.1986855],[129.0686355,35.1985483],[129.0686439,35.198511],[129.068657,35.1984532],[129.0686858,35.1983799],[129.0687168,35.1982912],[129.0687476,35.1982032],[129.0688026,35.1980459],[129.0688463,35.1979243],[129.0688661,35.1978677],[129.0689013,35.1977672],[129.0689074,35.1977495],[129.0689674,35.197578],[129.0690107,35.1974577],[129.0690401,35.1973733],[129.0690762,35.1972698],[129.0691124,35.1971661],[129.0691443,35.1970745],[129.0691133,35.1970346],[129.0690165,35.1970147],[129.0688844,35.1969875],[129.068727,35.1969552],[129.0686961,35.1969488],[129.0685337,35.1969154],[129.068333,35.1968742],[129.0681414,35.1968348],[129.0680092,35.1968076],[129.0679324,35.1967918],[129.0677828,35.1967605],[129.0676443,35.196732],[129.0675071,35.1967037],[129.0674747,35.196697],[129.0673341,35.196668],[129.0672255,35.1966456],[129.0671965,35.1966397],[129.0670354,35.1966065],[129.0670162,35.1966025],[129.066941,35.196587],[129.066791,35.1965558],[129.0667046,35.1965385],[129.0666074,35.196519],[129.0665573,35.1965429],[129.0665348,35.1966153],[129.0665148,35.1966807],[129.0664869,35.1967722],[129.0664555,35.196875],[129.0664513,35.1968888],[129.0664184,35.1969966],[129.0663715,35.1971484],[129.0662904,35.1974115],[129.0662498,35.1974227],[129.0661919,35.1974459],[129.0661592,35.1974588],[129.0661004,35.1974821],[129.0659972,35.1975215],[129.0659182,35.1975563],[129.0659021,35.1975613],[129.0658987,35.1975729],[129.0657737,35.1975473],[129.0657529,35.197543],[129.0657037,35.197533],[129.0656621,35.1976703],[129.0656579,35.1976843],[129.0656411,35.1977396],[129.0656357,35.197758],[129.0656022,35.197866],[129.065573,35.1979605],[129.0655541,35.1980216],[129.0655077,35.1981715],[129.0655284,35.1981758],[129.0655503,35.1981802],[129.0657096,35.1982129],[129.065921,35.1982559],[129.0660308,35.1982783],[129.0661134,35.1982958],[129.0663505,35.1983707],[129.0664677,35.1984082],[129.0665053,35.1984202],[129.0665916,35.1984475],[129.0666826,35.1984763],[129.0666871,35.1984809],[129.0666894,35.1984784],[129.0668058,35.1985153],[129.066938,35.1985573],[129.0670664,35.198598],[129.0671705,35.198631],[129.0673635,35.1986995],[129.0673791,35.1987035],[129.0674284,35.1987185],[129.0674819,35.1987347],[129.0675504,35.1987566],[129.067645,35.1987868],[129.06766,35.1987916],[129.0677795,35.1988298],[129.0678948,35.1988661],[129.067937,35.1988794],[129.0679358,35.1988823],[129.0680152,35.1989064],[129.0680948,35.1989306],[129.0682462,35.1989803],[129.068371,35.1990194],[129.0684487,35.1990438],[129.0684521,35.1990448]]]},"properties":{"name":"사직1주택재개발","type":"재개발","admCode":"26260","mnum":"62600002626020070228UDT1000001001"}},{"type":"Feature","geometry":{"type":"Polygon","coordinates":[[[129.090201,35.1980833],[129.0902379,35.1981927],[129.090331,35.1984727],[129.0904322,35.1987681],[129.0904733,35.1988933],[129.0905149,35.1990197],[129.0905328,35.1990721],[129.090804,35.1999143],[129.0908429,35.200035],[129.090865,35.2000276],[129.0909856,35.1999848],[129.0911062,35.199942],[129.0912429,35.1998938],[129.0913762,35.1998474],[129.0914559,35.1998198],[129.0915245,35.199796],[129.0916983,35.1997339],[129.0918824,35.1996677],[129.0923469,35.1995062],[129.0929042,35.1993096],[129.0929309,35.1993003],[129.0929406,35.1993062],[129.0929996,35.199286],[129.0931178,35.1992456],[129.0934895,35.1991155],[129.0937193,35.199034],[129.0938909,35.1989505],[129.0938524,35.1988446],[129.0938294,35.1987821],[129.093687,35.1983757],[129.0936666,35.1983162],[129.093646,35.19826],[129.0936078,35.1981563],[129.0935941,35.198116],[129.0935617,35.1980203],[129.0935542,35.1979963],[129.0935399,35.1979545],[129.0935103,35.1978651],[129.093484,35.197786],[129.0934734,35.1977543],[129.0934604,35.197715],[129.093447,35.1976749],[129.0934031,35.1975429],[129.0933303,35.1973404],[129.0933094,35.197282],[129.0932848,35.1972112],[129.0932653,35.1971552],[129.0932293,35.1970515],[129.0932025,35.196971],[129.0931178,35.1969958],[129.0930845,35.1970042],[129.0930512,35.1970127],[129.0928995,35.1970538],[129.0927893,35.1970831],[129.0926704,35.1971147],[129.092677,35.1971454],[129.092729,35.19717],[129.092866,35.1972348],[129.0927749,35.1972515],[129.0927625,35.1972218],[129.0925919,35.1971454],[129.0925798,35.1971618],[129.0925171,35.1971378],[129.0921793,35.1972943],[129.0921672,35.1972999],[129.0921516,35.1973072],[129.0917189,35.1975083],[129.0916873,35.197523],[129.0917032,35.1975761],[129.0917108,35.1976017],[129.091739,35.1976968],[129.091673,35.1977128],[129.0916098,35.1977277],[129.0915183,35.1977492],[129.091101,35.1978462],[129.0910652,35.1978545],[129.0908036,35.1979176],[129.0905953,35.1979667],[129.0904233,35.1980088],[129.0903848,35.1980371],[129.0903657,35.1980419],[129.090201,35.1980833]]]},"properties":{"name":"낙민1 재건축사업 정비구역","type":"재건축","admCode":"26260","mnum":"62600002626020230369UDT1000001001"}},{"type":"Feature","geometry":{"type":"Polygon","coordinates":[[[129.0951458,35.2003762],[129.0950888,35.2002548],[129.0950255,35.2001174],[129.0950173,35.2000983],[129.0947921,35.1997606],[129.0946351,35.1994444],[129.0944317,35.1995124],[129.0942866,35.1992203],[129.0928678,35.1996952],[129.0928052,35.1998202],[129.0935542,35.201259],[129.0935996,35.2013207],[129.0938934,35.2016176],[129.0941094,35.2014736],[129.0941707,35.2014939],[129.0941791,35.201499],[129.0942179,35.2015223],[129.0942988,35.2015701],[129.0943705,35.2015509],[129.0943997,35.2015211],[129.0944718,35.2015087],[129.0945033,35.2015035],[129.0946172,35.2014844],[129.0945939,35.2014056],[129.094589,35.2013892],[129.0945611,35.2012947],[129.0945577,35.2012874],[129.0945515,35.2012621],[129.0947341,35.2011563],[129.0947674,35.2011362],[129.0947881,35.2011289],[129.0947994,35.2011248],[129.094833,35.2011288],[129.0949396,35.2011071],[129.0950324,35.2010582],[129.0950399,35.2010403],[129.0950795,35.2009612],[129.0950545,35.2008651],[129.0950402,35.2008052],[129.0950387,35.2007986],[129.0950225,35.2007361],[129.0950105,35.2006902],[129.0950949,35.2006854],[129.0950321,35.2005348],[129.0950061,35.2004725],[129.0950362,35.2004009],[129.0951458,35.2003762]]]},"properties":{"name":"공동주택용지","type":"기타","admCode":"26260","mnum":"62600002626020080047UDT9990002001"}},{"type":"Feature","geometry":{"type":"Polygon","coordinates":[[[129.0656541,35.2016862],[129.0656998,35.2017525],[129.0657348,35.2018032],[129.0657635,35.2018447],[129.0657953,35.2018908],[129.0658263,35.2019356],[129.0658589,35.2019831],[129.0658863,35.2020226],[129.0659212,35.2020733],[129.0659482,35.2021123],[129.0659514,35.2021171],[129.0659734,35.2021489],[129.0660297,35.2022306],[129.0660359,35.2022395],[129.0660589,35.2022729],[129.0660708,35.2022901],[129.0661041,35.2023384],[129.0661357,35.2023841],[129.0661695,35.2024331],[129.0661874,35.202459],[129.0662241,35.2025122],[129.0662241,35.2025122],[129.0662916,35.2026107],[129.0663154,35.2025997],[129.0664183,35.2025523],[129.0664974,35.2025159],[129.0665224,35.2025044],[129.0665809,35.2024774],[129.0666638,35.2024397],[129.0667482,35.2024011],[129.0667571,35.2023969],[129.066791,35.2023814],[129.0669344,35.2023157],[129.0670086,35.2022819],[129.0670862,35.2022465],[129.0671627,35.2022116],[129.0672744,35.2021606],[129.0672916,35.2021103],[129.0672292,35.2020178],[129.0671822,35.2019495],[129.0671726,35.2019355],[129.067114,35.2018498],[129.0670557,35.2017648],[129.0670199,35.2017124],[129.0669462,35.2016036],[129.0668943,35.2015278],[129.0668167,35.2014141],[129.066809,35.2014028],[129.0667851,35.2013678],[129.0667336,35.2012923],[129.0667002,35.2012434],[129.0666408,35.2012303],[129.0665637,35.201266],[129.0665214,35.2012855],[129.0664716,35.2013086],[129.0664115,35.2013363],[129.0663953,35.2013437],[129.0663641,35.2013582],[129.0663248,35.2013763],[129.0662446,35.2014134],[129.0661593,35.2014528],[129.0660811,35.2014889],[129.0660055,35.2015239],[129.0658547,35.2015935],[129.0657969,35.2016202],[129.0657911,35.2016229],[129.0657896,35.2016236],[129.0657038,35.2016632],[129.0656541,35.2016862]]]},"properties":{"name":"","type":"기타","admCode":"26260","mnum":"62600002626020050252UDT1000001002"}},{"type":"Feature","geometry":{"type":"Polygon","coordinates":[[[129.070813,35.1984438],[129.0709429,35.1984764],[129.0711072,35.1985176],[129.0712097,35.1985434],[129.0712256,35.1985473],[129.071316,35.19857],[129.0714642,35.1986063],[129.0715506,35.1986277],[129.0716632,35.1986557],[129.071777,35.198684],[129.0718411,35.1986999],[129.07196,35.1987292],[129.0719932,35.1987375],[129.0720098,35.1987416],[129.0721002,35.1987641],[129.0722063,35.1987906],[129.072238,35.1987985],[129.0723334,35.1988224],[129.0724805,35.1988591],[129.0726028,35.1988896],[129.0727718,35.1989324],[129.0728592,35.1989543],[129.0729879,35.1989865],[129.0731195,35.1990194],[129.0732528,35.1990528],[129.0734033,35.1990906],[129.073424,35.1990958],[129.0734458,35.1991013],[129.0735978,35.1991394],[129.0737503,35.1991776],[129.0739214,35.1992215],[129.0740034,35.1992418],[129.0741203,35.1992708],[129.074232,35.1992985],[129.0742645,35.1993066],[129.0743702,35.1993328],[129.0744766,35.1993595],[129.0745841,35.1993864],[129.0746971,35.1994146],[129.0747695,35.199433],[129.0748253,35.1994099],[129.0748833,35.1992965],[129.0749256,35.1992138],[129.0749378,35.19919],[129.0749965,35.1990754],[129.0750096,35.1990498],[129.0751013,35.198871],[129.0751517,35.1987727],[129.0751641,35.1987486],[129.0752137,35.1986523],[129.0752661,35.1985507],[129.0751243,35.1984989],[129.074972,35.1984432],[129.0749415,35.198432],[129.0748003,35.1983829],[129.0746491,35.1983263],[129.0746177,35.1983145],[129.0742457,35.1981787],[129.0741631,35.1981525],[129.0740997,35.1980867],[129.0740069,35.1979905],[129.0739868,35.1979696],[129.0738999,35.1978795],[129.0738147,35.1977909],[129.0737944,35.1977698],[129.0736881,35.1976592],[129.0735839,35.1975509],[129.0735013,35.197465],[129.0733793,35.1973382],[129.0733102,35.197482],[129.0732551,35.1975965],[129.0732411,35.1976256],[129.0731861,35.1977401],[129.0731342,35.1978477],[129.0731221,35.1978728],[129.0731004,35.1979179],[129.0730918,35.1979411],[129.0729662,35.19791],[129.0728441,35.1978793],[129.0727091,35.1978454],[129.0725921,35.197816],[129.0725604,35.197808],[129.0724646,35.1977839],[129.0724327,35.1977759],[129.0722976,35.1977419],[129.0722257,35.1977238],[129.0721835,35.1977132],[129.0721509,35.197705],[129.072104,35.1976932],[129.0720455,35.1976786],[129.0720089,35.1976695],[129.0719178,35.1976467],[129.0718298,35.1976248],[129.0716814,35.1975885],[129.0716002,35.1975684],[129.0714746,35.1975372],[129.0711787,35.1974637],[129.0710929,35.1976949],[129.0710512,35.1978071],[129.0710202,35.1978906],[129.0710023,35.1979388],[129.0709932,35.1979633],[129.0709585,35.1980567],[129.0709238,35.1981503],[129.070889,35.1982441],[129.070813,35.1984438]]]},"properties":{"name":"사직2 재개발 정비구역","type":"재개발","admCode":"26260","mnum":"62600002626020230214UDT1000001001"}},{"type":"Feature","geometry":{"type":"Polygon","coordinates":[[[129.089133,35.2036036],[129.08921,35.2036679],[129.0904706,35.2036669],[129.0904707,35.203775],[129.0905329,35.203826],[129.0905344,35.2051479],[129.0904613,35.2052112],[129.090736,35.2054248],[129.0918657,35.2047987],[129.0915376,35.2043853],[129.0915956,35.204355],[129.0914357,35.204165],[129.0914297,35.2041576],[129.0914656,35.2041011],[129.0915424,35.2040274],[129.0915667,35.203998],[129.0916236,35.2039281],[129.091671,35.2038662],[129.0917085,35.2038152],[129.0917149,35.2037882],[129.091731,35.2037202],[129.0917325,35.2036941],[129.0917349,35.2036798],[129.0918592,35.2034755],[129.0918704,35.2034578],[129.091904,35.2034796],[129.0919129,35.2034849],[129.0920146,35.2034148],[129.0921836,35.2032952],[129.0922201,35.2032718],[129.0922369,35.2032448],[129.0922125,35.2031741],[129.092192,35.2031094],[129.0923301,35.2030519],[129.0923664,35.2030356],[129.0923753,35.2030315],[129.0924242,35.2030087],[129.0925139,35.2029723],[129.0925372,35.2029631],[129.0926079,35.2029348],[129.0926454,35.2029083],[129.0926273,35.2028284],[129.0926188,35.2027905],[129.0926616,35.2027669],[129.0927212,35.2027349],[129.0929182,35.2026233],[129.0928599,35.2025736],[129.0927341,35.2024678],[129.0929659,35.2023048],[129.0929164,35.2022496],[129.0928545,35.2022085],[129.0927996,35.2021921],[129.0927323,35.2021739],[129.0927519,35.2021393],[129.0928142,35.2021637],[129.0928358,35.202174],[129.0929195,35.2022137],[129.092982,35.2022711],[129.0929976,35.202286],[129.0931625,35.2022166],[129.0933058,35.2021856],[129.0934299,35.2021589],[129.0935375,35.2021886],[129.0935957,35.2022156],[129.0936538,35.2022433],[129.0937472,35.2022879],[129.0937661,35.2023409],[129.0937832,35.2023888],[129.093798,35.2024031],[129.0938484,35.2024787],[129.0942807,35.2021235],[129.0934932,35.2013276],[129.0934079,35.2013104],[129.0922685,35.2017145],[129.0917261,35.2019031],[129.0915919,35.2019514],[129.0915505,35.2019659],[129.0911763,35.2020956],[129.0910019,35.2021593],[129.0908557,35.2021918],[129.0907425,35.2022162],[129.0906318,35.2022395],[129.0905406,35.202259],[129.0903789,35.2022965],[129.0902357,35.2023291],[129.0900687,35.2023657],[129.0897718,35.2024323],[129.0896214,35.202463],[129.0894589,35.2024956],[129.0893248,35.2025221],[129.0892275,35.202548],[129.0891555,35.2026276],[129.089133,35.2036036]]]},"properties":{"name":"공동주택용지","type":"기타","admCode":"26260","mnum":"62600002626020080047UDT9990002002"}},{"type":"Feature","geometry":{"type":"Polygon","coordinates":[[[129.0729536,35.2019343],[129.0730051,35.2018586],[129.0730351,35.2018145],[129.0730166,35.2017666],[129.0728287,35.2016926],[129.0722737,35.2014715],[129.0721457,35.2014205],[129.0721249,35.2014121],[129.0720121,35.2013666],[129.0719942,35.2013594],[129.0718845,35.2013151],[129.0717225,35.2012596],[129.071633,35.2012376],[129.0715033,35.2012057],[129.0714623,35.2011956],[129.0713352,35.2011644],[129.0712074,35.201133],[129.0711655,35.2011226],[129.0710466,35.2010933],[129.0710249,35.201088],[129.0708787,35.201052],[129.0707309,35.2010155],[129.0705853,35.2009797],[129.0704366,35.2009435],[129.0703171,35.2009139],[129.0702133,35.2008882],[129.0701895,35.2008824],[129.0700842,35.2008565],[129.0699308,35.2008189],[129.0698889,35.2009313],[129.0698542,35.2010244],[129.0698246,35.201104],[129.0698146,35.2011306],[129.069785,35.2012101],[129.0697266,35.2013668],[129.0696897,35.201466],[129.0696471,35.2015805],[129.0696369,35.2016079],[129.0695929,35.2017258],[129.0695478,35.2018466],[129.0696511,35.2018726],[129.0697516,35.2018979],[129.0698436,35.2019211],[129.0699784,35.2019549],[129.0700521,35.2019735],[129.0701591,35.2020004],[129.0701583,35.2020026],[129.0701492,35.2020273],[129.0701539,35.2021348],[129.0701547,35.2021535],[129.0701593,35.2022958],[129.070162,35.2023829],[129.070289,35.2024062],[129.0704162,35.2024295],[129.0705875,35.2024617],[129.0708411,35.2025093],[129.0708479,35.2025087],[129.070886,35.2025053],[129.0709593,35.2024987],[129.0710669,35.2024843],[129.0710993,35.202422],[129.0712077,35.2024449],[129.0713174,35.2024681],[129.0713453,35.2023928],[129.0715436,35.2024433],[129.0716569,35.2024721],[129.0716775,35.2024772],[129.0718311,35.2025147],[129.0719647,35.2025487],[129.0720131,35.202561],[129.0720979,35.2025825],[129.0721394,35.2025931],[129.072278,35.2026283],[129.07239,35.2026568],[129.0724587,35.2026742],[129.0725169,35.2026477],[129.0725492,35.2025595],[129.0725842,35.2024642],[129.0725939,35.2024375],[129.0726276,35.2023456],[129.0726582,35.2022623],[129.0726641,35.2022462],[129.0726965,35.2021585],[129.0727209,35.2021415],[129.072773,35.2021048],[129.0728978,35.2020165],[129.0729041,35.2020073],[129.0729085,35.2020007],[129.0729536,35.2019343]]]},"properties":{"name":"온천5 재개발사업 정비구역","type":"재개발","admCode":"26260","mnum":"62600002626020240016UDT1000001002"}},{"type":"Feature","geometry":{"type":"Polygon","coordinates":[[[129.0671354,35.2009129],[129.0671861,35.2008955],[129.067204,35.2008894],[129.0673699,35.2008325],[129.0674168,35.2008158],[129.06763,35.2007429],[129.0677151,35.2007134],[129.0677235,35.2007105],[129.0677398,35.2007061],[129.0677517,35.200702],[129.0678528,35.2006676],[129.0679548,35.2006328],[129.0681292,35.2005734],[129.0683701,35.2004927],[129.0684261,35.2004736],[129.0684444,35.2004676],[129.068455,35.200464],[129.068583,35.2004208],[129.0687019,35.2001197],[129.0687515,35.1999914],[129.068762,35.1999655],[129.0687693,35.1999454],[129.0687757,35.1999236],[129.0687428,35.1997728],[129.0686992,35.1996894],[129.0686649,35.1996237],[129.068649,35.1995931],[129.0684741,35.1992562],[129.0684489,35.1992091],[129.0684177,35.1991491],[129.0683932,35.1991288],[129.0683669,35.1991028],[129.0683478,35.1990968],[129.0682767,35.1990744],[129.0680898,35.1990129],[129.0679827,35.1989778],[129.0679506,35.1989672],[129.0679247,35.1989586],[129.0678092,35.198922],[129.0676716,35.1988772],[129.0676561,35.1988722],[129.0676364,35.198867],[129.0676271,35.198864],[129.067546,35.1988383],[129.067422,35.198799],[129.0673401,35.198773],[129.0672774,35.1987943],[129.0672515,35.1988828],[129.0670938,35.1993449],[129.0670599,35.1994512],[129.0669358,35.1994179],[129.0658393,35.199156],[129.0657908,35.1991454],[129.065789,35.1991451],[129.0657685,35.1991413],[129.0657273,35.1991327],[129.0656169,35.1991097],[129.0656103,35.1991083],[129.0654504,35.1990749],[129.0653976,35.1990639],[129.065377,35.1990596],[129.065252,35.1990335],[129.0651153,35.1994741],[129.0651034,35.1995127],[129.0651031,35.1995136],[129.0653005,35.1995559],[129.0653282,35.1995616],[129.0654786,35.1995932],[129.0655026,35.1995976],[129.0655163,35.1996006],[129.06553,35.1996039],[129.0655494,35.1996087],[129.0655577,35.1996107],[129.0655962,35.1996296],[129.0656422,35.1996545],[129.0656713,35.1996749],[129.0656826,35.199688],[129.0656934,35.1997021],[129.0657535,35.1997811],[129.0659581,35.2000665],[129.0659706,35.2000839],[129.0660149,35.2001457],[129.0660466,35.2001866],[129.0660819,35.2002322],[129.0660961,35.2002507],[129.0661366,35.2003095],[129.0661481,35.2003263],[129.0662069,35.2004117],[129.0662865,35.2005274],[129.0663034,35.200552],[129.0663828,35.2006675],[129.0664307,35.2007372],[129.0664843,35.2008152],[129.0664957,35.2008319],[129.0665211,35.2008691],[129.066548,35.2009087],[129.0665596,35.2009256],[129.0666109,35.201001],[129.0666636,35.2010783],[129.0667213,35.2010906],[129.0668207,35.2010447],[129.0668874,35.2010139],[129.0670478,35.2009399],[129.0671354,35.2009129]]]},"properties":{"name":"사직3 재개발사업 정비구역","type":"재개발","admCode":"26260","mnum":"62600002626020240018UDT1000001001"}},{"type":"Feature","geometry":{"type":"Polygon","coordinates":[[[129.102525,35.2121929],[129.1025041,35.2121046],[129.1024849,35.2120234],[129.1024609,35.2119224],[129.102433,35.2118046],[129.1024262,35.2117759],[129.1023991,35.2116615],[129.1023704,35.2115402],[129.1023635,35.2115107],[129.1023396,35.21141],[129.1023206,35.21133],[129.1030414,35.2111184],[129.1033882,35.2110167],[129.1035613,35.2109672],[129.1036389,35.2109464],[129.1036857,35.210918],[129.1038053,35.2108446],[129.1039148,35.2107774],[129.1040108,35.2107152],[129.1040108,35.2107152],[129.1040388,35.2106923],[129.1039428,35.2103804],[129.1039238,35.2102283],[129.1039438,35.2101055],[129.1039581,35.2100858],[129.1039665,35.21007],[129.1039768,35.2100505],[129.1039864,35.2100336],[129.1039686,35.2099598],[129.1039002,35.2099181],[129.1038406,35.2098788],[129.1037116,35.2097947],[129.1036669,35.2097796],[129.1035177,35.2097295],[129.1034902,35.2097203],[129.1034166,35.2096959],[129.1033631,35.209674],[129.1033081,35.2096526],[129.1032087,35.2096184],[129.1030821,35.2095805],[129.1026684,35.2094731],[129.102644,35.2094832],[129.1025668,35.2095151],[129.1024602,35.2097991],[129.1024345,35.2098634],[129.1024307,35.209873],[129.1024226,35.2098932],[129.1023316,35.2101084],[129.1022301,35.2102635],[129.1022063,35.2102968],[129.1021712,35.2103484],[129.1021402,35.210385],[129.1021222,35.2104035],[129.1020962,35.2104269],[129.1020567,35.2104585],[129.1020274,35.2104781],[129.1020001,35.2104942],[129.1019533,35.2105176],[129.1016433,35.2106729],[129.1014806,35.2107544],[129.1013823,35.2108031],[129.101286,35.2108449],[129.1011764,35.2109222],[129.1011408,35.2109518],[129.1011327,35.2109597],[129.101107,35.2109816],[129.1010367,35.2110408],[129.1010115,35.2110682],[129.1009445,35.211141],[129.1009044,35.2111855],[129.1008697,35.211225],[129.1007905,35.2113441],[129.1007852,35.2113521],[129.1007946,35.2113499],[129.1008487,35.211427],[129.1009149,35.2114803],[129.1009288,35.2114915],[129.100981,35.2115305],[129.1010435,35.2115556],[129.1011073,35.2115532],[129.1011702,35.2115424],[129.1012665,35.2115026],[129.1013517,35.211467],[129.101416,35.2114472],[129.1014034,35.2114758],[129.1013498,35.2115289],[129.1013847,35.211546],[129.1013984,35.2115691],[129.1014032,35.2115758],[129.1014312,35.2116099],[129.1014333,35.2116131],[129.1014518,35.2116416],[129.1014579,35.2116802],[129.1014859,35.2117087],[129.1014852,35.2117537],[129.1014559,35.2118076],[129.1014065,35.2118591],[129.1013585,35.211894],[129.101373,35.2119267],[129.1013956,35.2119692],[129.1014532,35.2120772],[129.1011887,35.2121736],[129.1011643,35.2121825],[129.1011549,35.2121848],[129.1008311,35.2123116],[129.1003581,35.2124965],[129.1002335,35.2125453],[129.1001868,35.2125635],[129.1001818,35.2125525],[129.1001126,35.212399],[129.1000105,35.2124027],[129.1000405,35.2127403],[129.1000439,35.2127786],[129.1001169,35.2127769],[129.1001524,35.2127761],[129.1003779,35.2127708],[129.1004903,35.2127682],[129.1008042,35.2127608],[129.1008417,35.2127599],[129.1010085,35.212756],[129.101138,35.2127529],[129.1011754,35.2127521],[129.1013043,35.212749],[129.1013248,35.2127419],[129.1014466,35.2126993],[129.1014778,35.2126884],[129.1015978,35.2126465],[129.1017238,35.2126025],[129.1017369,35.212598],[129.1017721,35.2125856],[129.1018834,35.2125276],[129.1019985,35.2124676],[129.1020453,35.2124432],[129.1021745,35.2123757],[129.1022853,35.2123179],[129.1024273,35.2122438],[129.102525,35.2121929]]]},"properties":{"name":"명서1 재개발사업 정비구역","type":"재개발","admCode":"26260","mnum":"62600002626020240017UDT1000001002"}},{"type":"Feature","geometry":{"type":"Polygon","coordinates":[[[129.0670237,35.211958],[129.0670239,35.2119584],[129.0670798,35.2120501],[129.0671608,35.2121828],[129.0672091,35.2122581],[129.0672577,35.2122372],[129.0672097,35.2121623],[129.0671289,35.2120299],[129.0670725,35.2119374],[129.0670624,35.2119224],[129.0670237,35.211958]]]},"properties":{"name":"하수도(구거)","type":"기타","admCode":"26260","mnum":"62600002626020190016UDT9990001001"}},{"type":"Feature","geometry":{"type":"Polygon","coordinates":[[[129.0710544,35.1997123],[129.0711456,35.1997351],[129.0712798,35.1997687],[129.0714098,35.1998012],[129.0715335,35.1998321],[129.0715651,35.1998401],[129.0717016,35.1998742],[129.0718364,35.1999079],[129.0719696,35.1999412],[129.0720109,35.1999508],[129.0720989,35.1999728],[129.0721911,35.1999958],[129.0723601,35.2000395],[129.0724705,35.200067],[129.0726164,35.2001035],[129.0726494,35.2001117],[129.0727899,35.2001468],[129.072938,35.2001839],[129.072971,35.2001922],[129.0730201,35.2002045],[129.0730949,35.2002232],[129.0731304,35.2002321],[129.0732535,35.200263],[129.0733422,35.2002852],[129.0735131,35.2003296],[129.0736109,35.2003536],[129.0737416,35.2003857],[129.0738163,35.200404],[129.0738374,35.2004092],[129.0739183,35.200429],[129.0740133,35.2004525],[129.0740269,35.2004558],[129.0740385,35.2004587],[129.0740552,35.2004628],[129.074149,35.2004859],[129.0742745,35.2005169],[129.0743564,35.2005371],[129.0744119,35.2005131],[129.0744403,35.2004351],[129.0744459,35.20042],[129.0744498,35.2004092],[129.07449,35.2003042],[129.074527,35.2002036],[129.0745317,35.200191],[129.0745422,35.2001624],[129.0745825,35.2000527],[129.0745925,35.2000256],[129.074634,35.1999126],[129.0746691,35.1998174],[129.0747034,35.1997241],[129.0747406,35.199623],[129.0747558,35.1995818],[129.0747695,35.1995446],[129.0747557,35.1995245],[129.0747385,35.1994992],[129.0746264,35.1994712],[129.0744811,35.1994349],[129.0744488,35.1994269],[129.0743026,35.1993904],[129.0741708,35.1993578],[129.0741276,35.1993471],[129.0739936,35.1993139],[129.0738945,35.1992893],[129.073725,35.1992465],[129.073598,35.1992149],[129.0734297,35.1991729],[129.0733953,35.1991644],[129.0732265,35.1991223],[129.0731163,35.1990948],[129.0730846,35.1990869],[129.072975,35.1990595],[129.0729536,35.1990542],[129.0728378,35.1990253],[129.0727446,35.1990021],[129.0725751,35.1989597],[129.0724852,35.1989373],[129.0724641,35.198932],[129.0723509,35.1989038],[129.0722344,35.1988747],[129.0722026,35.1988668],[129.0720983,35.1988397],[129.0720099,35.1988178],[129.0719532,35.1988037],[129.0718909,35.1987883],[129.0718589,35.1987803],[129.071718,35.1987454],[129.0716847,35.1987371],[129.0715563,35.1987053],[129.0714773,35.1986857],[129.0714369,35.1986757],[129.0712915,35.1986379],[129.0712115,35.198618],[129.0710824,35.1985859],[129.0710614,35.1985807],[129.0708996,35.1985405],[129.0707892,35.1985131],[129.0707412,35.1986418],[129.0706923,35.1987734],[129.0706591,35.1988623],[129.0706492,35.1988891],[129.0706192,35.1989697],[129.0705884,35.1990524],[129.0704021,35.1995529],[129.0706944,35.1996246],[129.0707998,35.1996504],[129.0709076,35.1996768],[129.0710544,35.1997123]]]},"properties":{"name":"사직5 재개발사업 정비구역","type":"재개발","admCode":"26260","mnum":"62600002626020240308UDT1000001001"}},{"type":"Feature","geometry":{"type":"Polygon","coordinates":[[[129.1017485,35.2055373],[129.1015531,35.2052227],[129.1013831,35.2049449],[129.1014144,35.2049306],[129.1011591,35.2045139],[129.0998833,35.2050515],[129.0998747,35.2050856],[129.1000123,35.2052594],[129.1000805,35.205224],[129.100104,35.2052466],[129.1002967,35.2053996],[129.1003663,35.2054376],[129.1004784,35.2054985],[129.1005779,35.2055486],[129.1006733,35.2055869],[129.1006951,35.2056054],[129.100713,35.2056294],[129.1007243,35.2056445],[129.1007217,35.205664],[129.1007186,35.205749],[129.1007258,35.205752],[129.1007298,35.2057764],[129.1007309,35.2057828],[129.1008655,35.2060052],[129.1008803,35.2060054],[129.1008793,35.2060261],[129.1009815,35.2061929],[129.1011523,35.2061195],[129.1012349,35.2062517],[129.1012745,35.2063152],[129.1013245,35.2063951],[129.1013382,35.2063675],[129.1013827,35.2062771],[129.1015916,35.2058539],[129.1016279,35.2057797],[129.1016877,35.2056589],[129.1017211,35.2055922],[129.1017485,35.2055373]]]},"properties":{"name":"명장3 재건축사업 정비구역","type":"재건축","admCode":"26260","mnum":"62600002626020240030UDT1000001001"}},{"type":"Feature","geometry":{"type":"Polygon","coordinates":[[[129.0865108,35.19635],[129.087021,35.195564],[129.0865577,35.1953618],[129.0864684,35.1953227],[129.086236,35.1952208],[129.0857414,35.1959827],[129.0857552,35.1960191],[129.0865108,35.19635]]]},"properties":{"name":"수안3 재건축사업 정비구역","type":"재건축","admCode":"26260","mnum":"62600002626020240475UDT1000001001"}},{"type":"Feature","geometry":{"type":"Polygon","coordinates":[[[129.0782987,35.2255395],[129.0784732,35.2254516],[129.0786361,35.2253644],[129.0786432,35.2253548],[129.0786788,35.2253037],[129.0789088,35.2252059],[129.0790555,35.2250915],[129.0791059,35.2250178],[129.0792428,35.2248764],[129.0793251,35.2247915],[129.0793711,35.2247116],[129.0793986,35.2246638],[129.0794898,35.2246177],[129.0795968,35.2245173],[129.0796661,35.2243653],[129.0797169,35.2242766],[129.0799848,35.2242699],[129.0800729,35.2242644],[129.0802136,35.2242561],[129.0803342,35.2241829],[129.0805223,35.2239974],[129.0806732,35.2238941],[129.0806747,35.2238924],[129.0807535,35.2238259],[129.0809162,35.2236825],[129.0810898,35.2236224],[129.0811944,35.2235554],[129.0812126,35.2235379],[129.0812112,35.2235338],[129.08121,35.2235176],[129.081194,35.2234707],[129.0811949,35.2234708],[129.0811889,35.223452],[129.0811829,35.2234349],[129.0811809,35.2234291],[129.0811769,35.2234178],[129.0811622,35.223376],[129.0811485,35.2233372],[129.0811348,35.2232984],[129.0811119,35.2232993],[129.0811114,35.2232993],[129.081089,35.2233002],[129.0810423,35.223304],[129.0810369,35.2232786],[129.0810066,35.2232393],[129.0809763,35.2231999],[129.0809678,35.2231864],[129.0809534,35.2231593],[129.0809448,35.223143],[129.0809209,35.2231006],[129.080897,35.2230582],[129.080877,35.2230223],[129.080857,35.2229863],[129.0808561,35.2229835],[129.0808472,35.2229549],[129.0808449,35.2229478],[129.0808533,35.2229442],[129.0808616,35.2229406],[129.0809577,35.2229018],[129.0809621,35.2229],[129.0810537,35.2228631],[129.0810227,35.2227954],[129.0810107,35.2227691],[129.0809905,35.2227349],[129.0809943,35.2227333],[129.0809917,35.2227276],[129.0810107,35.2227201],[129.0810218,35.2227157],[129.0809964,35.2226731],[129.0809859,35.2226555],[129.0809674,35.2226372],[129.0809563,35.2226258],[129.0809534,35.2226197],[129.0809534,35.2226197],[129.0809428,35.222611],[129.0808993,35.2225121],[129.080901,35.2225114],[129.0808955,35.2225003],[129.0808824,35.2224137],[129.080885,35.2224095],[129.0808858,35.2223921],[129.0808883,35.2223865],[129.0808881,35.2223593],[129.080888,35.2223328],[129.080886,35.2222951],[129.0808895,35.222293],[129.0808895,35.2222927],[129.0809041,35.2222841],[129.0809064,35.2222828],[129.0809258,35.2222765],[129.080933,35.2222742],[129.0809333,35.2222741],[129.0809764,35.2222633],[129.081009,35.2222778],[129.0810413,35.2222927],[129.0810477,35.2222957],[129.081054,35.2222986],[129.0810078,35.2221685],[129.0809915,35.2221182],[129.0809711,35.2220622],[129.0809356,35.2221279],[129.0809259,35.2221307],[129.0808788,35.2221463],[129.080865,35.2221509],[129.0808511,35.2221554],[129.0808408,35.2221582],[129.0808305,35.2221611],[129.0808081,35.2221742],[129.0807858,35.2221873],[129.0807411,35.2222136],[129.0807004,35.2222353],[129.0806315,35.2221618],[129.0806206,35.2221374],[129.0806097,35.222113],[129.0806006,35.2220921],[129.0805808,35.2220593],[129.0805734,35.2220609],[129.0805583,35.2219785],[129.0805578,35.2219758],[129.0805696,35.2219717],[129.0805696,35.2219696],[129.0805694,35.2219631],[129.0805162,35.2219693],[129.0804168,35.2216515],[129.0804458,35.221648],[129.0804747,35.2216446],[129.0804865,35.2216433],[129.0804936,35.2216426],[129.0804447,35.2214422],[129.0804375,35.221413],[129.0804304,35.2213837],[129.0804193,35.2213857],[129.080412,35.2213686],[129.0804048,35.2213515],[129.0803656,35.2213276],[129.0803454,35.2212571],[129.0803469,35.221235],[129.0803487,35.2211836],[129.0803507,35.2211733],[129.0803617,35.2211172],[129.0803788,35.2210684],[129.0803903,35.2210646],[129.0804018,35.2210608],[129.0805841,35.2210006],[129.0805798,35.2209891],[129.0805754,35.2209776],[129.0805721,35.2209683],[129.0805687,35.2209591],[129.0805541,35.2209188],[129.0805395,35.2208784],[129.080491,35.2207449],[129.0804896,35.220741],[129.0804881,35.220737],[129.0804539,35.220803],[129.0803729,35.2208374],[129.0802918,35.2208719],[129.0802647,35.2208841],[129.0802561,35.220888],[129.0802203,35.2209042],[129.0802075,35.2209064],[129.0801968,35.220913],[129.0801862,35.2209196],[129.0801631,35.2209214],[129.0801401,35.2209231],[129.0801582,35.220853],[129.080122,35.2207935],[129.0801178,35.2207953],[129.0800953,35.2207602],[129.0801092,35.2207538],[129.08011,35.2207525],[129.0801387,35.2207508],[129.0801334,35.2207371],[129.0801307,35.2207301],[129.0801185,35.2206987],[129.0801083,35.2207022],[129.0800545,35.2207004],[129.0800149,35.2206874],[129.079988,35.2206785],[129.0799753,35.2206743],[129.0799716,35.2206621],[129.0799644,35.2206595],[129.0799109,35.2204826],[129.0799177,35.2204813],[129.0799068,35.2204447],[129.0798909,35.2203914],[129.0798865,35.2203765],[129.0798587,35.2202808],[129.0798425,35.2202265],[129.0798263,35.2201723],[129.0798073,35.2201159],[129.0798142,35.2201136],[129.079821,35.2201113],[129.0798319,35.2201081],[129.0798428,35.2201049],[129.0798654,35.2201001],[129.079888,35.2200954],[129.0798688,35.2200616],[129.0798495,35.2200279],[129.0798552,35.220005],[129.0798494,35.2199953],[129.0798346,35.2199702],[129.0798284,35.2199597],[129.0797943,35.2199019],[129.0798081,35.2198964],[129.0797984,35.2198842],[129.0797886,35.219872],[129.079782,35.2198584],[129.0797753,35.2198447],[129.0797812,35.2198476],[129.0797871,35.2198504],[129.079801,35.2198455],[129.0798199,35.2198369],[129.0797845,35.2197755],[129.0797607,35.2197127],[129.0797549,35.2197107],[129.0797301,35.2197202],[129.0797054,35.2197297],[129.0797038,35.2197259],[129.0797023,35.2197221],[129.0796918,35.2197284],[129.079689,35.2197237],[129.0796642,35.2197342],[129.0796631,35.2197347],[129.0796584,35.2197267],[129.0796566,35.2197275],[129.0796283,35.2196789],[129.0796295,35.2196775],[129.0796293,35.2196772],[129.0796273,35.2196738],[129.0796313,35.2196683],[129.0796453,35.2196497],[129.0796295,35.219623],[129.0796333,35.2196194],[129.0796021,35.2195652],[129.0796467,35.2195492],[129.0796964,35.2195313],[129.0796775,35.2194603],[129.0796721,35.2194608],[129.0796667,35.2194613],[129.0796612,35.2194461],[129.0796557,35.2194309],[129.0796623,35.2194271],[129.0796688,35.2194233],[129.0796557,35.2193882],[129.0796426,35.2193531],[129.0796407,35.2193479],[129.0796387,35.2193427],[129.0795377,35.2193634],[129.0795047,35.2193658],[129.0794838,35.2193674],[129.0794718,35.2193462],[129.0794631,35.2193308],[129.0794414,35.219331],[129.079424,35.2191516],[129.0794254,35.2191012],[129.0794262,35.2190783],[129.0793715,35.2189695],[129.0793622,35.2189456],[129.0793621,35.2189455],[129.079351,35.2188736],[129.0793487,35.2188587],[129.0793444,35.2188588],[129.0793433,35.2188239],[129.0793399,35.2188018],[129.0793425,35.2187982],[129.0793417,35.2187787],[129.0795437,35.2187954],[129.0795511,35.2187999],[129.0795525,35.2188],[129.0795169,35.2187336],[129.0794965,35.2186954],[129.0794513,35.2186112],[129.0794187,35.2186457],[129.0794064,35.2186588],[129.0793716,35.2186661],[129.0793359,35.2186737],[129.0793018,35.2186709],[129.0792119,35.218657],[129.0790841,35.2186366],[129.0789681,35.218617],[129.0789403,35.2186128],[129.0788609,35.2186008],[129.0787933,35.2185905],[129.0787324,35.2185889],[129.0781472,35.2186351],[129.078051,35.218634],[129.0780476,35.218634],[129.0780366,35.2186341],[129.0780256,35.2186342],[129.0780146,35.2186345],[129.0780036,35.2186348],[129.0779927,35.2186352],[129.0779817,35.2186357],[129.0779707,35.2186364],[129.0779598,35.2186371],[129.0779488,35.2186379],[129.0779379,35.2186388],[129.077927,35.2186398],[129.0779161,35.2186408],[129.0779052,35.218642],[129.0778943,35.2186433],[129.0778835,35.2186446],[129.0778726,35.2186461],[129.0778618,35.2186476],[129.077851,35.2186493],[129.0778402,35.218651],[129.0778295,35.2186528],[129.0778188,35.2186547],[129.077808,35.2186568],[129.0777974,35.2186589],[129.0777867,35.218661],[129.0777761,35.2186633],[129.0777655,35.2186657],[129.0777549,35.2186681],[129.0777444,35.2186707],[129.0777339,35.2186733],[129.0777234,35.2186761],[129.077713,35.2186789],[129.0776532,35.2186947],[129.0775272,35.2187254],[129.0774974,35.2187329],[129.0772945,35.2187576],[129.0772761,35.2187551],[129.0772578,35.2187526],[129.0772217,35.2187476],[129.0771923,35.2187436],[129.0771681,35.2187403],[129.0771549,35.2187373],[129.0771416,35.2187343],[129.0770084,35.2187038],[129.076964,35.2186937],[129.0768621,35.2186701],[129.0768081,35.2186503],[129.0767618,35.2186334],[129.0766917,35.2186116],[129.0766425,35.2185963],[129.0766088,35.2185851],[129.076575,35.218574],[129.076502,35.2185454],[129.0763758,35.2184818],[129.0763745,35.2184812],[129.0763324,35.2184599],[129.076652,35.218784],[129.0766232,35.219195],[129.0766228,35.2192011],[129.0766202,35.2192238],[129.0766177,35.219246],[129.0766159,35.2192713],[129.0766141,35.2192967],[129.0766101,35.2193521],[129.0766096,35.2193594],[129.076609,35.2193666],[129.0766085,35.2193741],[129.0766079,35.2193817],[129.0766017,35.2194426],[129.0765996,35.2194787],[129.0765976,35.2195149],[129.076585,35.2196693],[129.0765913,35.2197321],[129.0765964,35.2197759],[129.0766013,35.2198198],[129.0766059,35.2198649],[129.0766105,35.2199101],[129.0766135,35.2199415],[129.0766147,35.2199538],[129.0766184,35.2199721],[129.0766237,35.2200327],[129.0766294,35.2200948],[129.0766352,35.2201569],[129.0766396,35.220209],[129.0766444,35.220253],[129.0766492,35.2202971],[129.0766561,35.2203656],[129.0766618,35.2204262],[129.0766671,35.2204807],[129.0766724,35.2205351],[129.0766811,35.2206312],[129.0766858,35.2206756],[129.0766916,35.2207307],[129.0766974,35.2207858],[129.0767016,35.2208316],[129.0767041,35.2208555],[129.0767059,35.2208728],[129.0767134,35.2209461],[129.0767194,35.2210039],[129.0767234,35.2210489],[129.0767275,35.2210939],[129.0767303,35.2211195],[129.0767356,35.2211745],[129.0767361,35.2211795],[129.0767409,35.221226],[129.076743,35.2212485],[129.0767453,35.2212808],[129.0767476,35.2213131],[129.0767498,35.221342],[129.0767503,35.2213491],[129.0767507,35.2213562],[129.0767538,35.2213953],[129.0767568,35.2214344],[129.0767615,35.2214924],[129.0767662,35.2215503],[129.0767694,35.2215822],[129.0767714,35.2216103],[129.0767735,35.2216363],[129.0767779,35.2216844],[129.0767803,35.2217066],[129.076799,35.2218345],[129.076803,35.2218672],[129.0768124,35.2219119],[129.0768218,35.2219565],[129.076828,35.2219873],[129.0769017,35.2222025],[129.0769084,35.2222226],[129.0769151,35.2222426],[129.0769973,35.2223915],[129.0770334,35.2224564],[129.0770733,35.2225289],[129.0771175,35.2226024],[129.0771894,35.2227238],[129.0772376,35.2228058],[129.0772653,35.2228516],[129.0772931,35.2228975],[129.0773102,35.222926],[129.0773273,35.2229545],[129.077336,35.222969],[129.0773447,35.2229835],[129.0773532,35.2229978],[129.0773598,35.2230089],[129.0773739,35.2230326],[129.077388,35.2230564],[129.0773944,35.2230669],[129.0774009,35.2230775],[129.0774153,35.2231011],[129.0774566,35.2231713],[129.077459,35.2231753],[129.0774781,35.2232079],[129.0774973,35.2232405],[129.0775102,35.2232617],[129.0775232,35.223283],[129.0775308,35.2232956],[129.0775385,35.2233082],[129.0775481,35.2233242],[129.0775576,35.2233402],[129.0775591,35.2233427],[129.0776049,35.2234217],[129.0776976,35.2235734],[129.0777174,35.223606],[129.0777371,35.2236385],[129.077755,35.2236687],[129.0777729,35.2236989],[129.0777743,35.2237013],[129.0777803,35.2237118],[129.0777911,35.2237305],[129.0778092,35.2237621],[129.0778167,35.2237757],[129.0778242,35.2237894],[129.0778677,35.2238687],[129.0778686,35.2238712],[129.0778694,35.2238736],[129.0778803,35.2239012],[129.077929,35.224033],[129.0779291,35.2240332],[129.0779291,35.2240333],[129.0779292,35.2240336],[129.0779293,35.2240339],[129.0779295,35.2240343],[129.0779297,35.224035],[129.0779298,35.2240352],[129.0779298,35.2240352],[129.0779298,35.2240353],[129.0779299,35.2240356],[129.07793,35.2240358],[129.0779302,35.2240363],[129.0779303,35.2240364],[129.0779303,35.2240366],[129.0779304,35.2240367],[129.0779352,35.2240497],[129.0779399,35.2240622],[129.0779404,35.2240635],[129.0779426,35.2240694],[129.077946,35.2240783],[129.0779516,35.2240931],[129.0779697,35.2241412],[129.077971,35.2241456],[129.0780203,35.2243119],[129.0780323,35.2243517],[129.0780443,35.2243915],[129.0780512,35.2244146],[129.0781301,35.2246857],[129.0781485,35.2247578],[129.0781868,35.2248822],[129.0782142,35.224979],[129.0782504,35.2251013],[129.0782537,35.2251139],[129.0782569,35.2251264],[129.0782757,35.2254255],[129.0782764,35.2254491],[129.0782729,35.2254817],[129.0782724,35.225498],[129.078272,35.2255144],[129.0782717,35.2255257],[129.0782701,35.2255854],[129.0782484,35.2256896],[129.078249,35.2257018],[129.0782987,35.2255395]],[[129.0791403,35.2209472],[129.0791403,35.2209472],[129.0789799,35.2206904],[129.0789799,35.2206904],[129.0789512,35.2206445],[129.0789339,35.2206187],[129.0789179,35.220595],[129.0788887,35.2205506],[129.0788537,35.220498],[129.0788259,35.220453],[129.0788139,35.2204284],[129.0788057,35.220405],[129.0787948,35.220331],[129.078788,35.2202441],[129.0787884,35.2202346],[129.0788311,35.2202171],[129.0789508,35.2201866],[129.0789566,35.2201912],[129.0789563,35.2201852],[129.0790819,35.2201661],[129.0792264,35.2201967],[129.0792392,35.2201874],[129.0792617,35.2201522],[129.0792673,35.2200604],[129.0793183,35.2200555],[129.0793183,35.2200554],[129.0793396,35.2200549],[129.0797072,35.2200516],[129.079711,35.2200556],[129.0797367,35.2200834],[129.0797605,35.220109],[129.0797814,35.2201811],[129.079813,35.22029],[129.0798519,35.2204241],[129.0799183,35.2206528],[129.0794662,35.220856],[129.0791914,35.220951],[129.0791445,35.2209539],[129.0791403,35.2209472]]]},"properties":{"name":"온천4 재개발사업 정비구역","type":"재개발","admCode":"26260","mnum":"62600002626020250007UDT1000001001"}},{"type":"Feature","geometry":{"type":"Polygon","coordinates":[[[129.0819365,35.2115071],[129.0819293,35.2114872],[129.0815719,35.2105036],[129.0815529,35.2104977],[129.0815344,35.2104921],[129.0815012,35.2104801],[129.0812129,35.2106635],[129.0811739,35.2106841],[129.0811114,35.2107129],[129.0809518,35.2107762],[129.0809097,35.2107928],[129.0807552,35.210854],[129.0806737,35.2108862],[129.0806737,35.2108861],[129.0806711,35.2108779],[129.0806119,35.2109105],[129.0806111,35.210911],[129.0804799,35.2109629],[129.0803676,35.2109888],[129.0803659,35.211008],[129.0803033,35.2110349],[129.0801391,35.2110918],[129.0801313,35.2110951],[129.0799112,35.2111814],[129.0798648,35.2111996],[129.079482,35.2113502],[129.0794706,35.2113659],[129.0794642,35.2113762],[129.0794817,35.2114118],[129.0794919,35.2113899],[129.0796262,35.2113371],[129.0797828,35.2112748],[129.0799059,35.2112257],[129.0800323,35.2111754],[129.0801773,35.2111176],[129.0802714,35.2110807],[129.0802779,35.2111207],[129.0803583,35.2110839],[129.0803497,35.2111612],[129.0803407,35.2112429],[129.0803307,35.2113326],[129.0803314,35.2113712],[129.0803252,35.2113732],[129.0803223,35.2113741],[129.0802763,35.2113886],[129.0802509,35.2114],[129.0801746,35.2114343],[129.0797603,35.2116265],[129.0796353,35.2116841],[129.0797059,35.2117962],[129.0797655,35.2119038],[129.0798416,35.2120186],[129.0798477,35.2120277],[129.0799783,35.2122215],[129.0800098,35.2122684],[129.080062,35.2123458],[129.0800934,35.2123484],[129.0802131,35.2123005],[129.0802362,35.2122911],[129.0804159,35.212218],[129.0804926,35.2121324],[129.0806501,35.2121203],[129.080732,35.212114],[129.0808308,35.2121065],[129.0809321,35.2120988],[129.0810125,35.2120927],[129.0811832,35.2120788],[129.081303,35.2120581],[129.0813962,35.2120362],[129.0815175,35.2120081],[129.0815453,35.2120013],[129.0816367,35.2119799],[129.0817597,35.2119511],[129.0818794,35.211923],[129.0820181,35.2118905],[129.0819616,35.2117115],[129.0819468,35.2116439],[129.0819417,35.2116084],[129.0819142,35.2115125],[129.0819142,35.2115123],[129.0819365,35.2115071]]]},"properties":{"name":"명륜2재건축사업정비구역","type":"재건축","admCode":"26260","mnum":"62600002626020240301UDT1000001001"}},{"type":"Feature","geometry":{"type":"Polygon","coordinates":[[[129.1048144,35.2049102],[129.104827,35.2049259],[129.104832,35.204932],[129.104902,35.2050186],[129.104989,35.2051261],[129.1050334,35.2051811],[129.1050774,35.2052354],[129.1050307,35.2052742],[129.1050088,35.2052926],[129.1053025,35.2054076],[129.1055228,35.2054933],[129.1056501,35.2055436],[129.1058449,35.2056195],[129.10599,35.205676],[129.1061645,35.2057447],[129.1063107,35.2058023],[129.1064594,35.2058591],[129.1064935,35.2058736],[129.1064683,35.2059202],[129.1063663,35.2061004],[129.1062701,35.2062652],[129.1061685,35.2064481],[129.1062575,35.2064588],[129.1062737,35.2064556],[129.1063526,35.2064707],[129.106362,35.2064821],[129.1063967,35.2065205],[129.1064667,35.2065489],[129.1065681,35.2065914],[129.1066615,35.2066306],[129.1067566,35.2066704],[129.1068943,35.2067278],[129.1072379,35.2067222],[129.107431,35.2067192],[129.1074649,35.206718],[129.1076523,35.2067152],[129.107988,35.2067096],[129.1081238,35.2067908],[129.1082175,35.2068469],[129.1082758,35.2068826],[129.1082774,35.2069922],[129.1082788,35.2070927],[129.10828,35.2071819],[129.1082804,35.207211],[129.1083036,35.2072128],[129.1083354,35.2072035],[129.1083814,35.207207],[129.1084602,35.2072129],[129.1084874,35.2072149],[129.1084927,35.2072192],[129.1085451,35.2072615],[129.1085546,35.2072737],[129.1085744,35.207299],[129.1086572,35.2073398],[129.1087524,35.2073544],[129.1088078,35.2074096],[129.1088516,35.2074096],[129.1088902,35.2074095],[129.1089245,35.2074318],[129.1089729,35.2074505],[129.1089785,35.2074568],[129.1091727,35.207409],[129.1091703,35.2073467],[129.1091651,35.2072719],[129.109159,35.2071835],[129.109158,35.2071551],[129.1091513,35.207064],[129.1091432,35.2069585],[129.1091295,35.206819],[129.1091149,35.2067724],[129.1090335,35.2065531],[129.1089406,35.2062896],[129.1088443,35.2060241],[129.1088991,35.2059222],[129.1089031,35.2059081],[129.1088967,35.2058703],[129.1088418,35.2058613],[129.1088164,35.2058369],[129.1087927,35.2058024],[129.108794,35.2057949],[129.1087918,35.2057724],[129.1087896,35.2057604],[129.1087824,35.2057408],[129.1087442,35.2057107],[129.1087716,35.2057011],[129.1087978,35.2056741],[129.1087588,35.2056225],[129.1087869,35.2055837],[129.108831,35.2055458],[129.1088375,35.2055093],[129.1088634,35.2054974],[129.1088764,35.2054931],[129.1089095,35.205489],[129.1089025,35.2053578],[129.1089006,35.205339],[129.1089082,35.2053307],[129.1089484,35.2052876],[129.108972,35.2052363],[129.108979,35.2051803],[129.108981,35.2051661],[129.1090157,35.205115],[129.1090569,35.2050746],[129.1090605,35.2050575],[129.1090606,35.2050389],[129.1090854,35.2050121],[129.1090605,35.204971],[129.1090561,35.2049246],[129.1090768,35.2048836],[129.1086935,35.2047658],[129.1085923,35.2047337],[129.1083744,35.2046655],[129.1083685,35.2046636],[129.1083275,35.2046582],[129.1082805,35.2046521],[129.1081195,35.204631],[129.1081073,35.204629],[129.1080069,35.2046356],[129.1079166,35.204644],[129.1077465,35.2046582],[129.1076537,35.2046659],[129.1075111,35.2046811],[129.1073785,35.204693],[129.1072125,35.204708],[129.1071674,35.204712],[129.1069528,35.2047313],[129.1068608,35.2047396],[129.1068272,35.2047427],[129.1067364,35.2047509],[129.1066339,35.2047601],[129.1066024,35.2047629],[129.1064334,35.2047782],[129.1063281,35.2047877],[129.1062396,35.204796],[129.106149,35.2048033],[129.1060364,35.2048124],[129.1060128,35.2048143],[129.1058929,35.204824],[129.1057741,35.2048336],[129.1056441,35.2048441],[129.1056017,35.2048475],[129.1054856,35.2048567],[129.1053537,35.2048672],[129.1053201,35.2048699],[129.10519,35.2048803],[129.1051551,35.2048831],[129.1049341,35.2049007],[129.1048144,35.2049102]]]},"properties":{"name":"명장1주택재개발","type":"재개발","admCode":"26260","mnum":"62600002626020050169UDT1000001001"}},{"type":"Feature","geometry":{"type":"Polygon","coordinates":[[[129.0945017,35.2023468],[129.0942807,35.2021235],[129.0938484,35.2024787],[129.0939172,35.2024677],[129.0939758,35.2024582],[129.0939897,35.202456],[129.0940414,35.2024576],[129.0940423,35.2024742],[129.0941111,35.2024898],[129.0941135,35.2024642],[129.0942676,35.2024879],[129.0943686,35.202457],[129.0942851,35.202381],[129.0943103,35.2023137],[129.0944412,35.2023683],[129.0944734,35.2023638],[129.0945017,35.2023468]]]},"properties":{"name":"근린생활시설용지","type":"기타","admCode":"26260","mnum":"62600002626020080047UDT9990001002"}},{"type":"Feature","geometry":{"type":"Polygon","coordinates":[[[129.0888854,35.204816],[129.088899,35.2042274],[129.0888095,35.2041609],[129.0871565,35.2043212],[129.087055,35.2044277],[129.087225,35.2055381],[129.0872989,35.2056048],[129.0873272,35.2056099],[129.0875203,35.2056145],[129.0878005,35.2055975],[129.088274,35.2055831],[129.0883503,35.2055474],[129.0888536,35.2049022],[129.0888854,35.204816]]]},"properties":{"name":"공동주택용지","type":"기타","admCode":"26260","mnum":"62600002626020080047UDT9990003001"}},{"type":"Feature","geometry":{"type":"Polygon","coordinates":[[[129.0946351,35.1994444],[129.0944899,35.1991522],[129.0942866,35.1992203],[129.0944317,35.1995124],[129.0946351,35.1994444]]]},"properties":{"name":"근린생활시설용지","type":"기타","admCode":"26260","mnum":"62600002626020080047UDT9990001001"}},{"type":"Feature","geometry":{"type":"Polygon","coordinates":[[[129.0955074,35.2064652],[129.0955338,35.2057379],[129.095426,35.205507],[129.0954218,35.2054967],[129.0953422,35.2054439],[129.0952484,35.2053818],[129.0952227,35.2053681],[129.0952039,35.2053562],[129.0951396,35.2053151],[129.0950797,35.2052946],[129.095002,35.2052829],[129.0949454,35.205211],[129.0950123,35.2052215],[129.0951191,35.2052196],[129.0951058,35.2052119],[129.0949845,35.2051411],[129.0949473,35.2051199],[129.0950896,35.2050654],[129.0952248,35.2050148],[129.095161,35.2049129],[129.0950918,35.2048025],[129.09508,35.2047861],[129.0950136,35.2046768],[129.0949445,35.2045631],[129.0949356,35.2045465],[129.0948673,35.2044391],[129.0947986,35.204331],[129.0947843,35.2043183],[129.0947021,35.2041941],[129.0946669,35.2042129],[129.0946641,35.2042119],[129.0944656,35.204318],[129.0944275,35.2043908],[129.0943445,35.2045377],[129.0942571,35.2046906],[129.0942258,35.2047297],[129.094212,35.2047467],[129.094131,35.2048434],[129.0941328,35.204845],[129.0940175,35.2050493],[129.0939899,35.205067],[129.0939729,35.2050738],[129.0939258,35.2050916],[129.0938888,35.2051303],[129.0938533,35.2051254],[129.0938504,35.2051237],[129.093682,35.2051957],[129.0936937,35.2052016],[129.0935882,35.2052412],[129.0934636,35.2052924],[129.0932777,35.2053646],[129.0931963,35.2053938],[129.0930717,35.205446],[129.0928912,35.2054326],[129.0927326,35.2054187],[129.0925125,35.2053749],[129.092432,35.2054117],[129.0923398,35.2053489],[129.0922881,35.2052506],[129.0922344,35.2051824],[129.0921864,35.2051437],[129.0921691,35.2051297],[129.0921511,35.2050622],[129.0921398,35.2050196],[129.0921366,35.2050074],[129.0920652,35.2049305],[129.0919883,35.204895],[129.0919726,35.204888],[129.0919435,35.2048967],[129.0910038,35.2055171],[129.0912466,35.205695],[129.0909538,35.2058882],[129.0916887,35.2064145],[129.0918395,35.2065511],[129.0919704,35.2066713],[129.0920314,35.2067327],[129.0922048,35.206889],[129.0925761,35.2072261],[129.0925987,35.2072457],[129.0926235,35.2072661],[129.0926517,35.2072877],[129.0926837,35.2073104],[129.0927236,35.2073364],[129.0927695,35.2073634],[129.0928222,35.207391],[129.0928798,35.2074175],[129.0929391,35.207441],[129.0929969,35.2074606],[129.0930502,35.2074759],[129.0930991,35.2074878],[129.0931401,35.2074963],[129.0931778,35.2075028],[129.0932124,35.2075079],[129.0932499,35.2075123],[129.0932818,35.2075152],[129.0933199,35.2075176],[129.0933708,35.2075192],[129.0934006,35.2075192],[129.0934322,35.2075185],[129.0934637,35.2075171],[129.0934935,35.207515],[129.093544,35.20751],[129.0935817,35.207505],[129.0936127,35.2075],[129.0936134,35.2074999],[129.0938068,35.2073829],[129.0938284,35.2073692],[129.0938611,35.2073501],[129.0939308,35.20731],[129.093974,35.2072837],[129.0942301,35.2073753],[129.0942494,35.2073823],[129.0943238,35.207369],[129.0945547,35.2073284],[129.094684,35.2073055],[129.0948053,35.2072841],[129.0949346,35.207057],[129.0952772,35.206703],[129.095298,35.2066386],[129.0953158,35.2065901],[129.095371,35.2066061],[129.0955074,35.2064652]]]},"properties":{"name":"공동주택용지","type":"기타","admCode":"26260","mnum":"62600002626020080047UDT9990003002"}},{"type":"Feature","geometry":{"type":"Polygon","coordinates":[[[129.0823669,35.2086511],[129.0823727,35.2086879],[129.082383,35.2087458],[129.0823958,35.2088352],[129.0824108,35.2089262],[129.0824195,35.2089825],[129.0824414,35.2091245],[129.0824536,35.2091729],[129.0824606,35.2092123],[129.0824827,35.209316],[129.0825062,35.2094263],[129.0825112,35.209449],[129.082528,35.2095255],[129.0826171,35.2100226],[129.0826596,35.2102514],[129.0826773,35.2103448],[129.082691,35.2104238],[129.0826995,35.2104654],[129.0830028,35.2104528],[129.083003,35.2104447],[129.0830186,35.2104445],[129.0830709,35.2104417],[129.0831264,35.2104382],[129.0831618,35.2104317],[129.0831868,35.2104241],[129.0832101,35.2104165],[129.0832294,35.2104064],[129.0832628,35.2103889],[129.0832673,35.2103856],[129.0832946,35.2103621],[129.0833918,35.210281],[129.0834226,35.2102554],[129.0834647,35.2102317],[129.0834886,35.2102228],[129.0835203,35.2102151],[129.0835608,35.2102075],[129.0836051,35.210201],[129.0837327,35.2101821],[129.0837957,35.2101601],[129.0838617,35.2101297],[129.0840516,35.2100418],[129.084128,35.2100307],[129.0842139,35.2100428],[129.0842637,35.2100651],[129.0844993,35.2102307],[129.084543,35.2102651],[129.0845656,35.2102755],[129.0846922,35.2103308],[129.0847323,35.2102615],[129.084774,35.2102318],[129.0848626,35.2101712],[129.0848761,35.2101528],[129.084903,35.2101192],[129.0849181,35.2100608],[129.0849295,35.2100169],[129.0849803,35.2099301],[129.0849968,35.209902],[129.0850036,35.2098898],[129.0850134,35.2098722],[129.0851142,35.2098274],[129.0851619,35.2097811],[129.0852553,35.209736],[129.0852704,35.2097277],[129.0853174,35.209714],[129.0853442,35.2097061],[129.0853988,35.20969],[129.0854021,35.2096733],[129.0854038,35.209665],[129.0856653,35.2095168],[129.0854113,35.2093449],[129.0853338,35.2092908],[129.0853357,35.2092856],[129.0853148,35.2092772],[129.0849568,35.2090326],[129.0849194,35.2090106],[129.0849022,35.2089568],[129.0848181,35.2089362],[129.0848583,35.2088105],[129.0849044,35.2086756],[129.0849284,35.2085616],[129.0849223,35.2085132],[129.0848985,35.2084729],[129.0848231,35.2084344],[129.0848268,35.2084134],[129.0848342,35.2082244],[129.0852173,35.208061],[129.0852936,35.2080268],[129.0853242,35.2080373],[129.0853941,35.2080458],[129.0854566,35.2080092],[129.0854829,35.207966],[129.0854898,35.2079416],[129.0856638,35.2078674],[129.085676,35.20785],[129.0857738,35.2077803],[129.0858178,35.2077488],[129.0858197,35.2077376],[129.0858013,35.207641],[129.0857911,35.2075992],[129.0858445,35.2075998],[129.0858357,35.2075379],[129.0858177,35.2075275],[129.0858164,35.2075079],[129.0857722,35.2074499],[129.0858188,35.2074077],[129.0857829,35.2073412],[129.0857633,35.2072949],[129.0857385,35.2072876],[129.0857087,35.2072071],[129.0856758,35.2071197],[129.0856947,35.2071224],[129.0857164,35.2071052],[129.0856525,35.207029],[129.0855838,35.206947],[129.0856138,35.2069299],[129.0855893,35.2068852],[129.0856255,35.2068822],[129.0856698,35.2068785],[129.0857201,35.2068846],[129.0857487,35.2068005],[129.085926,35.2068171],[129.0860686,35.2068308],[129.0862947,35.2068032],[129.0865916,35.206767],[129.0866046,35.2068501],[129.0868699,35.206815],[129.0868323,35.2066735],[129.0868276,35.2066573],[129.0868118,35.2066583],[129.0867885,35.2065379],[129.0867719,35.2064447],[129.0867694,35.2064306],[129.0867595,35.2063768],[129.086751,35.2063305],[129.0867429,35.2062992],[129.0867305,35.206229],[129.08671,35.2061957],[129.0867332,35.2061971],[129.0867306,35.2061926],[129.08673,35.2061767],[129.0867232,35.2061453],[129.08672,35.2061282],[129.0867173,35.2061189],[129.0866775,35.2059673],[129.0866749,35.2059576],[129.086637,35.2057999],[129.0866296,35.2057684],[129.0866255,35.2057467],[129.086555,35.2056792],[129.0865485,35.2056792],[129.0865198,35.2056781],[129.0863189,35.2056766],[129.0862825,35.2056756],[129.0861677,35.205675],[129.0861366,35.2056748],[129.0861046,35.2056756],[129.0859968,35.2057415],[129.0859887,35.2057512],[129.0859226,35.2058295],[129.0857984,35.2059764],[129.0857256,35.2060627],[129.0857111,35.2060799],[129.0856025,35.2062093],[129.0855838,35.2062309],[129.0855721,35.2062461],[129.0855578,35.2062625],[129.0855371,35.2062872],[129.0855053,35.2063177],[129.0854553,35.2063657],[129.0854323,35.2063892],[129.0852875,35.2065321],[129.0852048,35.2066142],[129.0851882,35.2066307],[129.0851729,35.206646],[129.0851099,35.2067086],[129.085088,35.2067298],[129.0849925,35.206824],[129.0849839,35.2068324],[129.0849608,35.2068593],[129.0849243,35.2068939],[129.0848347,35.2069778],[129.0847868,35.2070228],[129.0847626,35.2070455],[129.0847259,35.2070795],[129.0846919,35.2071111],[129.0846697,35.2071317],[129.0846181,35.2071805],[129.0844945,35.2072137],[129.0844656,35.2072211],[129.0844028,35.2072372],[129.084307,35.207262],[129.0842153,35.2072822],[129.0841332,35.2073004],[129.0838815,35.2073552],[129.083886,35.207359],[129.0839477,35.2073982],[129.0839553,35.2074007],[129.0840234,35.2073543],[129.0840988,35.2074049],[129.0841667,35.2073515],[129.0842021,35.2073724],[129.084221,35.2073618],[129.0843862,35.2074747],[129.0843839,35.2074822],[129.0844125,35.2074967],[129.0844422,35.2075118],[129.0844551,35.2075191],[129.0844538,35.2075328],[129.084485,35.2075539],[129.0845024,35.2075445],[129.0845229,35.2075542],[129.0845046,35.2075656],[129.0846123,35.2076358],[129.084707,35.2076976],[129.0847206,35.207765],[129.0847831,35.2077578],[129.0848066,35.2077713],[129.0848316,35.2077845],[129.0848439,35.2077903],[129.0848604,35.2077929],[129.0848103,35.2078276],[129.0847152,35.2078942],[129.0848175,35.2079507],[129.0847852,35.2080138],[129.0846608,35.2081147],[129.0845291,35.2081647],[129.084396,35.2081657],[129.0843442,35.2081119],[129.084092,35.2079747],[129.0840282,35.2080128],[129.0840123,35.2079995],[129.0839141,35.2079161],[129.083879,35.2079404],[129.0838274,35.2079061],[129.0836697,35.2077549],[129.0836414,35.2077573],[129.0836095,35.2076989],[129.0836306,35.2075826],[129.0837041,35.2075409],[129.0837255,35.207492],[129.0837364,35.2074064],[129.0837583,35.2073817],[129.0834247,35.207455],[129.0833671,35.2074692],[129.0833737,35.2074621],[129.0832779,35.2074833],[129.0832487,35.2074897],[129.0831328,35.2075154],[129.0831392,35.2075228],[129.0832168,35.2076178],[129.0832214,35.2076147],[129.0832407,35.207617],[129.0833086,35.207598],[129.0833274,35.2075813],[129.083333,35.2075744],[129.0833422,35.2075631],[129.0834279,35.2076333],[129.0836085,35.2078186],[129.0836252,35.2078023],[129.0836387,35.2078141],[129.0837641,35.2079238],[129.0837996,35.2079863],[129.0838325,35.2081105],[129.0838155,35.2081589],[129.0836989,35.2082202],[129.0835569,35.2083051],[129.0832977,35.2084582],[129.0831806,35.2084893],[129.0831541,35.2084962],[129.0831215,35.208505],[129.0830802,35.2085163],[129.0830435,35.2085256],[129.0826757,35.208615],[129.0824709,35.2086642],[129.0824249,35.2086753],[129.0824073,35.208668],[129.0823669,35.2086511]]]},"properties":{"name":"명륜3주택재개발","type":"재개발","admCode":"26260","mnum":"62600002626020060103UDT1000001001"}},{"type":"Feature","geometry":{"type":"Polygon","coordinates":[[[129.0999115,35.2088677],[129.0999271,35.2088993],[129.0999278,35.2089275],[129.0999349,35.208939],[129.099984,35.2090184],[129.1000308,35.209094],[129.1000452,35.2091222],[129.1000989,35.2092148],[129.1001107,35.2092104],[129.1001618,35.209299],[129.1002008,35.2093648],[129.1002296,35.2094134],[129.1001969,35.2094277],[129.1002148,35.2094865],[129.1002531,35.2094629],[129.1003001,35.2094239],[129.1003209,35.209373],[129.1003275,35.2093584],[129.1003266,35.2093228],[129.1003261,35.2092995],[129.100311,35.2092314],[129.10031,35.2092283],[129.1003,35.2091938],[129.1002934,35.2091688],[129.1002476,35.2091058],[129.1002001,35.2090392],[129.1001774,35.2089968],[129.100854,35.2091661],[129.1009055,35.209179],[129.100932,35.2091855],[129.1009372,35.2091983],[129.1009401,35.2092055],[129.1010029,35.2093611],[129.1010137,35.2093878],[129.1010521,35.209483],[129.1010928,35.2095838],[129.101104,35.2096117],[129.1011137,35.2096357],[129.1009609,35.2096739],[129.1009439,35.2096824],[129.1009264,35.2097267],[129.1009267,35.2097631],[129.1009276,35.2098721],[129.1009277,35.2098901],[129.1009284,35.2099755],[129.1009292,35.2100758],[129.1009294,35.2101023],[129.1009296,35.2101296],[129.1009299,35.2101581],[129.1009305,35.2102358],[129.1009306,35.2102547],[129.1009322,35.210348],[129.1009324,35.2103655],[129.1009336,35.2104568],[129.1009353,35.2105882],[129.1009372,35.2107345],[129.1009381,35.2108019],[129.1009902,35.2108358],[129.1010074,35.2108416],[129.1010682,35.2108406],[129.1011406,35.2108088],[129.1011455,35.2108076],[129.10127,35.2107504],[129.1013033,35.2107351],[129.1014701,35.2106509],[129.1017302,35.2105234],[129.1018722,35.2104549],[129.1019027,35.210438],[129.1019536,35.2104061],[129.1019998,35.2103715],[129.1020367,35.2103403],[129.1020784,35.2102956],[129.1021252,35.2102302],[129.1021735,35.2101572],[129.1021962,35.2101186],[129.1022142,35.21009],[129.1022417,35.2100305],[129.1022869,35.2099327],[129.102327,35.2098419],[129.1023609,35.2097551],[129.1023979,35.2096576],[129.1024246,35.2095849],[129.1024632,35.2094799],[129.1024887,35.2094106],[129.1025173,35.2093453],[129.1025221,35.2093027],[129.1027092,35.2092966],[129.1027334,35.2093218],[129.10285,35.2094024],[129.102886,35.2094112],[129.1030367,35.2094539],[129.1033008,35.2094993],[129.1033146,35.2095035],[129.1033262,35.2095041],[129.1034302,35.2095093],[129.1034666,35.2095097],[129.1034098,35.2094437],[129.1034036,35.2093314],[129.1033996,35.2092256],[129.1033966,35.2091544],[129.1033911,35.2090026],[129.1033887,35.2089267],[129.1033878,35.2088906],[129.1033796,35.2086267],[129.1033751,35.208481],[129.1033679,35.2082017],[129.1033636,35.2080353],[129.1033147,35.2080714],[129.1031801,35.2080768],[129.1030407,35.2080825],[129.1028964,35.2080883],[129.1027597,35.2080938],[129.1025879,35.2081007],[129.1024534,35.2081731],[129.102421,35.2081747],[129.1023739,35.2082031],[129.1023183,35.2082421],[129.1022963,35.2082541],[129.1022005,35.2083047],[129.1021806,35.2083096],[129.1020745,35.2083361],[129.1020654,35.2083383],[129.102008,35.2083526],[129.1017606,35.2082824],[129.1015818,35.2082576],[129.1015435,35.2082559],[129.1014907,35.2082541],[129.1014075,35.208205],[129.1013424,35.2081652],[129.101277,35.2081489],[129.1012506,35.2081428],[129.1011448,35.208118],[129.1010016,35.2080825],[129.1008977,35.2080575],[129.1008571,35.2080586],[129.1007045,35.2080639],[129.1006595,35.2080648],[129.1005153,35.2080697],[129.1004883,35.2080894],[129.1004432,35.2081366],[129.1003694,35.2082177],[129.1003366,35.2082463],[129.1002673,35.208282],[129.100217,35.2083117],[129.1001715,35.2083476],[129.1001328,35.2083896],[129.1001364,35.2084522],[129.1001455,35.2084844],[129.1001246,35.2085592],[129.1000964,35.208693],[129.1001255,35.2087022],[129.1000854,35.2087071],[129.1000568,35.2087162],[129.1000385,35.2087222],[129.0999689,35.2087769],[129.0999522,35.2087899],[129.099937,35.2088002],[129.0999142,35.2088373],[129.0999115,35.2088677]]]},"properties":{"name":"명장2 재개발사업 정비구역","type":"재개발","admCode":"26260","mnum":"62600002626020230377UDT1000001001"}},{"type":"Feature","geometry":{"type":"Polygon","coordinates":[[[129.077077,35.2011747],[129.0770651,35.2010355],[129.0770527,35.2008897],[129.0770502,35.200861],[129.0770394,35.2007362],[129.0770297,35.2006243],[129.0769971,35.2002783],[129.076991,35.2002021],[129.0769816,35.2000855],[129.0769766,35.2000239],[129.0770136,35.1999556],[129.0770666,35.1998575],[129.0770795,35.1998336],[129.0771637,35.1996779],[129.0771764,35.1996544],[129.0772405,35.1995359],[129.0773629,35.1993094],[129.0772778,35.1992783],[129.0772293,35.1992604],[129.0769764,35.1991694],[129.0767944,35.1991037],[129.0766114,35.1990376],[129.0765314,35.1990084],[129.0763864,35.1989559],[129.0763544,35.1989443],[129.0762369,35.1989017],[129.0760928,35.1988496],[129.0760615,35.1988382],[129.0759219,35.1987876],[129.0758913,35.1987765],[129.07575,35.1987253],[129.0756234,35.1986794],[129.075503,35.1986358],[129.075367,35.1985865],[129.0752962,35.1987244],[129.0752822,35.1987517],[129.0752325,35.1988484],[129.0752198,35.1988733],[129.0751708,35.1989688],[129.0750637,35.1991775],[129.07502,35.1992629],[129.0749703,35.1993597],[129.0749315,35.1994355],[129.0748727,35.1995714],[129.0748238,35.1997046],[129.0747814,35.19982],[129.0747698,35.1998516],[129.0747561,35.1998891],[129.0747262,35.1999705],[129.0746965,35.2000573],[129.0746868,35.2000837],[129.0746528,35.2001758],[129.0746204,35.2002635],[129.0746105,35.2002905],[129.0745777,35.2003788],[129.0745425,35.2004736],[129.0745162,35.2005445],[129.0744672,35.2006741],[129.0744298,35.2007747],[129.0744234,35.200792],[129.0743816,35.2009045],[129.0743718,35.2009309],[129.0743383,35.2010208],[129.0743053,35.2011096],[129.0742954,35.2011363],[129.0742599,35.2012317],[129.0742273,35.2013194],[129.074217,35.201347],[129.0741885,35.2014235],[129.0741664,35.2014832],[129.0741344,35.2015688],[129.0741017,35.2016565],[129.0740607,35.2017666],[129.074051,35.2017926],[129.0739822,35.2019772],[129.0739974,35.2020066],[129.074008,35.202027],[129.0741488,35.2020887],[129.0742257,35.2021202],[129.0743254,35.2021629],[129.0744154,35.2022013],[129.0745222,35.2022471],[129.0745389,35.2022542],[129.0745658,35.2022658],[129.0745814,35.2022724],[129.0746916,35.2023197],[129.0748231,35.2023762],[129.074852,35.2023886],[129.0749801,35.2024435],[129.0750822,35.2024873],[129.0751874,35.2025324],[129.0752905,35.2025766],[129.0754717,35.2026179],[129.075643,35.2026095],[129.0757557,35.2026039],[129.0759322,35.2025951],[129.0760605,35.2025888],[129.0761626,35.2025837],[129.0762666,35.2025786],[129.0763,35.2025769],[129.0764028,35.2025718],[129.0766135,35.2025614],[129.0767229,35.2025559],[129.0768254,35.202551],[129.0769078,35.2025469],[129.0769484,35.2025449],[129.0770582,35.2025396],[129.0772048,35.2025324],[129.0773553,35.2025263],[129.0774931,35.2025184],[129.0775038,35.2025179],[129.0776162,35.2025122],[129.0777111,35.2025074],[129.0777088,35.2023913],[129.0777067,35.2022873],[129.0774898,35.2023033],[129.0774894,35.2022925],[129.0773894,35.2023003],[129.0772851,35.2023083],[129.0772205,35.2023133],[129.0771935,35.2020971],[129.0771833,35.2020159],[129.0771819,35.2020047],[129.0771799,35.2019888],[129.0771681,35.2019164],[129.0771528,35.2017923],[129.0771428,35.2017153],[129.0771295,35.2016136],[129.0771057,35.2014307],[129.0770918,35.2013237],[129.077077,35.2011747]]]},"properties":{"name":"","type":"기타","admCode":"26260","mnum":"62600002626020240364UDT1000001001"}},{"type":"Feature","geometry":{"type":"Polygon","coordinates":[[[129.0794207,35.2011378],[129.0794497,35.2013017],[129.0802633,35.2013582],[129.0802623,35.2013785],[129.0808236,35.2014171],[129.0808435,35.2014411],[129.080889,35.2014376],[129.0809229,35.2014607],[129.0808221,35.2024423],[129.0808701,35.202459],[129.0809344,35.2025011],[129.0809586,35.2025214],[129.0815934,35.2025492],[129.0816201,35.2025504],[129.081641,35.2024837],[129.0816748,35.2023333],[129.0816759,35.2023171],[129.0816867,35.2022994],[129.0817185,35.2021506],[129.0817504,35.2020017],[129.0817919,35.201792],[129.0819438,35.2017099],[129.082138,35.2016049],[129.0821749,35.201585],[129.0822514,35.2015436],[129.0823572,35.2014865],[129.0822706,35.2013785],[129.0821968,35.2012865],[129.0821201,35.2011909],[129.0823387,35.2010728],[129.0823425,35.2009347],[129.0824899,35.2009379],[129.0824984,35.2006923],[129.0823493,35.2006889],[129.0814833,35.200669],[129.0813379,35.2006785],[129.0798513,35.2006472],[129.0796551,35.2007834],[129.0794207,35.2011378]]]},"properties":{"name":"수안1 재건축 정비구역\r\n토지정보과-8259(2022.06.22.)호로 도시관리계획선 정정","type":"재건축","admCode":"26260","mnum":"62600002626020190297UDT1000001002"}},{"type":"Feature","geometry":{"type":"Polygon","coordinates":[[[129.1046255,35.191295],[129.10511,35.1922317],[129.1052052,35.1924062],[129.1052271,35.192448],[129.1052687,35.1925274],[129.1052895,35.192567],[129.1053105,35.1926072],[129.1053527,35.1926876],[129.105362,35.1927054],[129.1054019,35.1927811],[129.105411,35.1927986],[129.10545,35.1928727],[129.1054597,35.192891],[129.1055231,35.1930116],[129.1055703,35.1930294],[129.1056431,35.1930042],[129.1057776,35.1929577],[129.1057855,35.192955],[129.1059007,35.1929153],[129.1059327,35.1929042],[129.1060548,35.192862],[129.1061997,35.1928119],[129.106229,35.1928018],[129.106356,35.192758],[129.1064106,35.1927391],[129.1064533,35.1927243],[129.1066034,35.1926724],[129.1066652,35.1926511],[129.106786,35.1926093],[129.106893,35.1925723],[129.1070175,35.1925292],[129.1070587,35.192515],[129.107234,35.1924542],[129.1072173,35.1924217],[129.1071888,35.1923662],[129.1071433,35.1922777],[129.107122,35.1922362],[129.1070984,35.1921904],[129.1070583,35.1921122],[129.1070526,35.1921013],[129.1070184,35.1921131],[129.1069723,35.1920239],[129.1069212,35.1919252],[129.1068548,35.1917949],[129.1068031,35.1916933],[129.1067912,35.1916699],[129.1067729,35.191634],[129.1067029,35.1914967],[129.106862,35.1914028],[129.1069168,35.1914154],[129.106899,35.191381],[129.1068208,35.191228],[129.1067348,35.1910593],[129.1066817,35.1910387],[129.1046538,35.1912556],[129.1046255,35.191295]]]},"properties":{"name":"안락3주택재건축","type":"재건축","admCode":"26260","mnum":"62600002626020150199UDT1000001001"}},{"type":"Feature","geometry":{"type":"Polygon","coordinates":[[[129.1081467,35.2005403],[129.1081595,35.2009314],[129.1081677,35.2010879],[129.1081757,35.2012256],[129.1081948,35.2015394],[129.1082116,35.2015386],[129.108219,35.2017512],[129.1082087,35.2017669],[129.1082232,35.2020033],[129.1082617,35.2020337],[129.1083574,35.2020267],[129.1084914,35.2020149],[129.1085177,35.2020126],[129.1086367,35.2020021],[129.1086696,35.2019992],[129.1087864,35.201989],[129.1088732,35.2019812],[129.1090225,35.2019667],[129.1091238,35.2019579],[129.1091574,35.2019549],[129.1092851,35.2019437],[129.1093174,35.2019409],[129.1094723,35.2019273],[129.10975,35.2019029],[129.1100358,35.2018778],[129.1101698,35.2018661],[129.1102023,35.2018632],[129.1103384,35.2018513],[129.110468,35.2018399],[129.1105022,35.2018369],[129.1105826,35.2018299],[129.1107362,35.2018164],[129.1107694,35.2018135],[129.110921,35.2018002],[129.1109675,35.2017961],[129.1110431,35.2017205],[129.1111153,35.2016485],[129.111185,35.2015789],[129.111258,35.201506],[129.1112468,35.2014593],[129.1112245,35.2013662],[129.111218,35.2013389],[129.1111308,35.2009731],[129.1110744,35.2007382],[129.1110169,35.2005043],[129.1110026,35.2004452],[129.1109919,35.2004008],[129.1108717,35.1999063],[129.1108511,35.1998215],[129.1108442,35.199793],[129.1108212,35.1996977],[129.1108146,35.1996706],[129.110792,35.1995773],[129.1107688,35.1994821],[129.1107625,35.1994561],[129.1107409,35.199367],[129.1107196,35.1992793],[129.1106801,35.1991166],[129.1105201,35.1991272],[129.1103419,35.199139],[129.1102002,35.1991493],[129.1101682,35.1991515],[129.1100291,35.1991611],[129.1088464,35.1992408],[129.1081925,35.1992843],[129.1081973,35.1995605],[129.1081597,35.1995628],[129.1081546,35.1999132],[129.1081531,35.2000508],[129.1081467,35.2005403]]]},"properties":{"name":"안락1재건축정비구역","type":"재건축","admCode":"26260","mnum":"62600002626020200477UDT1000001001"}},{"type":"Feature","geometry":{"type":"Polygon","coordinates":[[[129.0861333,35.1233645],[129.0861199,35.1233601],[129.08607,35.1233424],[129.0860428,35.1233336],[129.0860234,35.1233247],[129.0859742,35.1233093],[129.085925,35.1232939],[129.0859046,35.1232879],[129.0858843,35.1232819],[129.0858599,35.1232747],[129.0857938,35.1232544],[129.0857794,35.1232501],[129.0857161,35.1232302],[129.0856507,35.12321],[129.085513,35.1231668],[129.0854347,35.1231448],[129.085414,35.1231387],[129.0853665,35.1231238],[129.0853052,35.1231043],[129.0852933,35.123101],[129.0852785,35.1230964],[129.0852159,35.123077],[129.0852053,35.1230734],[129.0851448,35.1230539],[129.0850889,35.1230404],[129.0850388,35.1230265],[129.084736,35.1229345],[129.0846951,35.1229212],[129.0844473,35.1228494],[129.084331,35.1228085],[129.084273,35.1227898],[129.0841479,35.1227512],[129.08402,35.1227109],[129.0839255,35.1226811],[129.0838846,35.1226682],[129.0834136,35.1225271],[129.083379,35.1225174],[129.0833445,35.1225069],[129.0832638,35.1224784],[129.0832303,35.1224693],[129.0832304,35.1224824],[129.0832429,35.1225461],[129.0831781,35.1225285],[129.0831797,35.1225502],[129.0832167,35.1225635],[129.0831925,35.1225791],[129.0832431,35.1225976],[129.083275,35.1226332],[129.0833069,35.1226689],[129.0833386,35.1226815],[129.083371,35.1226943],[129.0834006,35.122705],[129.0834092,35.1227091],[129.0834177,35.1227133],[129.0834455,35.1227172],[129.0834529,35.1227182],[129.0834336,35.1227689],[129.0835567,35.1227912],[129.0835643,35.1227927],[129.0836459,35.122809],[129.0836106,35.1228687],[129.0835912,35.122905],[129.0835745,35.1229052],[129.0833604,35.1229138],[129.0832981,35.1230396],[129.0830849,35.1230437],[129.0830737,35.1231629],[129.0830618,35.1232938],[129.083057,35.1233299],[129.0831408,35.1234504],[129.0831853,35.123512],[129.0831677,35.1235878],[129.0831756,35.1235969],[129.0832414,35.1236723],[129.0833354,35.1237297],[129.0834512,35.1238016],[129.0835715,35.1238758],[129.0836831,35.1239446],[129.0836744,35.1239539],[129.083745,35.1239994],[129.0837245,35.1240195],[129.0837974,35.1240644],[129.0838248,35.1240358],[129.0838855,35.1240368],[129.0843244,35.1240444],[129.0844155,35.1240292],[129.0845269,35.1240127],[129.0845343,35.1240187],[129.0845692,35.1240478],[129.0845894,35.1240646],[129.0846511,35.1241446],[129.084667,35.1241647],[129.0847122,35.1241451],[129.0847269,35.12415],[129.0853401,35.1243536],[129.085296,35.1244473],[129.0854351,35.1244843],[129.0854934,35.1244715],[129.0855358,35.1244437],[129.085555,35.124425],[129.0856101,35.1244435],[129.0855857,35.1244983],[129.0855765,35.1245207],[129.0855562,35.1245705],[129.0855315,35.1246336],[129.0855011,35.124705],[129.0854768,35.1247615],[129.0854818,35.1247837],[129.0854868,35.1248058],[129.0854799,35.1248228],[129.0854731,35.1248399],[129.085657,35.1248567],[129.0856583,35.124869],[129.0857202,35.1249172],[129.0857558,35.1249682],[129.0858611,35.1249761],[129.0860056,35.1249529],[129.0860297,35.1249491],[129.0860478,35.1249463],[129.0862458,35.1249349],[129.0862597,35.1249075],[129.0863228,35.1249647],[129.0864582,35.1248563],[129.0865263,35.1248162],[129.0865994,35.1247648],[129.086668,35.1246998],[129.0867672,35.1246057],[129.0868992,35.1246361],[129.0869373,35.1245309],[129.0869412,35.1245085],[129.0869843,35.1244424],[129.0869997,35.1244187],[129.0870949,35.1244148],[129.0871149,35.1243714],[129.0871346,35.1243284],[129.0871364,35.1243245],[129.0871433,35.124322],[129.0871503,35.1243195],[129.087202,35.1243011],[129.0872537,35.1242826],[129.0872639,35.1242766],[129.087274,35.1242705],[129.0873114,35.1242483],[129.0873423,35.1242299],[129.0873488,35.1242261],[129.0873927,35.1241999],[129.0874366,35.1241738],[129.0874512,35.1241651],[129.0874738,35.1241513],[129.0874964,35.1241375],[129.0875093,35.1241296],[129.0875333,35.124115],[129.0875573,35.1241003],[129.0875617,35.1240235],[129.0874886,35.1239718],[129.0874084,35.1239171],[129.0873871,35.1239033],[129.0873823,35.1239078],[129.0873209,35.1238726],[129.0872855,35.1238513],[129.0872464,35.1238278],[129.0872129,35.1238129],[129.0871862,35.1237993],[129.0871586,35.1237854],[129.0870985,35.1237547],[129.0870705,35.1237403],[129.0870346,35.1237219],[129.0869724,35.1236901],[129.086954,35.1236803],[129.0868491,35.1236342],[129.0867719,35.1236064],[129.0867142,35.1235824],[129.0866926,35.1235739],[129.0866275,35.1235467],[129.0865584,35.1235178],[129.0864903,35.1234893],[129.0864396,35.1234718],[129.0864378,35.1234712],[129.0863763,35.12345],[129.0863172,35.1234296],[129.0862491,35.1234056],[129.0862217,35.123396],[129.0862115,35.1233924],[129.0861361,35.1233659],[129.0861333,35.1233645]]]},"properties":{"name":"","type":"기타","admCode":"26290","mnum":"62600002629020250468UDT1000001001"}},{"type":"Feature","geometry":{"type":"Polygon","coordinates":[[[129.115732,35.1241164],[129.115731,35.1240388],[129.1156515,35.1239542],[129.1155651,35.123866],[129.1155466,35.1238432],[129.1154747,35.1237364],[129.1154614,35.1237428],[129.1154051,35.1237534],[129.1153832,35.1237579],[129.1152983,35.1237772],[129.1152615,35.1237155],[129.1152391,35.1234793],[129.1152419,35.1234816],[129.1154032,35.123613],[129.1155312,35.123709],[129.1155847,35.1236812],[129.115581,35.1236676],[129.1156898,35.1236446],[129.1158129,35.1235526],[129.115828,35.1235511],[129.1159478,35.1235395],[129.115997,35.1235296],[129.1161185,35.1235411],[129.1161116,35.123522],[129.1161838,35.1235074],[129.1161461,35.1234177],[129.1160828,35.1232741],[129.1160423,35.1231502],[129.1159816,35.1229618],[129.1159654,35.1228508],[129.1158909,35.1227358],[129.1158269,35.1227405],[129.11579,35.1227431],[129.115404,35.1227725],[129.1153086,35.1226556],[129.1152138,35.1225394],[129.1151541,35.1225848],[129.1150856,35.1227145],[129.1150533,35.1226562],[129.1150446,35.1226402],[129.115004,35.122574],[129.1149873,35.1225431],[129.1150065,35.1224464],[129.1147284,35.1224623],[129.1145684,35.1224574],[129.1144712,35.1224103],[129.1144492,35.1223778],[129.1144404,35.1223649],[129.1144242,35.1223411],[129.1144057,35.1223138],[129.1143736,35.1222666],[129.1143489,35.1222363],[129.114051,35.1222554],[129.1139207,35.1222638],[129.1138982,35.1222652],[129.1138655,35.1222673],[129.1137227,35.1222765],[129.1136197,35.1222831],[129.1135865,35.1222853],[129.1134847,35.1222918],[129.1133276,35.1223019],[129.1132015,35.12231],[129.1131588,35.1222772],[129.1131702,35.1224158],[129.113176,35.1224751],[129.1131851,35.1225699],[129.113197,35.1226671],[129.1131996,35.1226937],[129.1132142,35.1228482],[129.1132167,35.1228743],[129.1132246,35.1229571],[129.1132321,35.1230366],[129.1132347,35.1230636],[129.1132424,35.1231448],[129.1132513,35.1232385],[129.1132539,35.123266],[129.1132628,35.12336],[129.1132678,35.1234129],[129.1132793,35.1235392],[129.1132885,35.1236347],[129.1132993,35.1237475],[129.1133107,35.1238655],[129.1133221,35.1239845],[129.1133316,35.1240831],[129.1133387,35.1241569],[129.1133638,35.1241872],[129.1134774,35.1242298],[129.1134955,35.1242366],[129.1136116,35.1242292],[129.1136117,35.1242303],[129.113655,35.1242279],[129.1139396,35.1242125],[129.1140042,35.1242091],[129.1145986,35.1241777],[129.1146863,35.1241728],[129.1146841,35.1241496],[129.1148314,35.12414],[129.1149666,35.124132],[129.114968,35.1241469],[129.1152344,35.1241306],[129.1153009,35.1241303],[129.1154591,35.1241242],[129.1155312,35.1241221],[129.115732,35.1241164]]]},"properties":{"name":"","type":"기타","admCode":"26290","mnum":"62600002629020250475UDT1000001001"}},{"type":"Feature","geometry":{"type":"Polygon","coordinates":[[[129.1129655,35.1199778],[129.1129254,35.1195698],[129.1129058,35.1195926],[129.1129074,35.1196091],[129.1129163,35.1197001],[129.1129236,35.1197745],[129.1129294,35.1198339],[129.1129379,35.1199206],[129.1129414,35.1199553],[129.1129534,35.120076],[129.1129679,35.1202251],[129.1129706,35.1202528],[129.1130103,35.1206567],[129.1130295,35.1208531],[129.1130378,35.1209376],[129.1130452,35.1210129],[129.1130523,35.1210864],[129.1130608,35.1212247],[129.1130694,35.1213167],[129.1130781,35.1214097],[129.113112,35.1217739],[129.113122,35.1218818],[129.1131246,35.1219099],[129.1131346,35.1220175],[129.1131368,35.1220407],[129.1131462,35.1221422],[129.1131505,35.1221875],[129.1131766,35.122206],[129.1130839,35.1212351],[129.1130774,35.1210854],[129.1130176,35.1205086],[129.1130394,35.1205072],[129.1129874,35.1199764],[129.1129655,35.1199778]]]},"properties":{"name":"정비기반시설（도로）","type":"기반시설","admCode":"26290","mnum":"62600002629020250470UDT9990001001"}},{"type":"Feature","geometry":{"type":"Polygon","coordinates":[[[129.0884727,35.1418168],[129.0884837,35.141817],[129.0884853,35.1417687],[129.0884894,35.1416436],[129.0884938,35.1415114],[129.0884829,35.1415112],[129.0884785,35.1416433],[129.0884743,35.1417684],[129.0884727,35.1418168]]]},"properties":{"name":"일반도로","type":"기타","admCode":"26290","mnum":"33100002629020250138UDT9990001001"}},{"type":"Feature","geometry":{"type":"Polygon","coordinates":[[[129.0959089,35.1340364],[129.095878,35.1339812],[129.095871,35.1339625],[129.0958817,35.133934],[129.0960886,35.1337974],[129.0960886,35.1337974],[129.0960276,35.1338373],[129.0958598,35.1339471],[129.0958836,35.1340004],[129.0959052,35.1340383],[129.0959077,35.1340427],[129.0959392,35.1340864],[129.0959089,35.1340364]]]},"properties":{"name":"도로1","type":"기타","admCode":"26290","mnum":"33100002629020250118UDT9990001002"}},{"type":"Feature","geometry":{"type":"Polygon","coordinates":[[[129.096324,35.1336722],[129.0963267,35.1336729],[129.0965441,35.1337311],[129.096783,35.133794],[129.0969291,35.1338332],[129.0969497,35.1338387],[129.0969483,35.1338351],[129.0968505,35.133809],[129.0967709,35.1337877],[129.0966827,35.1337642],[129.0965599,35.1337314],[129.0962968,35.1336611],[129.096267,35.1336807],[129.096324,35.1336722]]]},"properties":{"name":"도로2","type":"기타","admCode":"26290","mnum":"33100002629020250118UDT9990001001"}},{"type":"Feature","geometry":{"type":"Polygon","coordinates":[[[129.0804265,35.1279727],[129.0804212,35.1278903],[129.0804185,35.127854],[129.0804359,35.1278216],[129.0804456,35.1278108],[129.0804868,35.1277727],[129.0805092,35.1277505],[129.0805406,35.1277488],[129.0805576,35.1277402],[129.0805664,35.1277556],[129.0805963,35.127748],[129.0806211,35.1277244],[129.0806696,35.1276567],[129.0807025,35.1276115],[129.0807319,35.1275491],[129.0807921,35.1274624],[129.0808134,35.127422],[129.0808352,35.1273953],[129.0808702,35.1273096],[129.0809521,35.1272439],[129.0809769,35.1272103],[129.081009,35.1271907],[129.0810197,35.1271865],[129.0806146,35.1270478],[129.0805186,35.1270148],[129.0804193,35.1269806],[129.0803888,35.1269701],[129.0803168,35.1269451],[129.0802599,35.1269254],[129.080169,35.1268944],[129.0800032,35.1268376],[129.0799802,35.1268298],[129.0799554,35.1268213],[129.0799492,35.1268192],[129.0799326,35.1267805],[129.0799244,35.1267633],[129.0796513,35.1268306],[129.0792476,35.126926],[129.0791604,35.1269472],[129.0787524,35.1270394],[129.0786834,35.1270519],[129.0786612,35.1270551],[129.0786242,35.1270582],[129.0785766,35.1270534],[129.0781345,35.1269627],[129.0780774,35.1269201],[129.0780248,35.1268808],[129.0779668,35.1268375],[129.077881,35.1267751],[129.0778001,35.1267066],[129.0777438,35.1266588],[129.0777638,35.1266408],[129.0778409,35.1265743],[129.0778726,35.1265055],[129.0778764,35.1264837],[129.0778679,35.1264795],[129.0778674,35.1264385],[129.0778511,35.1264161],[129.0778435,35.1264209],[129.0777922,35.1264405],[129.0777805,35.1264459],[129.0777035,35.1264113],[129.0776685,35.1263917],[129.077627,35.1263712],[129.0776291,35.1265114],[129.0776329,35.12654],[129.077626,35.1265693],[129.0774536,35.1264363],[129.0772869,35.1262773],[129.0772315,35.1261768],[129.0772083,35.1261615],[129.0771303,35.1261523],[129.0770119,35.1261074],[129.0769467,35.1260773],[129.0768789,35.126007],[129.0767812,35.1259664],[129.0767552,35.1259677],[129.0764257,35.1260032],[129.0763251,35.1260043],[129.0764137,35.125841],[129.0764276,35.1258152],[129.0764632,35.1257484],[129.0765226,35.1256397],[129.0765376,35.1256118],[129.076507,35.1255981],[129.0763747,35.1257048],[129.0763653,35.1257004],[129.0763318,35.1257426],[129.0763221,35.1257426],[129.0762728,35.1258067],[129.0761927,35.1259071],[129.07615,35.1260063],[129.076142,35.1260049],[129.0760665,35.1259868],[129.0758474,35.1259252],[129.0756849,35.1258798],[129.0756783,35.1258473],[129.0756799,35.1257962],[129.0756653,35.1257938],[129.0756547,35.1257756],[129.0755778,35.1257024],[129.0755362,35.1256684],[129.0756002,35.1254887],[129.0755264,35.125408],[129.0755099,35.1254385],[129.0754223,35.1256007],[129.0748596,35.1255603],[129.0747606,35.1255677],[129.0746245,35.1256078],[129.0745809,35.12563],[129.0745167,35.1256635],[129.0744549,35.125697],[129.0743375,35.125768],[129.074342,35.1257849],[129.0743509,35.125827],[129.0743563,35.1258382],[129.0743727,35.1258518],[129.0745821,35.1260252],[129.0747214,35.1262549],[129.0747941,35.1263689],[129.0747958,35.1264279],[129.0747959,35.1264307],[129.074797,35.1264703],[129.0747856,35.1265844],[129.0747745,35.1266716],[129.0747744,35.1266878],[129.074689,35.1266941],[129.0746654,35.1269294],[129.0748511,35.1270297],[129.0749277,35.1271105],[129.0749959,35.1271418],[129.0750973,35.1277463],[129.0751381,35.1279625],[129.0751482,35.1279693],[129.0751339,35.1279777],[129.0751191,35.1279824],[129.0751007,35.1279848],[129.075083,35.1279866],[129.0750623,35.1279873],[129.0748972,35.1279807],[129.0748174,35.1279766],[129.0747611,35.127973],[129.0746966,35.1280429],[129.0746188,35.1280789],[129.0745833,35.1281008],[129.0745357,35.1281397],[129.0745007,35.1281783],[129.0744665,35.1282206],[129.0744494,35.1282487],[129.0744445,35.1282688],[129.0744419,35.1283112],[129.0744474,35.1283708],[129.0744554,35.1284197],[129.0744839,35.128483],[129.0745137,35.1285387],[129.0745786,35.1286363],[129.0745742,35.128674],[129.074566,35.1287471],[129.0745591,35.1288091],[129.0745494,35.1288957],[129.0745325,35.1290466],[129.0744894,35.1290753],[129.074519,35.1291434],[129.0745931,35.1291271],[129.0748344,35.1290714],[129.0749791,35.1290686],[129.0749884,35.1289739],[129.0749905,35.128903],[129.0751771,35.1289042],[129.075227,35.1289171],[129.0752947,35.1289404],[129.0753541,35.1289691],[129.07537,35.1289837],[129.0753808,35.1289972],[129.0754239,35.1290564],[129.0754654,35.1291138],[129.0755612,35.1292593],[129.0756516,35.1293965],[129.0757384,35.129528],[129.0758448,35.1296931],[129.0758796,35.1297515],[129.0758894,35.1297723],[129.0761597,35.1299092],[129.0762175,35.1298969],[129.0763406,35.1298707],[129.0763453,35.1298697],[129.0763785,35.1298624],[129.0765269,35.12983],[129.0765423,35.1298266],[129.0766524,35.1297765],[129.0767035,35.1297565],[129.0769671,35.1296551],[129.07706,35.1296223],[129.0770711,35.12962],[129.077089,35.1296166],[129.0772112,35.1295978],[129.077184,35.1295502],[129.0771333,35.1293702],[129.0771463,35.1292922],[129.0772255,35.1290796],[129.0772343,35.129058],[129.077279,35.1289481],[129.0773338,35.1288081],[129.0773364,35.1287946],[129.0773866,35.1286643],[129.0773942,35.1286472],[129.0774372,35.1285411],[129.0774628,35.1284942],[129.0775055,35.1284178],[129.0775413,35.1283526],[129.0775546,35.1283266],[129.0775721,35.1282937],[129.0776157,35.1282181],[129.0776919,35.1280811],[129.077752,35.1279769],[129.0785374,35.1283051],[129.0786748,35.128497],[129.0788729,35.1286017],[129.0793221,35.128839],[129.0797111,35.1289555],[129.0798037,35.1288627],[129.0798907,35.1288363],[129.0799718,35.1288119],[129.0800544,35.1287869],[129.0800654,35.1287909],[129.0803344,35.1288848],[129.0804184,35.1288811],[129.0804222,35.1288682],[129.0804245,35.1288553],[129.0804193,35.1287763],[129.0804184,35.1287703],[129.080392,35.1286502],[129.0803657,35.1285319],[129.0803006,35.1285744],[129.0802676,35.1285746],[129.0802321,35.1285746],[129.0801425,35.1285692],[129.0801296,35.1285684],[129.0800811,35.1285926],[129.080095,35.1286218],[129.080056,35.1286419],[129.0800166,35.1286358],[129.0799805,35.1286291],[129.0799466,35.1286183],[129.0799358,35.128615],[129.0799606,35.1285454],[129.0799902,35.1284627],[129.0800158,35.1284503],[129.0800167,35.1284438],[129.0800224,35.1283464],[129.0800146,35.1283463],[129.0799402,35.1283459],[129.0799095,35.1282983],[129.0798691,35.1282663],[129.0797799,35.1282977],[129.0797743,35.1282826],[129.0796448,35.1281549],[129.079638,35.1281022],[129.0795938,35.1280778],[129.0796069,35.1280758],[129.0796201,35.1280737],[129.0796335,35.1280723],[129.0796469,35.1280709],[129.0796549,35.1280708],[129.0796629,35.1280707],[129.0797196,35.1280743],[129.0797775,35.1280782],[129.0798546,35.1280771],[129.0799293,35.1280731],[129.0799871,35.1280742],[129.0801045,35.1280771],[129.0802061,35.1280826],[129.0802861,35.1280881],[129.0803777,35.1280914],[129.0803998,35.1280466],[129.080425,35.1280039],[129.0804265,35.1279727]]]},"properties":{"name":"","type":"기타","admCode":"26290","mnum":"62600002629020250337UDT1000001001"}},{"type":"Feature","geometry":{"type":"Polygon","coordinates":[[[129.0775546,35.1283266],[129.0775721,35.1282937],[129.0775816,35.1282772],[129.0775103,35.1282536],[129.0774497,35.1282336],[129.0774265,35.1281969],[129.0773968,35.1283031],[129.0774346,35.1282869],[129.0774936,35.1283064],[129.0775546,35.1283266]]]},"properties":{"name":"","type":"기타","admCode":"26290","mnum":"62600002629020250337UDT9990001002"}},{"type":"Feature","geometry":{"type":"Polygon","coordinates":[[[129.0774258,35.1285693],[129.0774372,35.1285411],[129.0774628,35.1284942],[129.0774676,35.1284856],[129.0773791,35.1284488],[129.0773639,35.1284204],[129.0773257,35.1285561],[129.0773589,35.1285414],[129.0774258,35.1285693]]]},"properties":{"name":"","type":"기타","admCode":"26290","mnum":"62600002629020250337UDT9990001001"}},{"type":"Feature","geometry":{"type":"Polygon","coordinates":[[[129.1154938,35.1189326],[129.1153347,35.1189684],[129.1152287,35.1189915],[129.1150779,35.1190243],[129.1149901,35.1190434],[129.1149574,35.1190505],[129.1149021,35.1190626],[129.1148484,35.1190743],[129.1147094,35.1191047],[129.1146312,35.1191218],[129.1144709,35.1191567],[129.1143081,35.1191922],[129.1142144,35.1192126],[129.1141862,35.1192523],[129.1142219,35.1193632],[129.1142503,35.1194513],[129.1142589,35.119478],[129.114285,35.119559],[129.114315,35.1196521],[129.1143198,35.119667],[129.114324,35.1196799],[129.1143642,35.1198048],[129.1143946,35.1198991],[129.1143988,35.119912],[129.1144031,35.1199255],[129.1144328,35.1200176],[129.114441,35.1200431],[129.1144694,35.1201311],[129.1144974,35.120218],[129.1145253,35.1203046],[129.114534,35.1203317],[129.1145616,35.1204173],[129.1145898,35.1205048],[129.114621,35.1206014],[129.1146519,35.1206976],[129.1146606,35.1207244],[129.1146992,35.1208442],[129.1147247,35.1209232],[129.1147639,35.1210422],[129.1148167,35.1212051],[129.1149049,35.1214774],[129.1149459,35.1214583],[129.1149478,35.1214685],[129.1149543,35.1214755],[129.1150139,35.1214834],[129.1150618,35.1214756],[129.115096,35.1214286],[129.1150981,35.1213874],[129.1150257,35.1211612],[129.1150086,35.1211077],[129.1149717,35.1209923],[129.1151096,35.1209838],[129.1151444,35.1209817],[129.1152098,35.1209776],[129.1153107,35.1209712],[129.1155007,35.1209592],[129.1160694,35.1209028],[129.1160605,35.1208742],[129.1159518,35.1204881],[129.1159277,35.1204121],[129.1159017,35.1203302],[129.1158766,35.1202511],[129.115865,35.1202146],[129.1158586,35.1201944],[129.1158474,35.1201591],[129.1158315,35.1201091],[129.1158232,35.1200829],[129.1158135,35.1200528],[129.1157725,35.1199262],[129.1157458,35.1198436],[129.1157398,35.119825],[129.1157319,35.1198004],[129.1157269,35.1197851],[129.115687,35.1196615],[129.1156792,35.1196374],[129.1156658,35.1195959],[129.1156546,35.1195613],[129.1156459,35.1195343],[129.1156356,35.1195027],[129.115617,35.1194584],[129.1156021,35.1194182],[129.115517,35.1191528],[129.1155237,35.1191509],[129.1155182,35.1191336],[129.1154912,35.11905],[129.1154663,35.1189728],[129.1154938,35.1189326]]]},"properties":{"name":"","type":"기타","admCode":"26290","mnum":"62600002629020250302UDT1000001001"}},{"type":"Feature","geometry":{"type":"Polygon","coordinates":[[[129.1152276,35.1189917],[129.1150779,35.1190243],[129.1149901,35.1190434],[129.1149574,35.1190505],[129.1149021,35.1190626],[129.1148484,35.1190743],[129.1147094,35.1191047],[129.1146312,35.1191218],[129.1144709,35.1191567],[129.1144053,35.119171],[129.1143742,35.1192151],[129.1152812,35.1190174],[129.1152276,35.1189917]]]},"properties":{"name":"","type":"기타","admCode":"26290","mnum":"62600002629020250302UDT9990001001"}},{"type":"Feature","geometry":{"type":"Polygon","coordinates":[[[129.1092017,35.1263155],[129.1092709,35.1262248],[129.1092464,35.126213],[129.1093066,35.1261139],[129.1093256,35.126123],[129.109341,35.1260997],[129.1093208,35.1260899],[129.1093721,35.1260078],[129.1094061,35.1259534],[129.1094008,35.1259454],[129.1095313,35.1258536],[129.1095102,35.1258326],[129.1096105,35.1257631],[129.1096082,35.1257396],[129.1095786,35.1257247],[129.1096037,35.1256911],[129.1096128,35.1256718],[129.1096128,35.1256718],[129.109543,35.1256325],[129.1095174,35.1255827],[129.1094993,35.1256725],[129.1094904,35.1257093],[129.109479,35.1257456],[129.1094649,35.1257813],[129.1094482,35.1258162],[129.1092463,35.1262056],[129.1092017,35.1263155]]]},"properties":{"name":"정비기반시설(도로3)","type":"기반시설","admCode":"26290","mnum":"62600002629020250228UDT9990001003"}},{"type":"Feature","geometry":{"type":"Polygon","coordinates":[[[129.110141,35.1243322],[129.1101711,35.1242776],[129.1102217,35.1241571],[129.1102279,35.124141],[129.110243,35.1241015],[129.1102506,35.1240829],[129.1102592,35.1240617],[129.1102902,35.1239823],[129.1103017,35.1239528],[129.1103316,35.1238993],[129.1103431,35.1238635],[129.1103614,35.1238064],[129.1103781,35.1237015],[129.1103681,35.1236925],[129.1103324,35.1236877],[129.1103324,35.1236875],[129.1103322,35.1236876],[129.1103317,35.1236953],[129.1103307,35.123703],[129.1103292,35.1237106],[129.110327,35.1237181],[129.1103243,35.1237255],[129.1102392,35.123936],[129.1102047,35.124024],[129.1101616,35.1240215],[129.1101746,35.1240841],[129.1101794,35.1241119],[129.110182,35.1241399],[129.1101824,35.124168],[129.1101808,35.1241961],[129.110177,35.124224],[129.1101711,35.1242517],[129.1101631,35.1242791],[129.1101531,35.1243059],[129.110141,35.1243322]]]},"properties":{"name":"정비기반시설(도로2)","type":"기반시설","admCode":"26290","mnum":"62600002629020250228UDT9990001002"}},{"type":"Feature","geometry":{"type":"Polygon","coordinates":[[[129.1099863,35.1225242],[129.1100313,35.1225636],[129.1099933,35.1230364],[129.1099927,35.1230525],[129.1099934,35.1230685],[129.1099954,35.1230844],[129.1099988,35.1231002],[129.1100035,35.1231157],[129.1100094,35.123131],[129.1100166,35.1231459],[129.110025,35.1231603],[129.1100346,35.1231743],[129.1100454,35.1231877],[129.1102701,35.1234474],[129.1102757,35.1234545],[129.1102808,35.1234618],[129.1102853,35.1234694],[129.1102892,35.1234773],[129.1102924,35.1234853],[129.1102949,35.1234935],[129.1102968,35.1235018],[129.1103165,35.1236099],[129.1103317,35.1236759],[129.110332,35.1236804],[129.1103322,35.1236849],[129.1103319,35.1236173],[129.1103497,35.1234819],[129.1103425,35.1234738],[129.1103188,35.1234469],[129.1102976,35.1234163],[129.1102051,35.1233274],[129.1101883,35.1233188],[129.1101749,35.1232993],[129.1101353,35.1232415],[129.1100902,35.1231921],[129.1100468,35.1231372],[129.1100177,35.1230949],[129.1100208,35.1229655],[129.1100313,35.1229298],[129.1100358,35.1228094],[129.1100403,35.1226856],[129.1100458,35.1225233],[129.1099863,35.1225242]]]},"properties":{"name":"정비기반시설 (도로1)","type":"기반시설","admCode":"26290","mnum":"62600002629020250228UDT9990001001"}},{"type":"Feature","geometry":{"type":"Polygon","coordinates":[[[129.106639,35.1192864],[129.1067216,35.1194181],[129.1069051,35.1195064],[129.1070107,35.1194977],[129.1070299,35.1195611],[129.1070942,35.1195936],[129.1072073,35.1196507],[129.1073019,35.1196985],[129.1074152,35.1197557],[129.1075281,35.1198127],[129.1075951,35.1198464],[129.1076617,35.1198801],[129.1079681,35.1200352],[129.1080647,35.1200842],[129.1080633,35.1200897],[129.1080434,35.1201661],[129.1080074,35.1203044],[129.1079152,35.1206579],[129.1078908,35.1207518],[129.1078818,35.120786],[129.1078625,35.1208604],[129.1077621,35.1212455],[129.1077354,35.1213481],[129.1077141,35.1214352],[129.1077166,35.1215205],[129.1077173,35.121545],[129.1077231,35.1217401],[129.1077259,35.1218362],[129.1077265,35.1218549],[129.1077267,35.1218637],[129.107727,35.1218741],[129.1077284,35.1219215],[129.1077321,35.1220452],[129.107737,35.1222106],[129.1077407,35.1223363],[129.1077414,35.1223588],[129.1077419,35.1223756],[129.1077433,35.1224249],[129.1077708,35.1233567],[129.107773,35.1234297],[129.1077823,35.1237469],[129.1077902,35.1240143],[129.1077986,35.1242982],[129.1078046,35.1245009],[129.1078181,35.1249565],[129.1078077,35.1249731],[129.1077019,35.1250148],[129.1076495,35.125013],[129.1076334,35.1249601],[129.1076312,35.1249658],[129.107575,35.1251066],[129.1075457,35.125182],[129.1075257,35.1252889],[129.1075424,35.1253629],[129.1075742,35.1254106],[129.1074831,35.125426],[129.1074567,35.1255081],[129.1076104,35.1254941],[129.1077879,35.1254779],[129.1077978,35.1255295],[129.1078519,35.1255307],[129.1078547,35.1255373],[129.1078666,35.1255539],[129.1078896,35.1257033],[129.1078921,35.1257365],[129.1078936,35.1258449],[129.1080387,35.1258896],[129.1082974,35.1253068],[129.1092272,35.1256696],[129.1092439,35.125703],[129.1092118,35.1257663],[129.1091147,35.1259535],[129.1089566,35.1262585],[129.1089172,35.1263251],[129.1087816,35.1265733],[129.1087215,35.1266559],[129.1087078,35.126672],[129.1086561,35.1267484],[129.1085641,35.1268748],[129.1086239,35.1269223],[129.1090392,35.1265781],[129.1091666,35.1265154],[129.1092744,35.1264624],[129.109295,35.1264522],[129.1093916,35.1264048],[129.1092017,35.1263155],[129.1092709,35.1262248],[129.1092464,35.126213],[129.1093066,35.1261139],[129.1093256,35.126123],[129.109341,35.1260997],[129.1093208,35.1260899],[129.1093721,35.1260078],[129.1094061,35.1259534],[129.1094008,35.1259454],[129.1095313,35.1258536],[129.1095102,35.1258326],[129.1096105,35.1257631],[129.1096082,35.1257396],[129.1095786,35.1257247],[129.1096037,35.1256911],[129.1096128,35.1256718],[129.1096416,35.1256115],[129.1096596,35.1255736],[129.1096863,35.1255867],[129.1097814,35.1255154],[129.1097014,35.1254616],[129.10969,35.1254559],[129.1096837,35.1254592],[129.1096705,35.1254558],[129.1096619,35.1254638],[129.109628,35.1254569],[129.1095865,35.125429],[129.1095563,35.1253983],[129.1095833,35.1253413],[129.1096466,35.1252078],[129.1096666,35.1251722],[129.1097394,35.1250423],[129.1097887,35.1249545],[129.1098009,35.1249376],[129.1098055,35.1249296],[129.1098717,35.1248114],[129.1098939,35.1247718],[129.1099184,35.1247281],[129.1099622,35.1246501],[129.1099648,35.1246456],[129.1099652,35.1246457],[129.1099746,35.1246288],[129.1099804,35.1246186],[129.110057,35.1244824],[129.1101167,35.1243764],[129.1101711,35.1242776],[129.1102217,35.1241571],[129.1102279,35.124141],[129.110243,35.1241015],[129.1102506,35.1240829],[129.1102592,35.1240617],[129.1102902,35.1239823],[129.1103017,35.1239528],[129.1103316,35.1238993],[129.1103431,35.1238635],[129.1103614,35.1238064],[129.1103781,35.1237015],[129.1103681,35.1236925],[129.1103324,35.1236877],[129.1103319,35.1236173],[129.1103497,35.1234819],[129.1103425,35.1234738],[129.1103188,35.1234469],[129.1102976,35.1234163],[129.1102051,35.1233274],[129.1101883,35.1233188],[129.1101749,35.1232993],[129.1101353,35.1232415],[129.1100902,35.1231921],[129.1100468,35.1231372],[129.1100177,35.1230949],[129.1100208,35.1229655],[129.1100313,35.1229298],[129.1100358,35.1228094],[129.1100403,35.1226856],[129.1100458,35.1225233],[129.1100899,35.1225236],[129.110134,35.122524],[129.1104357,35.1225266],[129.1106371,35.1225284],[129.1107788,35.1225296],[129.1108101,35.1225299],[129.1109562,35.1225197],[129.1110501,35.1225148],[129.1112378,35.1225051],[129.1112714,35.1225033],[129.1114572,35.1224937],[129.1116214,35.1224858],[129.1116162,35.1224125],[129.1115741,35.122384],[129.1115661,35.1222999],[129.1115588,35.1222228],[129.111557,35.1222038],[129.1115506,35.122136],[129.1115487,35.122116],[129.1115424,35.1220499],[129.1115406,35.1220311],[129.1115324,35.1219441],[129.1115088,35.1216956],[129.1115063,35.1216694],[129.1114946,35.1215456],[129.1114859,35.121454],[129.1114833,35.1214275],[129.1114755,35.1213442],[129.1114665,35.1212498],[129.1114563,35.1211336],[129.1114485,35.1210464],[129.1114394,35.1209458],[129.1114377,35.1209163],[129.1114321,35.1208565],[129.1114316,35.1208507],[129.111428,35.1208115],[129.1114185,35.1207068],[129.111416,35.1206787],[129.1114068,35.1205773],[129.111391,35.1204024],[129.1113846,35.1203315],[129.1113829,35.1203122],[129.1113822,35.1203038],[129.1113752,35.1202238],[129.1113691,35.1201537],[129.1113676,35.1201361],[129.1113659,35.1201163],[129.1113577,35.1200217],[129.1115196,35.1200117],[129.1116371,35.1200044],[129.1116338,35.1199696],[129.1117493,35.1199628],[129.1119888,35.1199486],[129.111969,35.1197429],[129.1119182,35.119713],[129.111837,35.1197309],[129.1117295,35.1197545],[129.1116157,35.1197795],[129.1114984,35.1198052],[129.111377,35.1198319],[129.1112144,35.1198663],[129.1111702,35.119876],[129.1110785,35.119896],[129.1109783,35.119918],[129.1108342,35.1199495],[129.1107295,35.1199724],[129.1105909,35.1200027],[129.1103231,35.1200609],[129.1101592,35.1200971],[129.1100066,35.1201309],[129.1098456,35.120165],[129.1097031,35.1201968],[129.1095936,35.1202212],[129.1094939,35.1202434],[129.1093933,35.1202659],[129.1092463,35.1202987],[129.1091637,35.120315],[129.1091001,35.1202942],[129.1090569,35.1202733],[129.1089591,35.1202259],[129.108868,35.1201817],[129.1087695,35.1201339],[129.1086366,35.1200685],[129.108571,35.1200368],[129.1085504,35.1200268],[129.1084365,35.1199716],[129.1083201,35.1199152],[129.1082318,35.1198725],[129.1080995,35.1198067],[129.1078146,35.1196685],[129.1076802,35.1196033],[129.1075948,35.119562],[129.1075627,35.1195465],[129.1074485,35.1194913],[129.1073537,35.1194455],[129.1072387,35.1193899],[129.1069338,35.1192425],[129.1069401,35.1192633],[129.1067639,35.1191959],[129.106639,35.1192864]],[[129.1083494,35.1225772],[129.108393,35.1223434],[129.1085527,35.1223851],[129.1085807,35.1222963],[129.1086119,35.1221995],[129.1087059,35.1222155],[129.1087412,35.1222219],[129.108833,35.1222348],[129.1090003,35.1222578],[129.1090011,35.1222615],[129.1090955,35.1222495],[129.1091421,35.1222521],[129.1093006,35.1222597],[129.1094,35.1222645],[129.1094131,35.1222571],[129.1095427,35.12226],[129.1095489,35.1222905],[129.1096988,35.122987],[129.1096646,35.1229862],[129.1096221,35.1230672],[129.1096187,35.1231128],[129.1096685,35.1232541],[129.1083962,35.1231172],[129.1083569,35.1230801],[129.1083505,35.1226497],[129.1083503,35.1226346],[129.1083494,35.1225772]],[[129.1096073,35.1239743],[129.1098926,35.123906],[129.1099376,35.1241216],[129.1098942,35.1241281],[129.1098265,35.1240903],[129.1096677,35.124017],[129.1096073,35.1239743]]]},"properties":{"name":"","type":"기타","admCode":"26290","mnum":"62600002629020250228UDT1000001001"}},{"type":"Feature","geometry":{"type":"Polygon","coordinates":[[[129.0730156,35.148142],[129.0730545,35.1480296],[129.0730476,35.1479831],[129.0730643,35.1479452],[129.07307,35.1479333],[129.073078,35.147926],[129.0731461,35.1478212],[129.0731359,35.1477464],[129.0731335,35.1477287],[129.0731596,35.1476101],[129.0731618,35.1475828],[129.0731652,35.14759],[129.0732049,35.1475803],[129.0732491,35.1475882],[129.0732603,35.1475451],[129.0732944,35.1474582],[129.0732975,35.147423],[129.0732889,35.1473942],[129.0732769,35.1473541],[129.0732741,35.1473158],[129.0732707,35.1472984],[129.0733739,35.1473343],[129.0734462,35.1473642],[129.0735406,35.1472891],[129.0735497,35.1472952],[129.073577,35.1472559],[129.0736708,35.1471747],[129.0738051,35.1471939],[129.0737907,35.1469487],[129.0738146,35.1469411],[129.0738042,35.1468741],[129.0740043,35.1468499],[129.0739985,35.1468161],[129.0739841,35.1467505],[129.0739557,35.1467311],[129.073908,35.1467376],[129.0738488,35.146742],[129.0738246,35.1467392],[129.0739083,35.1466259],[129.073938,35.1465857],[129.0739862,35.1465205],[129.0740416,35.1464696],[129.074059,35.1464562],[129.0740801,35.1464411],[129.0741417,35.1463984],[129.0742208,35.1463548],[129.0742286,35.1463506],[129.0743029,35.1463104],[129.0743589,35.1462831],[129.0743642,35.1462898],[129.0743878,35.14632],[129.0744405,35.1463825],[129.0744822,35.146417],[129.0745867,35.1465226],[129.0746874,35.1466245],[129.0746662,35.1466451],[129.0747908,35.1467545],[129.0748413,35.1467878],[129.0749357,35.1466409],[129.0750665,35.1464374],[129.075085,35.1464098],[129.0750915,35.1463984],[129.0751625,35.1462879],[129.0751877,35.1462488],[129.0754029,35.1459071],[129.0754546,35.1458252],[129.0755138,35.1457312],[129.0755442,35.1456829],[129.0756099,35.1455786],[129.0756294,35.1455476],[129.0757208,35.1454026],[129.0757759,35.1453152],[129.0758417,35.1452088],[129.0758531,35.1451903],[129.0759198,35.1450824],[129.0759608,35.145016],[129.076018,35.1449235],[129.0760315,35.1449016],[129.0759951,35.1448677],[129.0759639,35.1448387],[129.0759492,35.1448459],[129.075917,35.1448617],[129.0757726,35.1449319],[129.0756784,35.1449774],[129.0755692,35.1450302],[129.0755201,35.1450545],[129.0754301,35.1450987],[129.0753383,35.1451438],[129.0752459,35.1451892],[129.075239,35.1451926],[129.075204,35.1452098],[129.0751182,35.1452514],[129.0750581,35.1453296],[129.0750464,35.14534],[129.0750308,35.1453457],[129.0749407,35.1453789],[129.0748512,35.1454131],[129.0747527,35.1454505],[129.0746948,35.1454698],[129.0745424,35.1455181],[129.0744716,35.1455276],[129.0743954,35.145549],[129.0742758,35.1455611],[129.0741782,35.1455722],[129.0740879,35.1455771],[129.074028,35.1455821],[129.073908,35.145592],[129.0737905,35.1456027],[129.0737772,35.1456016],[129.0736501,35.1456103],[129.0735731,35.1456174],[129.0735674,35.1456179],[129.0735136,35.1456231],[129.0735036,35.1456241],[129.0734829,35.1456269],[129.0733691,35.1456399],[129.0732985,35.1456611],[129.0731122,35.1456755],[129.0727799,35.1456512],[129.0727433,35.1456494],[129.0725568,35.1456381],[129.0723237,35.1456122],[129.0722557,35.1455824],[129.0722156,35.1455591],[129.0720434,35.1454979],[129.0720121,35.1454963],[129.0720064,35.1454845],[129.0719862,35.1454431],[129.0719415,35.1453948],[129.0719022,35.1453211],[129.0718745,35.1452348],[129.0718687,35.1451679],[129.0718775,35.1450336],[129.0717939,35.1449912],[129.0717516,35.1449721],[129.0717564,35.1449704],[129.0715907,35.1445324],[129.0715269,35.144387],[129.0714571,35.144228],[129.071337,35.144066],[129.0712784,35.1439867],[129.071271,35.1439771],[129.0712105,35.1438984],[129.0711833,35.1438613],[129.0711441,35.1435843],[129.0711206,35.1434191],[129.0711165,35.1433326],[129.0711068,35.1432033],[129.0711053,35.1431617],[129.0711055,35.1431287],[129.0711035,35.1430152],[129.0711032,35.1430009],[129.0711031,35.1429936],[129.0711037,35.142974],[129.0711084,35.1429113],[129.0711109,35.1428847],[129.0711146,35.1427823],[129.0711181,35.1427441],[129.0710838,35.1424147],[129.071084,35.1423229],[129.0710838,35.1422459],[129.0710833,35.1421483],[129.0710843,35.1420203],[129.0710834,35.1419504],[129.0710834,35.1418618],[129.0710835,35.1417368],[129.071084,35.1416856],[129.0710784,35.1415973],[129.0710757,35.1414869],[129.0710757,35.1414763],[129.0710387,35.1414385],[129.0710297,35.1414304],[129.0709667,35.141368],[129.0709438,35.141367],[129.0709039,35.1413653],[129.0708898,35.1413647],[129.0705705,35.1413509],[129.0704341,35.1413449],[129.0703553,35.1413415],[129.0702388,35.1413339],[129.0700978,35.1413247],[129.0699977,35.1413193],[129.0699168,35.141315],[129.0699034,35.1413149],[129.0698132,35.1413147],[129.0698259,35.1412537],[129.0698377,35.1411976],[129.06953,35.1412037],[129.0695076,35.1412047],[129.0694897,35.1412069],[129.0693524,35.14121],[129.0692884,35.1412142],[129.0692183,35.1412189],[129.0692201,35.1412337],[129.0692361,35.1412759],[129.0692413,35.1414419],[129.069244,35.1414861],[129.0692511,35.1416183],[129.0692518,35.141632],[129.0692575,35.1416703],[129.0692626,35.1417877],[129.0692636,35.1419582],[129.0692726,35.1420227],[129.0692915,35.142074],[129.0693219,35.1421211],[129.0693827,35.1421955],[129.0697508,35.1424497],[129.0698599,35.14254],[129.0699157,35.1425988],[129.0699695,35.142662],[129.0699851,35.1426802],[129.0699644,35.1426886],[129.0699851,35.142716],[129.0700136,35.1427031],[129.0700362,35.1426942],[129.070019,35.1427399],[129.0699969,35.1427986],[129.0700181,35.1428293],[129.0700534,35.142826],[129.0700577,35.1428023],[129.0700705,35.1428323],[129.0700619,35.1429153],[129.0700277,35.1430092],[129.0699562,35.1431333],[129.0698852,35.1432014],[129.0698429,35.1432421],[129.0697343,35.143307],[129.0695815,35.1434232],[129.0695502,35.1434666],[129.0695086,35.1435152],[129.0694978,35.1435314],[129.069506,35.1435646],[129.0695051,35.1436196],[129.0695185,35.1436919],[129.06957,35.1437416],[129.0695797,35.1437846],[129.0695778,35.143931],[129.0695767,35.1439315],[129.069576,35.1439614],[129.0695567,35.1439627],[129.0695064,35.1439683],[129.0694868,35.1439982],[129.0694709,35.1440464],[129.0694667,35.1440543],[129.069453,35.1440926],[129.0694378,35.1441334],[129.0694378,35.1441334],[129.0694274,35.1441633],[129.0694215,35.1441836],[129.0694126,35.1442106],[129.0694134,35.1442324],[129.0693968,35.1442371],[129.0693968,35.1442371],[129.0693953,35.1442375],[129.0693135,35.1442633],[129.0693714,35.1443581],[129.0694747,35.1445269],[129.0695075,35.1445805],[129.0695173,35.1445761],[129.0695555,35.1446201],[129.0695627,35.1446165],[129.069575,35.1446306],[129.0696198,35.1446767],[129.0696705,35.1447231],[129.0697379,35.1447662],[129.0698048,35.1448184],[129.0698198,35.1448359],[129.0698592,35.144882],[129.0698903,35.1449182],[129.0699343,35.1449762],[129.0699534,35.1450055],[129.0699625,35.1450127],[129.0699626,35.1450378],[129.0696256,35.1449776],[129.0697227,35.1451016],[129.0698718,35.1451291],[129.0698994,35.1451373],[129.0699027,35.1451379],[129.0700571,35.1451657],[129.0701061,35.1452899],[129.070556,35.1455219],[129.0706856,35.1456133],[129.0706904,35.1456316],[129.0707186,35.145772],[129.0707224,35.1457887],[129.0707448,35.1458849],[129.0707198,35.1460068],[129.0710039,35.1459202],[129.0710962,35.1460834],[129.0711908,35.146061],[129.0712835,35.1460028],[129.0713659,35.1459902],[129.0714503,35.1461013],[129.0715249,35.1462044],[129.0715314,35.1462157],[129.0715389,35.1462265],[129.0716029,35.1463193],[129.0715117,35.146365],[129.0715589,35.1464349],[129.0716021,35.146499],[129.0716628,35.1465881],[129.0717265,35.1466805],[129.0717782,35.1467584],[129.0718309,35.146838],[129.0718847,35.146928],[129.0718385,35.1469682],[129.071828,35.147007],[129.0716138,35.1471353],[129.0715725,35.14716],[129.0714523,35.1472322],[129.0715164,35.1473032],[129.0716407,35.1472207],[129.0718028,35.1474009],[129.0718705,35.1475051],[129.0719656,35.1475475],[129.0720435,35.1475821],[129.0721116,35.1476529],[129.0721966,35.1476787],[129.0722247,35.1476896],[129.0723257,35.1477529],[129.0723609,35.147775],[129.0725822,35.1479252],[129.0726513,35.1479774],[129.0728393,35.1481461],[129.0730156,35.148142]]]},"properties":{"name":"정비구역","type":"기타","admCode":"26290","mnum":"62600002629020240010UDT1000001002"}},{"type":"Feature","geometry":{"type":"Polygon","coordinates":[[[129.0887576,35.1246863],[129.0887653,35.1246978],[129.0887797,35.1247161],[129.0887974,35.1247375],[129.0889184,35.1249085],[129.0889581,35.124976],[129.0889713,35.1249809],[129.0890413,35.1250735],[129.0892177,35.125315],[129.0892455,35.1253653],[129.0894298,35.1256251],[129.0894746,35.1256884],[129.0895095,35.1257377],[129.0895188,35.1257508],[129.0895646,35.1258154],[129.0896571,35.125946],[129.0897499,35.1260765],[129.0898425,35.1262068],[129.0898599,35.1262313],[129.0898961,35.1262823],[129.0899143,35.1263079],[129.0899868,35.1264088],[129.0900727,35.1265296],[129.0902387,35.1264505],[129.0903283,35.1264078],[129.0904095,35.1263691],[129.0904866,35.1263296],[129.0905395,35.1263037],[129.0906643,35.1262454],[129.0907075,35.1262244],[129.0907818,35.1261884],[129.0908517,35.1261545],[129.0909731,35.1260959],[129.0910313,35.1260678],[129.0911581,35.126007],[129.0912442,35.1259634],[129.0913821,35.1258971],[129.0915155,35.1258329],[129.0915724,35.1258066],[129.0915096,35.1257184],[129.0914381,35.1256179],[129.0912992,35.1254228],[129.0912621,35.1253707],[129.0911624,35.1252306],[129.0910519,35.1250754],[129.0910335,35.1250496],[129.0909669,35.124956],[129.0907124,35.1245985],[129.0906939,35.1246073],[129.0906103,35.1244821],[129.0905375,35.1243498],[129.0905074,35.1243067],[129.0905072,35.1243067],[129.0903815,35.1241279],[129.0903687,35.1241097],[129.090256,35.1239455],[129.090167,35.1238156],[129.0900758,35.1236852],[129.090039,35.1236358],[129.0900178,35.1236351],[129.0900165,35.123635],[129.0898325,35.1233631],[129.0897293,35.1232222],[129.0897488,35.1231676],[129.0897841,35.1230679],[129.0897849,35.1230658],[129.0898216,35.1229661],[129.0898275,35.122952],[129.0899202,35.1229572],[129.0899599,35.1229595],[129.0900979,35.1229674],[129.0902599,35.1229776],[129.0903948,35.1229858],[129.0906591,35.123001],[129.0907165,35.1230036],[129.0907303,35.1230058],[129.0908467,35.1229607],[129.0909558,35.1229191],[129.0910227,35.1228945],[129.0911491,35.1228485],[129.091271,35.1228047],[129.0913049,35.1227905],[129.0914543,35.1227364],[129.0914694,35.1227309],[129.0914297,35.1226322],[129.0913963,35.1225492],[129.0913758,35.1224982],[129.0913182,35.1223499],[129.0912876,35.1222723],[129.0912578,35.1221965],[129.0912458,35.1221648],[129.0912141,35.1220844],[129.0911833,35.1220094],[129.0911631,35.1219593],[129.0911111,35.1217204],[129.0907135,35.1218179],[129.0905106,35.1217052],[129.0905021,35.121712],[129.0905048,35.1217045],[129.090479,35.1217045],[129.0904094,35.1217028],[129.0904191,35.1216906],[129.0904164,35.1216808],[129.0904334,35.121651],[129.090428,35.121618],[129.0903776,35.1215802],[129.0901241,35.1217055],[129.0901001,35.1217309],[129.0900826,35.121749],[129.0900563,35.1217778],[129.0899289,35.1217643],[129.0897966,35.1217496],[129.089664,35.1217345],[129.0895309,35.1217204],[129.0894632,35.121712],[129.0893602,35.1217997],[129.0892401,35.1219001],[129.0892048,35.1219313],[129.0890973,35.1220205],[129.0893136,35.1220496],[129.08936,35.1220564],[129.0897547,35.122104],[129.0897633,35.122091],[129.0897704,35.1221088],[129.0899053,35.1221264],[129.0899738,35.1221718],[129.0899277,35.1222182],[129.0898815,35.1222646],[129.0898513,35.1222961],[129.089796,35.1223536],[129.0897885,35.1223612],[129.0897159,35.1224329],[129.0896264,35.1225217],[129.0896264,35.1225218],[129.0895638,35.1225882],[129.0895554,35.1225963],[129.0895223,35.1226284],[129.0894893,35.1226605],[129.0894799,35.1226705],[129.0894521,35.1227001],[129.0894243,35.1227297],[129.0894146,35.122739],[129.0893977,35.1227554],[129.0893699,35.1228303],[129.0893641,35.1228432],[129.0893225,35.1229356],[129.089287,35.1230413],[129.0892745,35.1230777],[129.0892486,35.1231529],[129.0892209,35.1232318],[129.0892186,35.1232403],[129.0891844,35.1233525],[129.0891585,35.1234249],[129.0891267,35.1235109],[129.0890989,35.1236009],[129.0890775,35.123656],[129.0890686,35.123681],[129.0890282,35.1237772],[129.0889864,35.1238984],[129.0889436,35.124022],[129.0888999,35.1241496],[129.088894,35.1241666],[129.0888533,35.1243021],[129.0888365,35.124386],[129.0888083,35.1245013],[129.0887576,35.1246863]]]},"properties":{"name":"","type":"기타","admCode":"26290","mnum":"62600002629020190013UDT1000002001"}},{"type":"Feature","geometry":{"type":"Polygon","coordinates":[[[129.1144953,35.1144996],[129.1144929,35.1142576],[129.1150715,35.1142507],[129.1150686,35.1140153],[129.1157279,35.1140099],[129.1157205,35.113136],[129.1156825,35.1131027],[129.1151661,35.1131045],[129.1150214,35.1131051],[129.1149176,35.1131056],[129.114804,35.1131061],[129.114782,35.1131062],[129.1147247,35.1131065],[129.1146073,35.1131071],[129.1145211,35.1131076],[129.1143538,35.1131084],[129.1142937,35.1131087],[129.1141975,35.1131091],[129.1141424,35.1131093],[129.1139853,35.1131099],[129.1138511,35.1131104],[129.1138141,35.1131112],[129.1137077,35.1131111],[129.1136308,35.1131115],[129.1135186,35.1131119],[129.1134063,35.1131127],[129.1132938,35.1131134],[129.1131942,35.1131141],[129.1131534,35.113147],[129.1131544,35.1132375],[129.1131558,35.1133554],[129.1131572,35.1134735],[129.1131585,35.1135922],[129.1131601,35.113619],[129.1131603,35.113644],[129.1131611,35.1137379],[129.1131621,35.1138556],[129.1131632,35.1139743],[129.1131634,35.1140015],[129.1131644,35.1141195],[129.1131655,35.1142386],[129.1131665,35.1143563],[129.1131674,35.1144623],[129.1131677,35.1144901],[129.1131684,35.1145722],[129.113169,35.1146474],[129.1131644,35.1147801],[129.1131642,35.1148527],[129.1131641,35.1149527],[129.113164,35.114974],[129.1131638,35.1150713],[129.1131637,35.1151687],[129.1131635,35.1152673],[129.1131633,35.1153656],[129.1131632,35.1154468],[129.1131631,35.1154648],[129.1131628,35.1154858],[129.1131624,35.1155841],[129.1131619,35.1156828],[129.1131614,35.1157798],[129.113161,35.1158785],[129.1131603,35.1160101],[129.1131743,35.1160992],[129.1132107,35.1160954],[129.113321,35.1160802],[129.113355,35.1160756],[129.113477,35.1160589],[129.1136206,35.1160392],[129.1137191,35.1160258],[129.1138633,35.1160062],[129.1139909,35.1159887],[129.1141005,35.1159737],[129.1141332,35.1159692],[129.1142628,35.1159515],[129.1143621,35.1159379],[129.1145285,35.115914],[129.1146401,35.1158984],[129.1147796,35.115879],[129.1148132,35.1158743],[129.1149298,35.115858],[129.1150236,35.1158442],[129.1150585,35.115839],[129.1150839,35.1157759],[129.1148043,35.115519],[129.1147955,35.1150011],[129.114492,35.1149965],[129.1144962,35.1147801],[129.1144968,35.114646],[129.1144953,35.1144996]]]},"properties":{"name":"","type":"기타","admCode":"26290","mnum":"62600002629020240407UDT1000001001"}},{"type":"Feature","geometry":{"type":"Polygon","coordinates":[[[129.085207,35.1344912],[129.0852195,35.1344947],[129.0852255,35.1344963],[129.0852373,35.1344936],[129.0852602,35.1344881],[129.0853174,35.1344832],[129.0853217,35.134483],[129.0855032,35.1344457],[129.0855577,35.1344596],[129.085551,35.1344768],[129.0855366,35.1344917],[129.0856482,35.13448],[129.0856541,35.1344746],[129.0857015,35.1344325],[129.0857192,35.1344167],[129.085907,35.1344248],[129.0859991,35.1344287],[129.0861304,35.1343],[129.0862513,35.1341968],[129.0864305,35.1340609],[129.0864312,35.1340568],[129.0864568,35.1340372],[129.0866101,35.1339199],[129.0867473,35.1338173],[129.0867956,35.1337236],[129.0868701,35.1335922],[129.0868767,35.1335933],[129.0869552,35.1333582],[129.0869797,35.1333178],[129.0870245,35.1331734],[129.087018,35.133169],[129.0870071,35.1331706],[129.0869607,35.1331307],[129.0869592,35.1331296],[129.0869377,35.1330784],[129.0869196,35.1330349],[129.0869169,35.1330282],[129.0868799,35.1329396],[129.0868685,35.1329121],[129.0868477,35.1328622],[129.0868301,35.1328201],[129.0867586,35.1326484],[129.0867336,35.1325879],[129.0867113,35.1325415],[129.0866658,35.1325101],[129.0866503,35.1324994],[129.0866237,35.132481],[129.0865739,35.1324453],[129.0865172,35.1324127],[129.0863978,35.1323468],[129.0863758,35.1323352],[129.0862559,35.1322699],[129.0862361,35.1322592],[129.0860937,35.1321804],[129.0860571,35.1321595],[129.0860172,35.1321375],[129.0859098,35.1320778],[129.0857773,35.1319928],[129.0856427,35.1319073],[129.0855246,35.1318308],[129.0855055,35.1318192],[129.0853299,35.1317065],[129.0852573,35.131711],[129.0852192,35.1317118],[129.0851803,35.131842],[129.0852189,35.1318481],[129.08524,35.1319859],[129.0853012,35.1319907],[129.0852667,35.1321114],[129.0852452,35.132188],[129.085239,35.1322063],[129.0851984,35.1323506],[129.0852069,35.1323725],[129.0851186,35.1324112],[129.0850949,35.1324216],[129.0850801,35.1324281],[129.085046,35.1325318],[129.0850239,35.1325958],[129.0849996,35.1326523],[129.0849822,35.1326972],[129.0849438,35.1328023],[129.0848679,35.1330033],[129.0848363,35.1330864],[129.084764,35.1332648],[129.0847503,35.1332958],[129.0847133,35.1333134],[129.0846807,35.1333223],[129.0846427,35.1333223],[129.0842043,35.1331648],[129.0840558,35.1331199],[129.0840315,35.1331133],[129.0837647,35.1330449],[129.0837651,35.1330321],[129.0838468,35.1328217],[129.0838849,35.1327237],[129.0837331,35.1325209],[129.0837725,35.1322984],[129.0833795,35.1321714],[129.0832831,35.1322065],[129.0832425,35.1321653],[129.0831867,35.1322285],[129.0829759,35.1321338],[129.0829201,35.132187],[129.0824306,35.1321027],[129.082459,35.1320385],[129.082137,35.1319467],[129.0820728,35.1317163],[129.0819001,35.1316492],[129.0817954,35.1316275],[129.0816002,35.1316248],[129.0815434,35.1316254],[129.0815117,35.1316349],[129.0814423,35.1316635],[129.0814009,35.1316836],[129.0813839,35.1316925],[129.0813693,35.1317003],[129.0813913,35.1317578],[129.0814271,35.1318072],[129.0814759,35.1318652],[129.0814832,35.1319045],[129.0814146,35.1319228],[129.0813619,35.1319609],[129.0812854,35.132134],[129.0813184,35.1321897],[129.0813116,35.1322265],[129.0812836,35.1322349],[129.0812154,35.1322569],[129.0811375,35.1322833],[129.0810679,35.1323051],[129.0810498,35.1323108],[129.0810494,35.1323109],[129.0809504,35.1323226],[129.0808285,35.13233],[129.0808284,35.1323314],[129.08077,35.1322869],[129.0804908,35.1320737],[129.0804547,35.1320382],[129.080367,35.1318433],[129.080302,35.1316969],[129.0802615,35.1315996],[129.0802159,35.1314959],[129.0802068,35.131471],[129.0801757,35.1313857],[129.0801349,35.1312958],[129.0801197,35.1312594],[129.0800843,35.1310869],[129.0800764,35.1310065],[129.0800785,35.130941],[129.080093,35.130817],[129.080106,35.1307002],[129.0801331,35.1306338],[129.0801609,35.1305658],[129.0803144,35.1304501],[129.0804314,35.1303619],[129.0803337,35.1302766],[129.0803092,35.1302552],[129.0803043,35.1301905],[129.0801826,35.1301921],[129.0800795,35.1301842],[129.0799829,35.130174],[129.0798913,35.1301519],[129.079828,35.130133],[129.0798067,35.1301266],[129.0797611,35.1301034],[129.0796189,35.1300198],[129.0795117,35.1299566],[129.0794351,35.1299129],[129.0793674,35.1298742],[129.0789711,35.1296391],[129.0789662,35.1296437],[129.0789518,35.1296336],[129.0786843,35.1295143],[129.0787008,35.1294974],[129.0786412,35.1294888],[129.0783848,35.1294912],[129.0780701,35.1294965],[129.0778499,35.1295046],[129.0777603,35.1295146],[129.0777245,35.1295106],[129.0776823,35.1295234],[129.0776331,35.1295289],[129.0775285,35.1295443],[129.0774642,35.1295568],[129.0774359,35.1295555],[129.0774286,35.1295552],[129.0774282,35.1295522],[129.077321,35.1295354],[129.0772827,35.1295416],[129.077205,35.1295512],[129.0772041,35.1295441],[129.0771795,35.1295344],[129.077184,35.1295502],[129.0772112,35.1295978],[129.0771812,35.1296025],[129.0771351,35.1296096],[129.077089,35.1296166],[129.0770711,35.12962],[129.07706,35.1296223],[129.0769671,35.1296551],[129.076965,35.129656],[129.076769,35.1297313],[129.0767321,35.1297455],[129.0767035,35.1297565],[129.0766524,35.1297765],[129.0765423,35.1298266],[129.0765269,35.12983],[129.0763785,35.1298624],[129.0763453,35.1298697],[129.0763406,35.1298707],[129.0762175,35.1298969],[129.0761596,35.1299093],[129.0759228,35.1297892],[129.0758894,35.1297723],[129.0758849,35.1297701],[129.0757496,35.1297027],[129.0757739,35.1297414],[129.0757982,35.1297801],[129.0757997,35.1297824],[129.0758032,35.1297889],[129.0758116,35.129804],[129.0758229,35.1298245],[129.0758461,35.1298665],[129.0758531,35.1298804],[129.0758786,35.1299161],[129.0759094,35.1299532],[129.0759538,35.1300049],[129.0760152,35.1300619],[129.0760626,35.1300982],[129.076066,35.1300954],[129.0761694,35.1301731],[129.0761745,35.1301809],[129.0762464,35.1302477],[129.0762947,35.1302979],[129.076569,35.1304949],[129.0765742,35.1305021],[129.0766177,35.1305619],[129.0766311,35.1305813],[129.0766819,35.1306546],[129.0767327,35.1307175],[129.0767333,35.1307172],[129.0767502,35.1307079],[129.0768466,35.1308371],[129.0768958,35.130902],[129.076941,35.1309657],[129.0769975,35.1310339],[129.0771648,35.1312269],[129.0771739,35.1312374],[129.077265,35.1313425],[129.0773779,35.1314825],[129.0774358,35.1315515],[129.0774405,35.1315571],[129.0774801,35.1315993],[129.0775114,35.1316545],[129.0775814,35.1317782],[129.077601,35.1318129],[129.077618,35.131863],[129.0776337,35.1319098],[129.0776428,35.1319368],[129.0776956,35.1319941],[129.0777471,35.1320485],[129.0778078,35.1321092],[129.077925,35.1322263],[129.0780457,35.1323495],[129.0781611,35.1324673],[129.0782968,35.1326043],[129.0783902,35.132698],[129.0784199,35.1327278],[129.078465,35.132773],[129.0785376,35.1328458],[129.0786547,35.1329623],[129.0787061,35.1330142],[129.0787871,35.1330957],[129.0788003,35.1331089],[129.0787345,35.1331399],[129.0786635,35.1331691],[129.0786068,35.1331549],[129.0786169,35.1331792],[129.0785894,35.1331982],[129.0785161,35.1332574],[129.0785027,35.1332659],[129.0784985,35.1332685],[129.0784093,35.1332873],[129.0782815,35.1333048],[129.0781746,35.1333075],[129.0780573,35.1333222],[129.0779678,35.1333364],[129.0777901,35.1333866],[129.0775482,35.1334646],[129.0774016,35.1335518],[129.0772934,35.1336277],[129.0772549,35.1336585],[129.0769323,35.133928],[129.076855,35.1339815],[129.0768361,35.1340003],[129.0765859,35.1342488],[129.0768632,35.1341108],[129.0770496,35.1340181],[129.077101,35.1339905],[129.0771404,35.1339729],[129.0774613,35.1338043],[129.0774701,35.1337956],[129.0775308,35.1337634],[129.0775702,35.1337466],[129.0776263,35.1337311],[129.0778407,35.133653],[129.077972,35.1336046],[129.0781021,35.1335737],[129.0782827,35.1335357],[129.0784732,35.1334983],[129.0785594,35.1334941],[129.0787061,35.1334979],[129.0789384,35.1335227],[129.0790461,35.1335392],[129.0790585,35.1335418],[129.079189,35.1335684],[129.0793679,35.1336139],[129.0795664,35.1336693],[129.0796183,35.1336838],[129.0796911,35.1337069],[129.079739,35.1337221],[129.0798431,35.1337546],[129.0800048,35.1338136],[129.0800805,35.1338414],[129.08061,35.1340741],[129.080869,35.134177],[129.0809562,35.1342092],[129.0810413,35.134237],[129.0810636,35.1342443],[129.0810636,35.1342444],[129.0810764,35.1342486],[129.0812606,35.1343094],[129.0812995,35.1343182],[129.0814564,35.1343532],[129.0816213,35.1343899],[129.081649,35.1343976],[129.0816632,35.1343998],[129.0818588,35.1344251],[129.0820042,35.1344439],[129.0820406,35.1344479],[129.0820547,35.1344482],[129.082091,35.1344502],[129.082315,35.1344621],[129.082315,35.1344621],[129.0823797,35.1344659],[129.0824013,35.1344665],[129.0824013,35.1344665],[129.0825339,35.1344738],[129.0826751,35.1344808],[129.0827092,35.1344826],[129.0827555,35.1344934],[129.082846,35.134498],[129.0829266,35.1345021],[129.0829336,35.1345025],[129.083025,35.1345071],[129.0831681,35.1345144],[129.0832532,35.1345189],[129.0833722,35.1345252],[129.083381,35.1345257],[129.083625,35.1345386],[129.083666,35.1345408],[129.0837955,35.1345477],[129.0840186,35.1345581],[129.0840616,35.1345605],[129.0841773,35.1345671],[129.0842165,35.1345379],[129.0842376,35.1345314],[129.0842678,35.1345051],[129.0843066,35.1344583],[129.0843436,35.1344226],[129.0843535,35.1344037],[129.0843776,35.1344063],[129.0843898,35.1343917],[129.0844144,35.1343872],[129.0844328,35.134373],[129.0844443,35.1343552],[129.0844688,35.1343583],[129.0846174,35.1343775],[129.0847071,35.1343876],[129.0847351,35.1343907],[129.0848547,35.1344055],[129.0848655,35.1343843],[129.0848673,35.1343748],[129.0848695,35.1343749],[129.0849067,35.1343766],[129.0849214,35.1343776],[129.0849457,35.1344081],[129.0849437,35.1344108],[129.0849391,35.1344162],[129.0849392,35.1344163],[129.084988,35.1344526],[129.0849884,35.1344527],[129.0849988,35.1344404],[129.0850011,35.1344374],[129.0851549,35.1344838],[129.085207,35.1344912]]]},"properties":{"name":"대연3재개발정비구역","type":"재개발","admCode":"26290","mnum":"62600002629020230170UDT1000001003"}},{"type":"Feature","geometry":{"type":"Polygon","coordinates":[[[129.1128963,35.1195324],[129.112904,35.1196098],[129.1129131,35.1197008],[129.1129205,35.1197752],[129.1129264,35.1198346],[129.112935,35.1199213],[129.1129384,35.119956],[129.1129507,35.1200766],[129.1129654,35.1202257],[129.1129681,35.1202534],[129.1130082,35.1206573],[129.1130277,35.1208531],[129.1130361,35.1209377],[129.1130436,35.121013],[129.1130509,35.1210869],[129.1130597,35.1212249],[129.1130684,35.1213168],[129.1130771,35.1214097],[129.1130825,35.1214669],[129.1131114,35.1217739],[129.1131216,35.1218818],[129.1131242,35.1219098],[129.1131344,35.1220175],[129.1131366,35.1220407],[129.1131461,35.1221422],[129.1131588,35.1222772],[129.1132015,35.12231],[129.1133276,35.1223019],[129.1134847,35.1222918],[129.1135865,35.1222853],[129.1136197,35.1222831],[129.1137227,35.1222765],[129.1138655,35.1222673],[129.1138982,35.1222652],[129.1139207,35.1222638],[129.114051,35.1222554],[129.1143489,35.1222363],[129.1143736,35.1222666],[129.1144057,35.1223138],[129.1144242,35.1223411],[129.1144404,35.1223649],[129.1144492,35.1223778],[129.1144712,35.1224103],[129.1145666,35.1224565],[129.1145684,35.1224574],[129.1147284,35.1224623],[129.1150065,35.1224464],[129.1150102,35.1224363],[129.1151237,35.122299],[129.1151431,35.1222263],[129.1151982,35.1221754],[129.1153135,35.1220646],[129.1153061,35.1220037],[129.1154372,35.1219964],[129.1155672,35.1219893],[129.1155401,35.1218654],[129.1155186,35.1217673],[129.1154974,35.1216703],[129.1154811,35.1215987],[129.1153503,35.1215757],[129.1152434,35.1215579],[129.1152135,35.1215523],[129.1151685,35.1215443],[129.1151709,35.1214773],[129.1150618,35.1214756],[129.1150139,35.1214834],[129.1149543,35.1214755],[129.1149478,35.1214685],[129.1149459,35.1214583],[129.1149049,35.1214774],[129.1148929,35.121483],[129.1148667,35.1214951],[129.1148285,35.1215211],[129.1146615,35.1210056],[129.1146563,35.1209896],[129.1146477,35.1209629],[129.1146133,35.1208569],[129.1144919,35.1204827],[129.1144618,35.1203894],[129.1144379,35.1203156],[129.1144094,35.1202272],[129.1144046,35.1202124],[129.1143678,35.1200981],[129.1143186,35.1199455],[129.1143025,35.1198954],[129.1142685,35.1197898],[129.1142333,35.1196788],[129.1142065,35.1195962],[129.1141752,35.1194994],[129.1141358,35.1193778],[129.1141009,35.11927],[129.1140537,35.1192488],[129.1139367,35.1192743],[129.113802,35.1193037],[129.1137684,35.1193111],[129.1136368,35.1193398],[129.113496,35.1193705],[129.1134782,35.1193744],[129.1134628,35.1193777],[129.1133179,35.1194095],[129.1131547,35.1194452],[129.1130152,35.1194736],[129.1129267,35.1194933],[129.1128963,35.1195324]]]},"properties":{"name":"재개발구역","type":"재개발","admCode":"26290","mnum":"62600002629020080003UDT1000001001"}},{"type":"Feature","geometry":{"type":"Polygon","coordinates":[[[129.1066068,35.1375718],[129.1066357,35.1376064],[129.1068535,35.1376559],[129.1068945,35.1376372],[129.1066068,35.1375718]]]},"properties":{"name":"","type":"기타","admCode":"26290","mnum":"62600002629020210134UDT9990020266"}},{"type":"Feature","geometry":{"type":"Polygon","coordinates":[[[129.1157972,35.1181359],[129.115764,35.1180326],[129.1157583,35.1180149],[129.1157151,35.1178807],[129.1157093,35.1178623],[129.1156827,35.1177796],[129.1156738,35.117752],[129.1156427,35.1176553],[129.1156342,35.1176288],[129.1156035,35.1175332],[129.1155719,35.1174349],[129.1155629,35.1174069],[129.1155115,35.1172473],[129.1154958,35.1171986],[129.115454,35.1170673],[129.1154189,35.1169583],[129.1153696,35.116805],[129.1153265,35.1166713],[129.1152938,35.1165698],[129.1152851,35.1165427],[129.1152528,35.1164423],[129.1152164,35.1163293],[129.1151865,35.1162367],[129.1151781,35.1162104],[129.115148,35.1161171],[129.1151176,35.1160227],[129.1150872,35.1159284],[129.1150585,35.115839],[129.1150236,35.1158442],[129.1149298,35.115858],[129.1148113,35.1158746],[129.1147796,35.115879],[129.1146401,35.1158984],[129.1145285,35.115914],[129.1143621,35.1159379],[129.1142628,35.1159515],[129.1141332,35.1159692],[129.1141005,35.1159737],[129.1139909,35.1159887],[129.1138633,35.1160062],[129.1137191,35.1160258],[129.1136206,35.1160392],[129.113477,35.1160589],[129.113355,35.1160756],[129.113321,35.1160802],[129.1132107,35.1160954],[129.1131743,35.1160992],[129.1131796,35.1161327],[129.113206,35.1162147],[129.1132365,35.1163094],[129.1132451,35.1163363],[129.1132819,35.1164506],[129.1133135,35.1165487],[129.1133219,35.1165746],[129.1133535,35.1166728],[129.1133848,35.1167702],[129.1133935,35.1167971],[129.1134274,35.1169025],[129.1134598,35.1170032],[129.1134637,35.1170153],[129.1134684,35.1170299],[129.1134999,35.1171278],[129.1135056,35.1171449],[129.113535,35.1172386],[129.1135384,35.1172491],[129.1135721,35.1173527],[129.1136095,35.1174677],[129.1136507,35.1175964],[129.113677,35.1176782],[129.1137104,35.1177822],[129.1137165,35.1178012],[129.1137488,35.117901],[129.113755,35.1179203],[129.1137878,35.1180215],[129.1138299,35.1181515],[129.1138646,35.1182585],[129.1139082,35.1183934],[129.1139399,35.1184916],[129.1139489,35.1185196],[129.1139719,35.1185906],[129.1140116,35.1187135],[129.1140516,35.1188372],[129.1140905,35.1189576],[129.1141218,35.1190513],[129.1141325,35.1190831],[129.1141795,35.1191076],[129.1142942,35.1190825],[129.1144388,35.119051],[129.114575,35.1190213],[129.1146736,35.1189998],[129.1148168,35.1189686],[129.1150458,35.1189183],[129.1152952,35.1188635],[129.11546,35.1188285],[129.1155605,35.1188063],[129.1155824,35.1188014],[129.1157087,35.1187736],[129.1157938,35.1187548],[129.1158213,35.1187487],[129.1158567,35.1187409],[129.1159438,35.1187224],[129.1159729,35.1186837],[129.1159376,35.1185731],[129.1159013,35.1184601],[129.1158955,35.1184419],[129.1158701,35.118363],[129.1158448,35.1182843],[129.1158363,35.1182579],[129.1158206,35.1182088],[129.1158029,35.1181538],[129.1157972,35.1181359]]]},"properties":{"name":"","type":"기타","admCode":"26290","mnum":"62600002629020240408UDT1000001001"}},{"type":"Feature","geometry":{"type":"Polygon","coordinates":[[[129.0753015,35.1381511],[129.0752593,35.1381346],[129.0752557,35.1381321],[129.0752004,35.138091],[129.075173,35.1380698],[129.0751642,35.1380638],[129.0751584,35.1380592],[129.0750687,35.1379918],[129.0750266,35.1379602],[129.0750304,35.1379508],[129.0749233,35.1379079],[129.0748951,35.1378949],[129.0748156,35.137865],[129.0748044,35.1378608],[129.0747787,35.1378511],[129.0747288,35.1378318],[129.074651,35.1378068],[129.0746343,35.1378018],[129.0746237,35.1377986],[129.0745936,35.1377864],[129.0744103,35.1376982],[129.0742219,35.1376114],[129.0739015,35.1374678],[129.0738489,35.1374451],[129.0738243,35.1374366],[129.0736894,35.1373902],[129.0736467,35.1373552],[129.0736047,35.1373258],[129.0735341,35.1373155],[129.0734776,35.1372988],[129.0734231,35.1372987],[129.0732527,35.1372277],[129.0731571,35.1372008],[129.0730814,35.1371892],[129.0730435,35.137178],[129.072956,35.1371502],[129.0728377,35.137112],[129.0727898,35.1371244],[129.072759,35.1371324],[129.0725912,35.1371005],[129.0724142,35.1370946],[129.0724023,35.1370946],[129.0724022,35.13711],[129.0724024,35.1371753],[129.0724009,35.1372858],[129.0723997,35.1373101],[129.0723989,35.1373622],[129.0723807,35.1379024],[129.072377,35.1380077],[129.0723736,35.1381288],[129.072371,35.1382084],[129.0723691,35.1382927],[129.0723649,35.1384577],[129.0723621,35.1385389],[129.0723613,35.1385741],[129.0723549,35.1387345],[129.0723514,35.1388528],[129.0723494,35.1389348],[129.0723474,35.139017],[129.0723438,35.1391793],[129.0723412,35.1392648],[129.0723396,35.1393465],[129.0723369,35.1394426],[129.0723361,35.1394702],[129.0724063,35.139519],[129.0725131,35.139523],[129.0726284,35.1395241],[129.072794,35.1395273],[129.072934,35.1395284],[129.0729707,35.1395286],[129.0730724,35.1395292],[129.0731512,35.1395301],[129.0731996,35.1395322],[129.0731955,35.1395436],[129.0731974,35.1395895],[129.073198,35.1396051],[129.0732022,35.139668],[129.0732662,35.1396816],[129.0732075,35.1397299],[129.0731942,35.1397896],[129.0733357,35.1398088],[129.0734174,35.1398189],[129.0734699,35.1398267],[129.0734725,35.1398269],[129.0734957,35.1398289],[129.0735051,35.139729],[129.0735139,35.1396361],[129.0735194,35.1395283],[129.0735211,35.1394955],[129.0735425,35.139317],[129.0735484,35.1392612],[129.0735582,35.1391599],[129.0735599,35.1391425],[129.0735728,35.139009],[129.0735833,35.1389743],[129.0735862,35.1389412],[129.0735903,35.1388929],[129.0735981,35.1388015],[129.0736027,35.1387466],[129.0736125,35.1386324],[129.0736145,35.1386082],[129.0736149,35.1386039],[129.0736203,35.1385795],[129.0736263,35.1385527],[129.0736306,35.1385052],[129.0736314,35.138494],[129.0736322,35.1384833],[129.0737182,35.1384883],[129.0737092,35.1385928],[129.0737017,35.1386796],[129.0736994,35.1387061],[129.0736964,35.1387406],[129.0736856,35.1388614],[129.0736818,35.1389043],[129.0736781,35.1389411],[129.0736528,35.1390985],[129.0736518,35.1391073],[129.0736492,35.1391291],[129.0736474,35.1391538],[129.0736438,35.1391908],[129.0736315,35.1393054],[129.0736195,35.1394187],[129.0736097,35.1395112],[129.0736085,35.1395343],[129.0736074,35.139555],[129.0736038,35.1396249],[129.0736039,35.1396376],[129.0736059,35.1396547],[129.0736166,35.1397234],[129.0736194,35.1397216],[129.0737484,35.1397367],[129.073884,35.1397525],[129.0739141,35.139756],[129.07402,35.1397684],[129.074121,35.1397801],[129.0741367,35.1397249],[129.0741558,35.1396491],[129.07416,35.1396322],[129.0742834,35.1395973],[129.0743573,35.1397048],[129.0744018,35.1396729],[129.0744275,35.1396554],[129.0745571,35.1396578],[129.0745603,35.1396579],[129.0746247,35.1396552],[129.0747417,35.1395899],[129.0749071,35.1395016],[129.0749333,35.1394936],[129.0756431,35.1392694],[129.075726,35.1393196],[129.0757308,35.1393225],[129.0757674,35.1393447],[129.0758435,35.1392886],[129.0765701,35.139143],[129.0772777,35.1391754],[129.0774611,35.1390363],[129.0774635,35.1389987],[129.0774643,35.1389861],[129.0774765,35.1387917],[129.0774876,35.1386163],[129.0774879,35.1386039],[129.0774931,35.1384103],[129.0774935,35.138404],[129.0774966,35.138354],[129.077499,35.1383422],[129.077504,35.1383177],[129.0774924,35.138306],[129.0774528,35.1383234],[129.0774445,35.138327],[129.0774425,35.1383278],[129.0774342,35.1383315],[129.077318,35.1383826],[129.0773128,35.1383849],[129.0772018,35.1384313],[129.077164,35.138418],[129.0771037,35.1385327],[129.0770335,35.1386009],[129.0769937,35.138603],[129.0767789,35.1385358],[129.0766758,35.1385035],[129.0766541,35.1384967],[129.0762744,35.1383779],[129.0760923,35.138321],[129.0758648,35.1382498],[129.0758319,35.1382664],[129.0757908,35.1382611],[129.0757416,35.1382539],[129.0757086,35.1382518],[129.075702,35.1382488],[129.0756883,35.1382459],[129.075511,35.1381734],[129.0754973,35.1381842],[129.0754671,35.1382058],[129.0753923,35.1381817],[129.0753445,35.1381646],[129.0753015,35.1381511]]]},"properties":{"name":"문현6 재개발사업 정비구역","type":"재개발","admCode":"26290","mnum":"62600002629020240391UDT1000001001"}},{"type":"Feature","geometry":{"type":"Polygon","coordinates":[[[129.0987251,35.1411153],[129.0988021,35.1412648],[129.0988551,35.1413082],[129.0988419,35.1413599],[129.0988299,35.1413821],[129.0988387,35.141381],[129.098851,35.1414509],[129.0988664,35.1415457],[129.0989483,35.1415879],[129.0990283,35.1416364],[129.0991052,35.1416791],[129.0991147,35.1416877],[129.0991694,35.1417318],[129.0992154,35.1417481],[129.0993265,35.1417919],[129.0993441,35.1417945],[129.0993358,35.1418069],[129.0993515,35.1418162],[129.0993216,35.1418494],[129.0993859,35.1418897],[129.0993938,35.1418947],[129.0994376,35.1419221],[129.0994554,35.1419332],[129.0994592,35.1419356],[129.099694,35.1417572],[129.099791,35.1416717],[129.0998579,35.1416019],[129.0999465,35.1414775],[129.0999982,35.1414048],[129.1001831,35.141084],[129.1002864,35.1409051],[129.100348,35.1408118],[129.100378,35.1407662],[129.1004515,35.1406549],[129.1005906,35.1404166],[129.1006863,35.1402527],[129.1007338,35.1401713],[129.1007461,35.1401494],[129.1008347,35.1399923],[129.1010052,35.1396975],[129.1010492,35.1396063],[129.1010553,35.139597],[129.1010594,35.1395908],[129.1010792,35.1395268],[129.1011465,35.139273],[129.101136,35.1392734],[129.1011029,35.1392746],[129.1010652,35.1394041],[129.1010576,35.1394304],[129.1010075,35.1395002],[129.1009482,35.1395108],[129.1009098,35.1395215],[129.1008461,35.1395406],[129.1007907,35.1395577],[129.1007799,35.1395441],[129.100771,35.1395317],[129.1007455,35.1395099],[129.1007746,35.1394322],[129.1005639,35.139506],[129.1003653,35.1395648],[129.1003581,35.1395658],[129.1002464,35.1395811],[129.1002111,35.1395864],[129.1001195,35.1395773],[129.0998843,35.1395535],[129.0998847,35.1396209],[129.0998809,35.1396437],[129.099868,35.1396467],[129.0997901,35.1396646],[129.0998289,35.1397001],[129.0998913,35.1397562],[129.0999198,35.1397818],[129.0999405,35.1398013],[129.0999405,35.1398181],[129.0997648,35.1398173],[129.0997563,35.1398172],[129.09973,35.139817],[129.0997028,35.1398168],[129.0996512,35.1398164],[129.0996447,35.1398163],[129.0995668,35.1398343],[129.0994333,35.1398661],[129.0993726,35.1398805],[129.0992317,35.139914],[129.0991162,35.1399455],[129.0990868,35.1400021],[129.0990355,35.1401061],[129.0990489,35.1402368],[129.0990543,35.1403026],[129.0990583,35.1403432],[129.0990679,35.1403796],[129.099115,35.1404899],[129.0989411,35.140462],[129.098905,35.1406968],[129.0988888,35.1408137],[129.0988602,35.1409949],[129.0987794,35.1409836],[129.0987484,35.1410575],[129.0987251,35.1411153]]]},"properties":{"name":"","type":"기타","admCode":"26290","mnum":"62600002629020070157UDT1000001001"}},{"type":"Feature","geometry":{"type":"MultiPolygon","coordinates":[[[[129.0775069,35.1380095],[129.0775141,35.1380787],[129.0775581,35.1381214],[129.0776345,35.1381342],[129.0776431,35.1381357],[129.0776947,35.1381292],[129.0777404,35.1380957],[129.0777778,35.1380547],[129.0778961,35.1379646],[129.0779198,35.1379456],[129.0779593,35.1379167],[129.0780017,35.137896],[129.0780088,35.1378926],[129.0780569,35.1378843],[129.0780776,35.1378786],[129.0781719,35.1378693],[129.0782091,35.1378683],[129.0782679,35.1378703],[129.0783034,35.1378722],[129.0783605,35.1378787],[129.0784945,35.1379179],[129.0785033,35.1379204],[129.0785231,35.1379301],[129.0786146,35.1379751],[129.0787011,35.1380179],[129.0787385,35.138036],[129.0788337,35.1380827],[129.0789287,35.1381291],[129.0789617,35.1381454],[129.0790511,35.1381891],[129.0791208,35.1382231],[129.0792636,35.138298],[129.0793449,35.1383396],[129.0794144,35.1383751],[129.0794658,35.1383943],[129.0794847,35.1384013],[129.0795073,35.1384083],[129.0795742,35.1384291],[129.0796613,35.1384498],[129.0796763,35.1384533],[129.0797658,35.1384657],[129.0799405,35.1384652],[129.0800607,35.1384583],[129.0801873,35.1384527],[129.0801945,35.1384525],[129.0803275,35.1384458],[129.0804625,35.138439],[129.0805302,35.1384357],[129.0805953,35.1384326],[129.0807219,35.1384266],[129.0808568,35.1384202],[129.0809923,35.1384135],[129.0811272,35.1384069],[129.0812666,35.1383999],[129.0813711,35.1383949],[129.0815728,35.1383697],[129.0817113,35.138331],[129.081873,35.1382859],[129.0820308,35.1382417],[129.0820345,35.1382409],[129.0820595,35.1382355],[129.0821764,35.1382295],[129.0822319,35.1382146],[129.0822424,35.138212],[129.0823319,35.1381636],[129.0823981,35.1381263],[129.0824673,35.1380872],[129.0824719,35.1380762],[129.0824928,35.1380646],[129.0825007,35.1380462],[129.0825208,35.1379968],[129.0825619,35.1379024],[129.0825739,35.1378749],[129.0825934,35.1378243],[129.0826273,35.137788],[129.0826817,35.1377296],[129.0827072,35.1377022],[129.08279,35.1376839],[129.0828059,35.1376804],[129.0828058,35.1376805],[129.0827784,35.1377169],[129.0827842,35.1377157],[129.0828679,35.1376994],[129.0829298,35.1377059],[129.0829628,35.1377094],[129.083016,35.1377382],[129.0830647,35.1377527],[129.0830866,35.1377579],[129.0831305,35.1377959],[129.0831366,35.1377962],[129.0831772,35.1377985],[129.0831848,35.1377942],[129.0832016,35.1378114],[129.0832035,35.1378395],[129.0832141,35.1378015],[129.0832406,35.137765],[129.0832491,35.1377572],[129.0832529,35.1377403],[129.0832749,35.1377416],[129.0832985,35.137743],[129.0833735,35.1377416],[129.0835842,35.1377387],[129.0836946,35.1377419],[129.0837192,35.1377426],[129.0838989,35.1377437],[129.083939,35.1377438],[129.0840009,35.1377381],[129.0840974,35.1377197],[129.0843263,35.1376918],[129.0844947,35.1376705],[129.0845504,35.13766],[129.0846243,35.1376269],[129.0846714,35.1376432],[129.0846668,35.137599],[129.0846618,35.1375634],[129.0846575,35.1375224],[129.0846837,35.1374743],[129.0846934,35.1374564],[129.0847332,35.1374025],[129.0847565,35.1373779],[129.0847647,35.1373703],[129.0847943,35.1373485],[129.0847964,35.1373469],[129.0848096,35.1373367],[129.0848609,35.1373025],[129.0849017,35.1372819],[129.0848538,35.1372278],[129.084819,35.1371913],[129.0847718,35.1371383],[129.084711,35.1370711],[129.0846712,35.1370243],[129.0847422,35.1369813],[129.0847043,35.1369178],[129.0846752,35.1368825],[129.0846837,35.1368751],[129.0846304,35.1368698],[129.0845073,35.1368618],[129.0844428,35.1368572],[129.0843188,35.1368484],[129.0842004,35.1368404],[129.0841599,35.1368379],[129.0840827,35.1368323],[129.0840189,35.1368276],[129.0839314,35.1368211],[129.0838446,35.1368144],[129.0838078,35.1368105],[129.0838047,35.1368102],[129.0837883,35.1368092],[129.0837518,35.1368067],[129.0836884,35.1368016],[129.0836877,35.1367893],[129.0836227,35.1367794],[129.0835936,35.1367755],[129.0835936,35.1367667],[129.0835198,35.1367563],[129.0835182,35.1367561],[129.0835252,35.1367214],[129.0835325,35.1366853],[129.0835398,35.1366493],[129.0835414,35.1366409],[129.0835432,35.1366325],[129.0835511,35.1365939],[129.0835588,35.1365554],[129.083567,35.1365291],[129.0835784,35.1364916],[129.0835882,35.1364547],[129.0836092,35.1363248],[129.0836809,35.1358943],[129.0837027,35.1357587],[129.0837169,35.1356613],[129.0837373,35.1355368],[129.0837388,35.1355282],[129.0837658,35.1354314],[129.0837758,35.1353929],[129.0837611,35.1353002],[129.0837534,35.135251],[129.0837498,35.1352287],[129.0837028,35.1352436],[129.0836565,35.1352186],[129.0835841,35.1351796],[129.0835395,35.1351556],[129.0834159,35.1350892],[129.0833265,35.1350408],[129.0832011,35.134973],[129.0830752,35.1349051],[129.0829257,35.1348243],[129.0828265,35.1347707],[129.0827513,35.1347692],[129.0827176,35.1347685],[129.0825538,35.1347653],[129.0822865,35.1347469],[129.0822249,35.1347426],[129.0821139,35.1347392],[129.0820446,35.1347371],[129.0818626,35.1347316],[129.0817968,35.1347295],[129.0817517,35.1347243],[129.0817412,35.1347232],[129.0816557,35.1347085],[129.0816187,35.1347023],[129.0816012,35.134699],[129.0815266,35.134685],[129.0814677,35.1346724],[129.0814532,35.1346694],[129.0814092,35.1346585],[129.0813954,35.1346552],[129.0812722,35.1346249],[129.0812448,35.1346181],[129.0812408,35.1346171],[129.0811446,35.1345874],[129.0810801,35.1345674],[129.0806997,35.1344159],[129.0805905,35.1343681],[129.0804919,35.1343251],[129.0804465,35.1343054],[129.0803562,35.1342768],[129.0801584,35.1342064],[129.0801363,35.1342274],[129.080136,35.1342277],[129.0801263,35.134238],[129.0800899,35.1342727],[129.0799893,35.1343711],[129.0799349,35.1344218],[129.0798377,35.1345114],[129.0799029,35.1345681],[129.0799852,35.1346396],[129.0800822,35.134724],[129.0801015,35.1347147],[129.0801132,35.1347411],[129.0799437,35.134789],[129.0799804,35.1348749],[129.0800163,35.1349596],[129.0797817,35.1349499],[129.0797373,35.1350963],[129.0797326,35.1350987],[129.0796432,35.1351304],[129.0796338,35.1351356],[129.0796038,35.1351435],[129.0795935,35.1351452],[129.0795846,35.1351371],[129.0795607,35.1351142],[129.0795332,35.1350915],[129.0795101,35.1350767],[129.0794753,35.1350557],[129.0794441,35.1350379],[129.0794209,35.1350258],[129.079387,35.1350094],[129.0793597,35.1349995],[129.0793202,35.1349875],[129.0793121,35.1349857],[129.0792536,35.1350455],[129.0792509,35.1350483],[129.0792099,35.1350985],[129.0792265,35.1351152],[129.0792303,35.1351191],[129.0792329,35.1351218],[129.0793003,35.1352181],[129.0793549,35.1352909],[129.0793852,35.1353367],[129.0794362,35.1354661],[129.0796303,35.1361291],[129.0796429,35.136191],[129.0796525,35.1361889],[129.0796564,35.136211],[129.0796634,35.1362968],[129.0796666,35.136337],[129.079668,35.1363961],[129.0796678,35.1364064],[129.0796662,35.1364933],[129.0796651,35.1365556],[129.0796667,35.1365832],[129.0796683,35.136674],[129.0796685,35.1367909],[129.0796701,35.1368905],[129.0796723,35.1370099],[129.0796711,35.1370802],[129.0796651,35.137124],[129.0796586,35.137149],[129.0796476,35.1371739],[129.0796351,35.1371934],[129.0796195,35.1372182],[129.0796038,35.1372388],[129.079602,35.1372412],[129.0795808,35.1372674],[129.0795661,35.1372851],[129.0795517,35.1373],[129.0795475,35.1373043],[129.0795415,35.1373089],[129.0795289,35.1373184],[129.0794882,35.1373508],[129.0794432,35.1373785],[129.0793965,35.1374068],[129.0793799,35.1374156],[129.0793352,35.1374394],[129.0792832,35.1374689],[129.0791783,35.137508],[129.0790612,35.1375299],[129.078974,35.1375368],[129.078922,35.1375409],[129.0788825,35.1375392],[129.0788275,35.1375394],[129.078796,35.1375374],[129.0787707,35.1375359],[129.0787056,35.1375261],[129.078678,35.1375203],[129.0786465,35.1375136],[129.0786068,35.1375047],[129.0785734,35.1374964],[129.0785488,35.137489],[129.0785202,35.1374804],[129.078483,35.137472],[129.0784627,35.1374686],[129.0784481,35.1374664],[129.0784468,35.1374663],[129.0784252,35.1374645],[129.0784158,35.1374636],[129.0784047,35.1374626],[129.0784043,35.1374626],[129.0784,35.1374621],[129.0783974,35.1374623],[129.0783822,35.1374619],[129.0783565,35.1374639],[129.0783333,35.1374674],[129.0783062,35.1374697],[129.0782886,35.1374731],[129.0782676,35.1374785],[129.0782493,35.1374843],[129.078229,35.1374915],[129.078212,35.1374989],[129.0781664,35.1375283],[129.078015,35.1376314],[129.0779676,35.1376637],[129.0778603,35.1377367],[129.0778578,35.1377386],[129.0777685,35.137808],[129.0776256,35.1379199],[129.0775506,35.1379763],[129.0775069,35.1380095]]],[[[129.0846007,35.1376262],[129.0846007,35.1376262],[129.0846007,35.1376262],[129.0846007,35.1376262]]]]},"properties":{"name":"대연2주택재개발 정비구역","type":"재개발","admCode":"26290","mnum":"33100002629020220104UDT1000001001"}},{"type":"Feature","geometry":{"type":"Polygon","coordinates":[[[129.0682377,35.1279025],[129.0682485,35.1280135],[129.0682978,35.1283794],[129.0683176,35.1283827],[129.0683451,35.1283872],[129.0683682,35.1283911],[129.0684017,35.1283966],[129.0684637,35.128398],[129.068485,35.1283985],[129.0685854,35.1284008],[129.068716,35.1283846],[129.0688244,35.1283711],[129.06883,35.1283707],[129.0688355,35.1283702],[129.0688383,35.1283751],[129.0688617,35.1284158],[129.068885,35.1284565],[129.0689102,35.1285005],[129.0689354,35.1285444],[129.06898,35.1286236],[129.0692147,35.1290389],[129.0692484,35.1290984],[129.0693524,35.1292825],[129.0693604,35.1292967],[129.0693802,35.1293316],[129.0693901,35.1294421],[129.0693952,35.129497],[129.0694086,35.129665],[129.0694141,35.1297739],[129.0694195,35.1299224],[129.0694148,35.129961],[129.0694001,35.1300127],[129.0693941,35.1300339],[129.0693728,35.1301006],[129.0693595,35.1301421],[129.0693259,35.130224],[129.069314,35.1302528],[129.0692836,35.1303151],[129.0692743,35.1303333],[129.0692461,35.1303882],[129.0692344,35.130414],[129.069198,35.130494],[129.0691742,35.1305464],[129.0691542,35.1305883],[129.0691487,35.1306044],[129.0691464,35.1306144],[129.0691296,35.1306565],[129.0691213,35.130687],[129.0691171,35.1307021],[129.0691299,35.1307231],[129.0691498,35.1307556],[129.0691735,35.1307958],[129.0691791,35.1308016],[129.0692027,35.1308238],[129.0692476,35.1308614],[129.0692582,35.1308658],[129.0692883,35.1308814],[129.0693238,35.1308957],[129.0693616,35.1309025],[129.0694105,35.1309024],[129.0694417,35.1308999],[129.0695282,35.1308849],[129.0696272,35.1308687],[129.0697039,35.1308562],[129.0697162,35.1308541],[129.0698348,35.130837],[129.0699016,35.130827],[129.0699094,35.1308266],[129.0700083,35.1308217],[129.070426,35.1308445],[129.0704461,35.1308441],[129.070659,35.1308413],[129.0707325,35.1306763],[129.0708842,35.130294],[129.0709849,35.1300905],[129.070999,35.1300813],[129.0710269,35.1300542],[129.071076,35.1300098],[129.0711443,35.1299356],[129.0711643,35.1299148],[129.0711898,35.1298548],[129.0711929,35.1298412],[129.0712095,35.1297819],[129.0712211,35.1297237],[129.0712321,35.1296177],[129.0712346,35.1295959],[129.0712212,35.1295502],[129.0712199,35.1295392],[129.0712221,35.1295282],[129.0712664,35.1295399],[129.0716168,35.1296608],[129.0716743,35.1296803],[129.0717217,35.1296965],[129.071942,35.1297184],[129.0719405,35.1297132],[129.0718974,35.1296605],[129.0719064,35.129574],[129.0718896,35.1295175],[129.0718693,35.1294225],[129.0719217,35.1294089],[129.0719105,35.1293045],[129.0719359,35.1293048],[129.0719518,35.1291691],[129.0719688,35.128939],[129.0719762,35.1288632],[129.0720134,35.1285368],[129.0720285,35.1283831],[129.0720325,35.1283424],[129.0720385,35.1282825],[129.0720444,35.1282226],[129.0720504,35.1281615],[129.072052,35.1281453],[129.0720388,35.1278316],[129.0720308,35.1277554],[129.0720067,35.1275192],[129.0719479,35.12702],[129.0719356,35.1268585],[129.0719566,35.1266668],[129.0719577,35.1266594],[129.0719588,35.126652],[129.0719606,35.1266396],[129.0719624,35.1266272],[129.071963,35.1266234],[129.0719636,35.1266195],[129.0719678,35.1265943],[129.0719721,35.1265691],[129.0719695,35.1265702],[129.0719575,35.1265755],[129.0719475,35.1265798],[129.0719194,35.126592],[129.0719024,35.1266021],[129.0718378,35.1266553],[129.0718281,35.1266644],[129.0718117,35.1266797],[129.0717849,35.1266832],[129.071744,35.1266609],[129.0717062,35.1266403],[129.0716743,35.1266451],[129.0716426,35.12665],[129.0715938,35.1266449],[129.0715494,35.1266559],[129.0714911,35.1266702],[129.0714344,35.1266742],[129.0714332,35.1266913],[129.0713407,35.1266938],[129.0713156,35.1266931],[129.0713073,35.1266922],[129.0713016,35.1266895],[129.07128,35.1266719],[129.0712122,35.1266769],[129.0711949,35.1266773],[129.0711945,35.1266774],[129.0711717,35.1266936],[129.0711642,35.1266827],[129.0711514,35.1266829],[129.0710573,35.1267012],[129.0710129,35.1266983],[129.0710142,35.1267459],[129.071015,35.1267762],[129.0710161,35.1268072],[129.0710274,35.1268988],[129.0710288,35.126917],[129.0710303,35.1269352],[129.0710316,35.1269522],[129.0710329,35.1269692],[129.071035,35.1269956],[129.071037,35.1270221],[129.0710394,35.1270491],[129.0710417,35.1270762],[129.0710389,35.1270793],[129.0709763,35.1270858],[129.0709575,35.127074],[129.0709495,35.1270715],[129.0709414,35.1270689],[129.0709353,35.1270686],[129.0709291,35.1270683],[129.0709281,35.1270682],[129.0709271,35.1270681],[129.0709229,35.1270679],[129.0709187,35.1270676],[129.0709101,35.1270727],[129.0709015,35.1270778],[129.0708938,35.1270899],[129.070886,35.127102],[129.0708638,35.1271019],[129.0708415,35.1271018],[129.0708405,35.1271018],[129.0708395,35.1271017],[129.0708075,35.1271015],[129.0707756,35.1271012],[129.0707746,35.1271012],[129.0707736,35.1271012],[129.070762,35.1271011],[129.0707503,35.127101],[129.0707493,35.127101],[129.0707483,35.127101],[129.0707249,35.1271006],[129.0707016,35.1271003],[129.0707006,35.1271003],[129.0706996,35.1271003],[129.0706905,35.1271002],[129.0706814,35.1271],[129.0706804,35.1271],[129.0706793,35.1271],[129.0706592,35.1270997],[129.0706391,35.1270994],[129.0706387,35.1271035],[129.0706265,35.1271034],[129.0706245,35.1271034],[129.0705671,35.1271034],[129.0705478,35.1271035],[129.0705077,35.1271035],[129.0704679,35.1271035],[129.0704658,35.1271035],[129.0704436,35.1271035],[129.0704414,35.1271035],[129.0704014,35.1271036],[129.0704001,35.1271129],[129.0703847,35.1271128],[129.0703826,35.1271128],[129.0703284,35.1271124],[129.0703264,35.1271124],[129.0703263,35.1271124],[129.0702754,35.1271128],[129.0702734,35.1271128],[129.0702701,35.1271128],[129.0702497,35.127113],[129.0702173,35.127113],[129.0702153,35.127113],[129.0701981,35.1271129],[129.070181,35.1271129],[129.0701807,35.1271212],[129.0701803,35.1271296],[129.0701977,35.1271445],[129.0702151,35.1271593],[129.0702181,35.1271618],[129.070221,35.1271642],[129.0702277,35.1271699],[129.0702282,35.1271704],[129.0702354,35.1271766],[129.0702113,35.1271765],[129.0701872,35.1271765],[129.0701657,35.1271769],[129.0701443,35.1271773],[129.0700795,35.1271786],[129.0700147,35.1271798],[129.0700176,35.127177],[129.0700206,35.1271742],[129.0700347,35.1271623],[129.0700489,35.1271505],[129.0700402,35.1271505],[129.0700315,35.1271505],[129.0700105,35.1271505],[129.0699894,35.1271505],[129.0699688,35.1271504],[129.0699483,35.1271504],[129.0699287,35.1271505],[129.0699091,35.1271506],[129.0698896,35.1271507],[129.0698701,35.1271507],[129.0698548,35.1271508],[129.0698395,35.1271508],[129.0698349,35.1271509],[129.0698302,35.1271509],[129.0698288,35.1271509],[129.0698274,35.1271509],[129.069791,35.12715],[129.0697547,35.1271492],[129.0697323,35.1271486],[129.06971,35.1271481],[129.0696701,35.1271473],[129.0696303,35.1271465],[129.06961,35.1271461],[129.0695897,35.1271456],[129.0695796,35.1271455],[129.0695694,35.1271453],[129.0695605,35.1271451],[129.0695515,35.1271449],[129.0695541,35.1271501],[129.0695567,35.1271552],[129.0695566,35.1271566],[129.0695564,35.1271607],[129.0694792,35.1271426],[129.0694765,35.1271529],[129.0694764,35.1271536],[129.0694567,35.1271541],[129.0694371,35.1271546],[129.069419,35.127158],[129.0694008,35.1271613],[129.0693876,35.1271605],[129.0693745,35.1271596],[129.0693677,35.1271624],[129.0693609,35.1271652],[129.069394,35.1271761],[129.069427,35.127187],[129.0694221,35.1271984],[129.0694165,35.1272113],[129.0694011,35.1272099],[129.0693858,35.1272085],[129.0694123,35.1272713],[129.0694387,35.1273339],[129.0694508,35.1273511],[129.0694975,35.1274175],[129.0696961,35.1275715],[129.0697782,35.12763],[129.0697745,35.1276392],[129.0697668,35.1276585],[129.0697606,35.1276676],[129.069717,35.127697],[129.0697112,35.127704],[129.0696526,35.1276589],[129.069519,35.127556],[129.0694654,35.1275138],[129.0694493,35.1275056],[129.069416,35.1275172],[129.069406,35.1275173],[129.0693813,35.1275872],[129.0692773,35.1275674],[129.0692179,35.1275629],[129.0691957,35.1275744],[129.069184,35.1276828],[129.0691666,35.1276756],[129.0691784,35.1277108],[129.0691428,35.1277138],[129.0691042,35.1277212],[129.0691138,35.1277344],[129.0689893,35.1277685],[129.068961,35.1277559],[129.0689474,35.127752],[129.0687777,35.127708],[129.0687591,35.1277189],[129.06873,35.1277193],[129.0687289,35.1277345],[129.0686851,35.1277368],[129.0686601,35.1277228],[129.0686313,35.127661],[129.0686019,35.1276478],[129.0684883,35.1275969],[129.0683973,35.1275564],[129.0684716,35.1276946],[129.068398,35.1277667],[129.0682875,35.1278262],[129.0682377,35.1279025]]]},"properties":{"name":"우암1 재개발 정비구역","type":"재개발","admCode":"26290","mnum":"62600002629020230307UDT1000001001"}},{"type":"Feature","geometry":{"type":"Polygon","coordinates":[[[129.1120501,35.109923],[129.1119997,35.1099441],[129.1119863,35.1099825],[129.1119841,35.109989],[129.1119611,35.1100557],[129.1119354,35.1101269],[129.1119095,35.1101986],[129.1118839,35.1102694],[129.1118581,35.110341],[129.1118323,35.1104125],[129.1118067,35.1104835],[129.1117809,35.1105551],[129.1117548,35.1106273],[129.1117293,35.1106979],[129.1117029,35.1107707],[129.1116776,35.1108406],[129.1116523,35.1109106],[129.1116007,35.1110529],[129.1115748,35.1111245],[129.111549,35.1111959],[129.1115226,35.1112686],[129.1114974,35.1113384],[129.1114711,35.1114109],[129.111446,35.1114804],[129.1114347,35.1115115],[129.1114135,35.1116515],[129.1114136,35.1116907],[129.111414,35.1117652],[129.1114143,35.111841],[129.1114156,35.1119132],[129.1114161,35.1119856],[129.1114165,35.1120603],[129.1114169,35.1121352],[129.1114174,35.1122094],[129.1114178,35.1122838],[129.1114183,35.1123574],[129.1114187,35.112429],[129.1114192,35.1125065],[129.1114196,35.1125777],[129.1114201,35.1126521],[129.1114205,35.1127266],[129.111421,35.1127995],[129.1114214,35.1128756],[129.1114219,35.1129509],[129.1114222,35.113003],[129.1114618,35.1130328],[129.1115948,35.1130322],[129.1117356,35.1130315],[129.1118992,35.1130302],[129.1120376,35.1130296],[129.1121746,35.113029],[129.1123394,35.1130293],[129.1124767,35.1130286],[129.1126134,35.1130279],[129.1127578,35.1130272],[129.1128934,35.1130271],[129.1130297,35.1130269],[129.1131946,35.1130236],[129.1133329,35.1130239],[129.1134649,35.1130243],[129.113611,35.1130233],[129.1137094,35.1130239],[129.1137478,35.1129905],[129.1137474,35.1129474],[129.1137468,35.1128746],[129.1137457,35.1127239],[129.1137452,35.1126497],[129.1137447,35.1125742],[129.1137442,35.1124996],[129.1137438,35.1124255],[129.1137433,35.1123516],[129.1137428,35.1122776],[129.1137424,35.1122029],[129.1137419,35.1121284],[129.1137414,35.1120534],[129.1137409,35.1119791],[129.1137405,35.1119145],[129.1137625,35.1117835],[129.1137973,35.1116872],[129.1138053,35.1116652],[129.1138564,35.1115243],[129.1139064,35.1113861],[129.1139191,35.1113512],[129.1139681,35.1112159],[129.1140183,35.1110774],[129.1140302,35.1110444],[129.1140807,35.1109051],[129.1141266,35.1107784],[129.1141407,35.1107394],[129.1142149,35.1105347],[129.1142317,35.1104884],[129.1142047,35.1104475],[129.1138764,35.110367],[129.1137688,35.1103406],[129.1137115,35.1103265],[129.1135551,35.1102887],[129.1134215,35.1102562],[129.1132917,35.1102247],[129.1131549,35.1101921],[129.1130191,35.1101591],[129.1128885,35.1101274],[129.1127323,35.1100893],[129.112601,35.1100576],[129.11247,35.1100261],[129.1123102,35.1099861],[129.1121803,35.1099546],[129.1120501,35.109923]]]},"properties":{"name":"주택재개발","type":"재개발","admCode":"26290","mnum":"62600002629020160093UDT1000001001"}},{"type":"Feature","geometry":{"type":"Polygon","coordinates":[[[129.105481,35.1372412],[129.1056527,35.1373825],[129.1060137,35.1374907],[129.1062513,35.1375643],[129.1064483,35.1358788],[129.1056967,35.1358097],[129.1055022,35.1370862],[129.105481,35.1372412]]]},"properties":{"name":"대연3 주택재건축정비사업","type":"재건축","admCode":"26290","mnum":"62600002629020170160UDT1000001001"}},{"type":"Feature","geometry":{"type":"Polygon","coordinates":[[[129.0719183,35.1468987],[129.0718202,35.1467619],[129.0718191,35.1467605],[129.071818,35.1467589],[129.0718169,35.1467574],[129.0718159,35.1467558],[129.0718148,35.1467542],[129.0718137,35.1467527],[129.0718126,35.1467511],[129.0718116,35.1467495],[129.0718105,35.1467479],[129.0718095,35.1467463],[129.0718085,35.1467447],[129.0718074,35.1467432],[129.0718067,35.146742],[129.0718059,35.1467408],[129.0718049,35.1467392],[129.0718039,35.1467375],[129.0718029,35.1467359],[129.071802,35.1467343],[129.071801,35.1467327],[129.0718,35.1467311],[129.0717991,35.1467295],[129.0717981,35.1467278],[129.0717972,35.1467262],[129.0717962,35.1467246],[129.0717953,35.146723],[129.0717944,35.1467213],[129.0717935,35.1467197],[129.0717926,35.146718],[129.0717917,35.1467164],[129.0717908,35.1467147],[129.0717899,35.1467131],[129.0717891,35.1467114],[129.0717882,35.1467098],[129.0717873,35.1467081],[129.0717865,35.1467064],[129.0717857,35.1467048],[129.0717848,35.1467031],[129.071784,35.1467014],[129.0717832,35.1466998],[129.0717824,35.1466981],[129.0717816,35.1466964],[129.0717808,35.1466947],[129.07178,35.146693],[129.0717794,35.1466917],[129.0717115,35.1465425],[129.0716131,35.1463177],[129.0716129,35.1463172],[129.0716125,35.1463164],[129.0716121,35.1463155],[129.0716118,35.1463149],[129.0716029,35.1463193],[129.0715321,35.1463548],[129.0715117,35.146365],[129.0715589,35.1464349],[129.0716021,35.146499],[129.0716628,35.1465881],[129.0717265,35.1466805],[129.0717782,35.1467584],[129.0718309,35.146838],[129.0718847,35.146928],[129.0719183,35.1468987]]]},"properties":{"name":"정비기반시설(도로)","type":"기반시설","admCode":"26290","mnum":"62600002629020240010UDT9990001001"}},{"type":"Feature","geometry":{"type":"Polygon","coordinates":[[[129.1133778,35.1131129],[129.1133561,35.1131311],[129.1134065,35.1131307],[129.1135187,35.11313],[129.1136309,35.1131295],[129.1137077,35.1131292],[129.1138144,35.1131292],[129.1138514,35.1131284],[129.1139854,35.1131279],[129.1141425,35.1131273],[129.1141976,35.1131271],[129.1142938,35.1131267],[129.1143539,35.1131265],[129.1145212,35.1131256],[129.1146075,35.1131252],[129.1147248,35.1131246],[129.1147821,35.1131243],[129.1148042,35.1131242],[129.1149178,35.1131236],[129.1150216,35.1131231],[129.1151662,35.1131225],[129.115673,35.1131207],[129.1156986,35.1131432],[129.115705,35.1138871],[129.1157267,35.1138689],[129.1157205,35.113136],[129.1156825,35.1131027],[129.1151661,35.1131045],[129.1150214,35.1131051],[129.1149176,35.1131056],[129.114804,35.1131061],[129.114782,35.1131062],[129.1147247,35.1131065],[129.1146073,35.1131071],[129.1145211,35.1131076],[129.1143538,35.1131084],[129.1142937,35.1131087],[129.1141975,35.1131091],[129.1141424,35.1131093],[129.1139853,35.1131099],[129.1138511,35.1131104],[129.1138141,35.1131112],[129.1137077,35.1131111],[129.1136308,35.1131115],[129.1135186,35.1131119],[129.1134063,35.1131127],[129.1133778,35.1131129]]]},"properties":{"name":"정비기반시설(도로)","type":"기반시설","admCode":"26290","mnum":"62600002629020240407UDT9990001001"}},{"type":"Feature","geometry":{"type":"Polygon","coordinates":[[[129.0800104,35.1187577],[129.0800602,35.1187412],[129.0800948,35.1187263],[129.0801642,35.118681],[129.0802615,35.1185902],[129.0802909,35.11854],[129.0803231,35.1184512],[129.0804141,35.118205],[129.0804752,35.1180346],[129.0804822,35.1180151],[129.080484,35.11801],[129.0805527,35.117819],[129.0806382,35.1178425],[129.080716,35.1178598],[129.0808284,35.1178877],[129.0813182,35.1180095],[129.0813889,35.1180221],[129.0814186,35.1180253],[129.0814567,35.1180296],[129.0815302,35.1180377],[129.0815999,35.1180407],[129.0816031,35.1180466],[129.0815929,35.1180619],[129.0816195,35.1180504],[129.0816177,35.1180408],[129.081694,35.1180392],[129.0816948,35.1180283],[129.0817416,35.1180325],[129.0819193,35.1180776],[129.0819227,35.1180819],[129.0819477,35.1180759],[129.0819845,35.118069],[129.0820132,35.1180011],[129.0821136,35.1180364],[129.0821939,35.1180895],[129.0822227,35.1180995],[129.082232,35.1181125],[129.0823415,35.1181483],[129.0823482,35.1181558],[129.0823507,35.1181608],[129.0823535,35.1181617],[129.0824544,35.1181932],[129.082445,35.1182212],[129.0824572,35.118194],[129.0825217,35.1180502],[129.0825681,35.1179386],[129.0825911,35.1178942],[129.08261,35.1178445],[129.0826413,35.1177734],[129.0826555,35.1177455],[129.0826545,35.117707],[129.0826609,35.1177202],[129.0826815,35.1177318],[129.0827789,35.1177865],[129.0828661,35.1178365],[129.0828793,35.117844],[129.0829134,35.1178638],[129.0829583,35.1178919],[129.0829744,35.117902],[129.0831049,35.1179031],[129.0831577,35.1179035],[129.0832263,35.1179039],[129.0832856,35.1179042],[129.0833207,35.1179235],[129.0833467,35.1179379],[129.0835583,35.1181164],[129.0835674,35.118124],[129.0836923,35.1182291],[129.0837045,35.1182393],[129.0837189,35.1182514],[129.0837818,35.1182504],[129.084432,35.1182399],[129.0846415,35.1181661],[129.0846588,35.1181657],[129.0848021,35.1181626],[129.0848192,35.1181622],[129.0849292,35.1181605],[129.0850559,35.1181586],[129.0851822,35.1181566],[129.08531,35.1181547],[129.0854342,35.1181528],[129.0855492,35.1181526],[129.0856646,35.1181525],[129.0859246,35.1181499],[129.086338,35.1181458],[129.0864325,35.1181449],[129.0864331,35.1181648],[129.0864344,35.1182027],[129.0867686,35.1183942],[129.0867896,35.1184062],[129.0868298,35.1184292],[129.0868992,35.1183946],[129.087086,35.1183148],[129.0871536,35.1182885],[129.0871996,35.1182387],[129.0872247,35.1181977],[129.0872806,35.1180829],[129.0876713,35.1173746],[129.0876591,35.1173392],[129.0876529,35.1173211],[129.0876958,35.1172554],[129.0877292,35.1172042],[129.0876397,35.1171638],[129.087636,35.1171621],[129.0873289,35.1171046],[129.0873854,35.1170753],[129.0873962,35.1170707],[129.0874284,35.1170571],[129.0876657,35.1169566],[129.0877636,35.1169146],[129.087787,35.1169047],[129.0878233,35.1168484],[129.0877742,35.1168217],[129.0878623,35.1167449],[129.0880703,35.116694],[129.0880312,35.1166549],[129.0880196,35.1166432],[129.0880833,35.1165486],[129.0881637,35.1165239],[129.0881695,35.1164382],[129.0881836,35.1162676],[129.0880666,35.1159054],[129.0880652,35.1159008],[129.0879375,35.115512],[129.0879392,35.1154351],[129.0879545,35.1153595],[129.0878562,35.1156228],[129.0878437,35.1156522],[129.087832,35.1157899],[129.0878201,35.1159306],[129.087413,35.1158374],[129.0868383,35.1157073],[129.0865673,35.1156834],[129.0861498,35.1159865],[129.0856786,35.1159553],[129.085615,35.1159511],[129.0855773,35.1159486],[129.0855126,35.1159443],[129.0854394,35.1159108],[129.0853644,35.115861],[129.0852284,35.1157846],[129.0851947,35.1156709],[129.0851311,35.1154377],[129.085174,35.1154114],[129.085316,35.1153236],[129.0853631,35.1152946],[129.0854367,35.115255],[129.08549,35.1152271],[129.0855124,35.1152219],[129.0855581,35.1152113],[129.0855569,35.1152316],[129.0856962,35.1151901],[129.0858084,35.1151588],[129.0858157,35.1151597],[129.0859468,35.1151287],[129.0859691,35.115112],[129.086196,35.1150435],[129.0863536,35.1149956],[129.0864626,35.1149947],[129.0866504,35.1149954],[129.0866795,35.1149247],[129.0867131,35.1148352],[129.0867008,35.1147779],[129.0866935,35.1147729],[129.0872087,35.1148559],[129.0872276,35.114839],[129.0872668,35.1148004],[129.0872881,35.1147734],[129.087338,35.1147065],[129.0873441,35.1146979],[129.0873721,35.1146212],[129.087369,35.1146107],[129.0873608,35.1146041],[129.0873453,35.1145986],[129.0873144,35.1145512],[129.0873405,35.1145034],[129.0873094,35.1144309],[129.0873036,35.1144132],[129.0872995,35.1143829],[129.087303,35.1143541],[129.0873095,35.1143397],[129.0873141,35.1143139],[129.0872681,35.1143285],[129.0872289,35.114305],[129.0871561,35.1142233],[129.0871348,35.1141993],[129.0870761,35.1141509],[129.0870403,35.1141216],[129.0870325,35.1141152],[129.0869836,35.1140924],[129.0869156,35.1140475],[129.0868589,35.11401],[129.0868226,35.1139552],[129.0868335,35.1139436],[129.0868239,35.1139195],[129.0867622,35.113906],[129.0867118,35.1138582],[129.0867773,35.1137736],[129.0868501,35.1136794],[129.0869134,35.1135986],[129.0869684,35.1135285],[129.0868262,35.1134714],[129.0866823,35.113466],[129.0865189,35.1134765],[129.0864849,35.1134625],[129.0864431,35.1134137],[129.086388,35.1133624],[129.0863245,35.1133071],[129.0862783,35.1132586],[129.0862623,35.1131787],[129.0862476,35.1131613],[129.0861855,35.113136],[129.086153,35.1131118],[129.0861114,35.1130809],[129.0860552,35.1130274],[129.0860212,35.1129908],[129.0860034,35.1129877],[129.0859621,35.1130111],[129.0858202,35.1130683],[129.085811,35.1130642],[129.0857991,35.113059],[129.0856997,35.113088],[129.0854595,35.11314],[129.0854221,35.1131242],[129.085372,35.1130974],[129.0853367,35.1130735],[129.0853364,35.1130249],[129.0853672,35.1129176],[129.0853879,35.1128741],[129.0853362,35.1127903],[129.0852781,35.1127709],[129.0852223,35.1127151],[129.0851937,35.1126939],[129.0851906,35.1126667],[129.0851317,35.1125665],[129.0851139,35.1125636],[129.085087,35.1124989],[129.0850541,35.11246],[129.0849897,35.1124077],[129.0849319,35.1124275],[129.0849529,35.112466],[129.0849208,35.1124892],[129.0848549,35.1125238],[129.0847167,35.1125853],[129.0845715,35.1126631],[129.0844815,35.1127165],[129.0844756,35.1127297],[129.0844578,35.1127056],[129.0844045,35.1126915],[129.0843432,35.1126792],[129.0842856,35.1126795],[129.0842521,35.1126575],[129.0841369,35.1125392],[129.084108,35.1125031],[129.0840674,35.112474],[129.0841175,35.1123297],[129.0840196,35.1123911],[129.0839837,35.1123837],[129.083941,35.112361],[129.0838546,35.1123148],[129.0838099,35.112239],[129.0837738,35.112207],[129.0837405,35.1122184],[129.0836985,35.1122312],[129.0836048,35.1123012],[129.0834864,35.1123887],[129.0834217,35.1124038],[129.0833224,35.112427],[129.083315,35.1124288],[129.0832854,35.1124359],[129.0831656,35.1124222],[129.0831426,35.1124454],[129.0831127,35.1124375],[129.0830786,35.1124507],[129.0830529,35.1124729],[129.0830793,35.1125175],[129.0830787,35.1125432],[129.0830326,35.1125575],[129.0830035,35.1125843],[129.0829955,35.1125648],[129.0829526,35.1125971],[129.0829048,35.1126183],[129.0828877,35.1126259],[129.082861,35.1126457],[129.0828261,35.1126715],[129.082754,35.1125905],[129.082717,35.1125848],[129.0826711,35.1126306],[129.082597,35.1126697],[129.082643,35.1127258],[129.0826614,35.1127174],[129.0826681,35.1127318],[129.0826005,35.112738],[129.0825445,35.1127897],[129.0824969,35.1129249],[129.0824324,35.1129296],[129.0822829,35.1128473],[129.0822874,35.1128016],[129.0823629,35.1127131],[129.0823787,35.1127102],[129.0823699,35.1126627],[129.0823753,35.1126611],[129.082366,35.1125917],[129.0822623,35.1125517],[129.0822632,35.1125273],[129.0822356,35.112494],[129.0822276,35.112461],[129.0819532,35.1124164],[129.0819635,35.1123738],[129.0820057,35.1121982],[129.0820008,35.1121924],[129.081885,35.1121693],[129.0817957,35.1121644],[129.081766,35.1121317],[129.0818065,35.1120796],[129.0817999,35.1120574],[129.0817813,35.112045],[129.0816087,35.1119294],[129.0815694,35.111903],[129.0815471,35.1119633],[129.0815381,35.1120002],[129.0815119,35.1119943],[129.0814812,35.1120253],[129.0814927,35.1120549],[129.0814481,35.1120559],[129.0813654,35.112119],[129.0812996,35.1121792],[129.0812638,35.1121564],[129.0812303,35.1121133],[129.0811583,35.1121004],[129.0811029,35.1121024],[129.0810625,35.1121039],[129.0810386,35.1121093],[129.0809678,35.1121253],[129.0807563,35.1122217],[129.080718,35.1122266],[129.0806933,35.112236],[129.0806816,35.112251],[129.0806367,35.1123041],[129.0806456,35.1125608],[129.0806371,35.1126087],[129.0805816,35.1126054],[129.0805736,35.1126576],[129.0805584,35.1127148],[129.0805139,35.1127599],[129.0805078,35.1127802],[129.0805139,35.1128279],[129.0805198,35.112874],[129.0804973,35.1129332],[129.0805,35.1129523],[129.0805027,35.1129712],[129.080467,35.1129623],[129.0803533,35.1129457],[129.0802127,35.1129162],[129.0801946,35.1129157],[129.0801939,35.1129352],[129.0801678,35.1129696],[129.0801762,35.1130205],[129.0802973,35.1131158],[129.0804405,35.1131877],[129.080479,35.113151],[129.0805227,35.1131648],[129.0805456,35.1131749],[129.0804703,35.1132599],[129.0804447,35.1132889],[129.0804739,35.1133602],[129.0804979,35.1135165],[129.0805001,35.1135307],[129.0805089,35.1135604],[129.0805138,35.1135842],[129.0804685,35.1136881],[129.0804133,35.1137837],[129.0804022,35.1138028],[129.0803928,35.1137965],[129.0803837,35.1138302],[129.0802818,35.1140003],[129.0803191,35.1139906],[129.0802708,35.1140323],[129.0802652,35.1140349],[129.0801915,35.1141569],[129.080134,35.1142554],[129.0801311,35.114316],[129.0801301,35.1143369],[129.0801603,35.1143904],[129.0801932,35.114436],[129.0802362,35.1145032],[129.0802498,35.1145355],[129.0802592,35.1145773],[129.0802482,35.1145986],[129.080151,35.1147871],[129.0800885,35.1149098],[129.0800547,35.1149761],[129.0800474,35.115008],[129.0800235,35.1151123],[129.0800122,35.1151614],[129.0799915,35.1152126],[129.0799496,35.1153157],[129.0799253,35.1153759],[129.0799208,35.1154153],[129.0798696,35.1154157],[129.079856,35.1154729],[129.0798483,35.1155049],[129.0798443,35.115522],[129.0798541,35.1156164],[129.0798596,35.115669],[129.0798337,35.1157183],[129.0798846,35.115738],[129.0798151,35.1158269],[129.0797819,35.115901],[129.0797868,35.1160273],[129.0797914,35.1161438],[129.0797955,35.1162621],[129.0797965,35.1162834],[129.0797629,35.1162997],[129.0796917,35.1163605],[129.0796782,35.1164886],[129.07973,35.1166637],[129.0798686,35.1168107],[129.0799059,35.1169358],[129.0799327,35.1169595],[129.0799385,35.1169646],[129.0799137,35.1169922],[129.079921,35.1170107],[129.0799019,35.1170229],[129.0799214,35.1170951],[129.079938,35.1171047],[129.0799602,35.1171019],[129.0799542,35.117108],[129.0799301,35.1171271],[129.07989,35.1171589],[129.0799014,35.1171722],[129.0798966,35.1171791],[129.0798575,35.1171878],[129.0797517,35.1172334],[129.0796813,35.1172442],[129.0796762,35.11723],[129.0796248,35.1172415],[129.0794887,35.1172431],[129.079488,35.1172533],[129.0793464,35.1172553],[129.0793357,35.1172554],[129.0792402,35.1172567],[129.0792348,35.1172568],[129.0792165,35.117257],[129.079171,35.1172564],[129.0791365,35.117242],[129.0790558,35.1172324],[129.0790423,35.117231],[129.0789858,35.1172249],[129.0789672,35.117223],[129.078848,35.1172204],[129.0787602,35.1172181],[129.0786406,35.1172243],[129.0785757,35.1172299],[129.0785103,35.1172254],[129.0784565,35.1172045],[129.0783603,35.1171354],[129.0783586,35.1171508],[129.0783204,35.1171093],[129.0782549,35.1170657],[129.0782469,35.1170726],[129.0781578,35.1169992],[129.0781752,35.1169822],[129.07814,35.1169497],[129.078156,35.1169291],[129.0781525,35.1168682],[129.078135,35.1168369],[129.0781271,35.1168219],[129.0781116,35.1167357],[129.0780974,35.1166569],[129.0780805,35.1165625],[129.0780753,35.1165052],[129.0780713,35.1164607],[129.0780621,35.1163737],[129.0780546,35.1162805],[129.0780433,35.1161733],[129.0780378,35.116112],[129.0779816,35.1160754],[129.077908,35.1160838],[129.0778828,35.1161606],[129.0778942,35.1161634],[129.0778142,35.1163744],[129.0777162,35.116639],[129.0776852,35.1166534],[129.0776869,35.1166941],[129.0776937,35.1168514],[129.0776957,35.1168791],[129.0777032,35.1170179],[129.0776722,35.1170283],[129.0777223,35.1171476],[129.0777778,35.1172817],[129.0778314,35.1173856],[129.0778561,35.1174334],[129.0778763,35.1174715],[129.0778955,35.117523],[129.0779149,35.1175724],[129.0779539,35.1176712],[129.0779595,35.1176859],[129.0780307,35.1177756],[129.0780483,35.1177986],[129.0780592,35.1178127],[129.078088,35.117849],[129.0780929,35.1178564],[129.078167,35.1179468],[129.0781935,35.117975],[129.0782257,35.1180091],[129.0782334,35.1180171],[129.078248,35.1180326],[129.0782882,35.1180781],[129.0783323,35.1181199],[129.0783847,35.1181621],[129.0784792,35.1182298],[129.0785277,35.1182623],[129.0785999,35.1183056],[129.078617,35.1183158],[129.0790353,35.1184547],[129.07908,35.1184697],[129.0791935,35.1185079],[129.0792081,35.1185128],[129.0793562,35.1185627],[129.0793825,35.1185715],[129.0794014,35.1185778],[129.0795461,35.1186265],[129.0795556,35.1186297],[129.0796551,35.1186631],[129.0796963,35.1186769],[129.0797705,35.1187018],[129.0798009,35.1187122],[129.0798146,35.1187168],[129.0798769,35.1187379],[129.0799501,35.1187628],[129.0799675,35.1187689],[129.0800104,35.1187577]]]},"properties":{"name":"","type":"기타","admCode":"26290","mnum":"62600002629020250025UDT1000001001"}},{"type":"Feature","geometry":{"type":"Polygon","coordinates":[[[129.0836956,35.1272544],[129.0837084,35.1272677],[129.0837229,35.1272907],[129.0837968,35.1273755],[129.0838194,35.1274013],[129.0838652,35.1274492],[129.0838821,35.1274594],[129.0839391,35.1274983],[129.0840171,35.1275383],[129.0840788,35.127566],[129.0841013,35.1275761],[129.0842019,35.1276029],[129.0842373,35.1276245],[129.0842471,35.1276335],[129.084307,35.1276881],[129.0843517,35.1277342],[129.0842454,35.1277885],[129.084243,35.127795],[129.0842245,35.1277994],[129.0842451,35.1278133],[129.0842204,35.1278545],[129.0841943,35.1278914],[129.084114,35.1279668],[129.0840943,35.1280034],[129.0840994,35.1280275],[129.0841374,35.1280434],[129.0841906,35.1280566],[129.0842145,35.1280667],[129.0843253,35.1281146],[129.0843942,35.1281442],[129.0844201,35.128155],[129.0846107,35.1282218],[129.0846694,35.1282414],[129.0848605,35.1283038],[129.0849177,35.1283223],[129.0850514,35.1283652],[129.085181,35.1284092],[129.0852132,35.1284194],[129.0852437,35.1284296],[129.0853617,35.1284664],[129.0854043,35.1284781],[129.0855073,35.1285123],[129.0855319,35.1285187],[129.0856293,35.1285442],[129.0856603,35.128553],[129.085793,35.1285888],[129.0858466,35.1285941],[129.0859548,35.1286421],[129.0861773,35.128741],[129.0862115,35.1287561],[129.0862714,35.1287828],[129.0863002,35.1287956],[129.0863941,35.1288373],[129.086413,35.1288457],[129.086513,35.1288902],[129.0866308,35.1289425],[129.0867672,35.1290035],[129.0868828,35.129055],[129.0869434,35.1290826],[129.0870843,35.1291453],[129.0872264,35.1292085],[129.0872549,35.1292212],[129.0873982,35.129285],[129.0875399,35.1293481],[129.0875703,35.1293616],[129.0877149,35.129426],[129.0878172,35.1294718],[129.087847,35.1294851],[129.0879512,35.1295318],[129.0880724,35.1295861],[129.0881315,35.1296121],[129.0882808,35.1296806],[129.0884077,35.1297366],[129.0884284,35.1297457],[129.0884554,35.1297575],[129.0885965,35.1298197],[129.0887201,35.1298751],[129.0887308,35.1298799],[129.0887498,35.1298886],[129.0887606,35.1298933],[129.0888884,35.1299504],[129.0890269,35.1300122],[129.0890496,35.1300189],[129.0892212,35.1300957],[129.0892616,35.1300984],[129.0895257,35.1300942],[129.0898023,35.1300934],[129.0898013,35.1299217],[129.0897693,35.1299216],[129.0897485,35.1298701],[129.0898167,35.1298287],[129.0899165,35.1297536],[129.089951,35.1297374],[129.0899825,35.1297289],[129.0900163,35.1297216],[129.0900804,35.1297162],[129.0901849,35.1297115],[129.0902139,35.1297118],[129.0903586,35.1297041],[129.090498,35.1296966],[129.0906053,35.1296855],[129.0906825,35.1296716],[129.0908653,35.1296328],[129.0909586,35.1296182],[129.0909917,35.1295648],[129.09096,35.1295177],[129.0908258,35.1293189],[129.0907494,35.1292059],[129.0907126,35.1291687],[129.0907644,35.1291267],[129.0907036,35.1290501],[129.090684,35.1290067],[129.0906543,35.1289409],[129.0905642,35.1287413],[129.0905165,35.1286357],[129.0905023,35.1286041],[129.0904971,35.1285926],[129.0904887,35.1285739],[129.0904816,35.1285578],[129.0904536,35.1284953],[129.0904437,35.1284733],[129.0904246,35.1284316],[129.0904003,35.1283771],[129.0903828,35.1283377],[129.0903957,35.1282645],[129.0904655,35.1282152],[129.0906291,35.1280976],[129.0906459,35.1280858],[129.0906812,35.1280592],[129.0907776,35.1279894],[129.090784,35.1279846],[129.0907684,35.1279625],[129.0906968,35.1278619],[129.0906613,35.127812],[129.0905924,35.127715],[129.0905414,35.1276433],[129.0905229,35.1276173],[129.0904055,35.1274522],[129.090386,35.1274248],[129.0903162,35.1273265],[129.0903078,35.1273146],[129.0902232,35.1271957],[129.0901897,35.1271484],[129.0900943,35.1270142],[129.0899831,35.1268578],[129.089921,35.1267704],[129.0899089,35.1267534],[129.0898482,35.126668],[129.0897826,35.1265756],[129.0897656,35.1265517],[129.0897184,35.1264853],[129.0896737,35.1264223],[129.0896363,35.1263698],[129.0894828,35.1261538],[129.0894721,35.1261387],[129.0893983,35.1260349],[129.0893541,35.1259727],[129.0893201,35.1259248],[129.0892394,35.1258113],[129.0892355,35.1258058],[129.0891426,35.1256751],[129.0890507,35.1255457],[129.0890139,35.1254939],[129.0889709,35.1254334],[129.0889732,35.1254323],[129.0889463,35.1253785],[129.0888653,35.1252704],[129.0888183,35.1252081],[129.0885509,35.1248884],[129.088475,35.1248],[129.0884023,35.1247163],[129.0883882,35.1247],[129.0883059,35.1246082],[129.0882836,35.1245852],[129.088252,35.1245527],[129.0882455,35.1245462],[129.088203,35.1245127],[129.0881616,35.1244816],[129.0880772,35.1244168],[129.0880452,35.1243939],[129.0879872,35.1243496],[129.0879234,35.1242974],[129.0879325,35.1242873],[129.0878598,35.1242344],[129.0878179,35.1242021],[129.0877602,35.1241618],[129.0876719,35.1241592],[129.087631,35.1241553],[129.0876074,35.1241675],[129.0875821,35.1241818],[129.0875489,35.1242006],[129.0875095,35.1242224],[129.0873694,35.1242999],[129.0873569,35.1243069],[129.0872374,35.1243731],[129.0872197,35.1243829],[129.0870931,35.1244148],[129.0869997,35.1244187],[129.0869412,35.1245085],[129.0869373,35.1245309],[129.0868992,35.1246361],[129.086799,35.1246131],[129.0867672,35.1246057],[129.086668,35.1246998],[129.0866241,35.1248716],[129.0866015,35.1249831],[129.086572,35.1251284],[129.0866353,35.1253453],[129.0865958,35.12541],[129.0865685,35.1254547],[129.0865143,35.1255428],[129.086475,35.1256067],[129.086459,35.1256855],[129.08703,35.1260678],[129.0870468,35.1261206],[129.0870669,35.1261152],[129.0871038,35.1262076],[129.0871749,35.1262067],[129.0872218,35.1262412],[129.0871997,35.1262459],[129.0873104,35.1263133],[129.0873197,35.1263252],[129.087389,35.1263981],[129.0874664,35.1264766],[129.0875098,35.1264717],[129.0874922,35.1267168],[129.0875372,35.1268305],[129.0875864,35.1269616],[129.0876019,35.1269684],[129.0876816,35.1270022],[129.0878207,35.127005],[129.0878721,35.1270011],[129.0878756,35.1270066],[129.0878867,35.127023],[129.087899,35.1270405],[129.0879074,35.1270809],[129.0878492,35.1271187],[129.0877784,35.1271804],[129.0877711,35.127209],[129.0877586,35.1272594],[129.0877576,35.1272672],[129.0877425,35.1273251],[129.0877211,35.1273943],[129.0877086,35.1274197],[129.0876599,35.127439],[129.0875825,35.1274581],[129.0875255,35.1274632],[129.0874621,35.1274589],[129.0871085,35.1273632],[129.0870676,35.1273706],[129.0870459,35.1273775],[129.0870254,35.1273876],[129.0869993,35.1274047],[129.0869332,35.1274489],[129.0869127,35.1274639],[129.0868433,35.1275147],[129.0868178,35.1275411],[129.0867924,35.1275675],[129.0867755,35.1275882],[129.0867494,35.1276202],[129.086679,35.1275712],[129.0866535,35.1275777],[129.0865816,35.1275343],[129.0865228,35.1275579],[129.086457,35.1275597],[129.0863795,35.1275614],[129.0861841,35.12758],[129.0861368,35.1275753],[129.0860782,35.127571],[129.0860127,35.1275609],[129.0859731,35.1275552],[129.0859011,35.1275381],[129.0859534,35.1273978],[129.0858536,35.1273769],[129.0858329,35.1274151],[129.0857635,35.127377],[129.0856698,35.1273462],[129.0856542,35.1273411],[129.0856394,35.1273323],[129.0852713,35.1272556],[129.0849088,35.1270111],[129.0849132,35.1270167],[129.0849249,35.1270352],[129.08491,35.1270428],[129.0847547,35.1269439],[129.0847515,35.1269466],[129.0847401,35.1269344],[129.0844927,35.1267774],[129.0843455,35.1266842],[129.0842997,35.1267015],[129.0844195,35.1267798],[129.084413,35.1267868],[129.084334,35.1268724],[129.0842431,35.1269708],[129.0841157,35.1268916],[129.084144,35.1268468],[129.0840762,35.1267958],[129.0840371,35.1267591],[129.0839674,35.1268177],[129.0839621,35.1268221],[129.0839236,35.1268164],[129.0839195,35.1269056],[129.0838631,35.1269422],[129.0838372,35.1269589],[129.083783,35.1269941],[129.083752,35.1270142],[129.0837412,35.1270214],[129.083716,35.127038],[129.083825,35.1271065],[129.0836956,35.1272544]]]},"properties":{"name":"대연8재개발정비구역","type":"재개발","admCode":"26290","mnum":"62600002629020220305UDT1000001000"}},{"type":"Feature","geometry":{"type":"Polygon","coordinates":[[[129.101437,35.129414],[129.1014725,35.1295255],[129.1015429,35.1297409],[129.1015929,35.1298958],[129.1017147,35.1299926],[129.1019316,35.1300455],[129.1021025,35.1300863],[129.1027257,35.1302374],[129.1028574,35.1302701],[129.1031491,35.130343],[129.1031966,35.1303563],[129.1033396,35.1303893],[129.1034548,35.1304099],[129.1034985,35.1304223],[129.1035579,35.1304337],[129.1036528,35.1304433],[129.1038391,35.1304432],[129.1040276,35.1304197],[129.1041965,35.1303709],[129.1042221,35.1303626],[129.104378,35.1302885],[129.1043936,35.1302807],[129.1045505,35.1302087],[129.1045932,35.1301861],[129.1047485,35.1301092],[129.104769,35.1301009],[129.104845,35.1300635],[129.1048655,35.1300534],[129.1049152,35.1300289],[129.1049333,35.1300176],[129.1049941,35.129963],[129.105026,35.1299224],[129.1050246,35.129915],[129.105033,35.1299056],[129.1050474,35.1298717],[129.1050523,35.129828],[129.1050428,35.1297151],[129.1050341,35.1296673],[129.1050137,35.1296203],[129.1049874,35.1295782],[129.1049794,35.1295661],[129.1049553,35.1295448],[129.104929,35.1295175],[129.1048748,35.1294595],[129.1048308,35.1294333],[129.1046622,35.1293123],[129.1045826,35.1292608],[129.104228,35.1290353],[129.1041504,35.1289855],[129.1041127,35.1289639],[129.1040255,35.1289071],[129.1039606,35.1289212],[129.1039332,35.1289284],[129.1038946,35.1289376],[129.10383,35.1289699],[129.1037475,35.1290108],[129.1036723,35.1290362],[129.1035737,35.1290699],[129.1034311,35.1290917],[129.1033885,35.1291017],[129.1033134,35.1291176],[129.1031612,35.1292035],[129.1030221,35.1292831],[129.10299,35.1293023],[129.1029497,35.1293146],[129.1028883,35.1293119],[129.1027832,35.1293102],[129.1027007,35.1293083],[129.1025942,35.1292901],[129.1024985,35.1292878],[129.102369,35.1292839],[129.1023508,35.1292836],[129.1022342,35.1292759],[129.1022095,35.1292749],[129.1021284,35.1292813],[129.1020263,35.1292889],[129.1020007,35.1292917],[129.1018813,35.1293143],[129.1018434,35.1293194],[129.1017203,35.1293393],[129.1017025,35.1293441],[129.1015933,35.1293834],[129.1015798,35.1293878],[129.1014903,35.1294036],[129.101437,35.129414]]]},"properties":{"name":"주택재개발","type":"재개발","admCode":"26290","mnum":"62600002629020070016UDT1000001001"}},{"type":"Feature","geometry":{"type":"Polygon","coordinates":[[[129.0636437,35.1436948],[129.0637322,35.1436959],[129.0638488,35.1436975],[129.0638852,35.143698],[129.0638935,35.1436981],[129.0639464,35.1436988],[129.0639818,35.1436993],[129.0640417,35.1437001],[129.0641236,35.1437009],[129.0642832,35.143703],[129.0643513,35.1437038],[129.0644257,35.1437048],[129.0644454,35.143705],[129.0645872,35.1437069],[129.0645999,35.1437071],[129.0646759,35.1437081],[129.0647617,35.1437089],[129.0647828,35.1437091],[129.0648531,35.1437097],[129.0650315,35.1437122],[129.0650301,35.1438396],[129.0650296,35.1438696],[129.0650291,35.1439083],[129.0650276,35.1440083],[129.0650274,35.1440197],[129.0650257,35.144138],[129.0650262,35.1441639],[129.0650259,35.144176],[129.0650247,35.1442368],[129.0650244,35.1442546],[129.065023,35.1443238],[129.0650222,35.1443634],[129.0650213,35.1444089],[129.0650199,35.1444756],[129.0650196,35.1444882],[129.0650192,35.1445084],[129.065016,35.1446659],[129.0650144,35.1447497],[129.065014,35.1447679],[129.0650136,35.1447865],[129.0650129,35.144826],[129.0650607,35.1448669],[129.0650906,35.1448672],[129.0651527,35.144868],[129.0652412,35.1448691],[129.0653701,35.1448708],[129.065445,35.1448717],[129.0655319,35.1448728],[129.0656059,35.1448738],[129.0656187,35.1448739],[129.0656987,35.144875],[129.0658287,35.1448767],[129.0659986,35.1448789],[129.0660121,35.1448791],[129.0661412,35.1448808],[129.0663226,35.1448812],[129.0663794,35.1448819],[129.066456,35.1448828],[129.0664575,35.1447475],[129.0664577,35.1447384],[129.0664603,35.1446147],[129.0664618,35.1445444],[129.0664633,35.1444742],[129.0664648,35.1444742],[129.0664653,35.1444562],[129.0664688,35.1443267],[129.0664711,35.1442425],[129.066474,35.1441348],[129.0664748,35.1441051],[129.0664764,35.1440477],[129.0664809,35.1438823],[129.0664808,35.1438176],[129.0664806,35.1437262],[129.0664805,35.1436822],[129.0664822,35.1435851],[129.0664848,35.1434254],[129.0664932,35.1429294],[129.0664916,35.142616],[129.0664959,35.1424802],[129.0664958,35.1424344],[129.0664976,35.1423741],[129.0665,35.1422906],[129.0665031,35.1421673],[129.0665126,35.141902],[129.0665202,35.1416832],[129.066521,35.1415396],[129.0663549,35.1415383],[129.0663308,35.1415377],[129.0662825,35.1415375],[129.0660857,35.1415343],[129.0660317,35.141534],[129.0660158,35.1415339],[129.0658639,35.1415326],[129.0658478,35.1415325],[129.0657817,35.1415319],[129.0657453,35.1415316],[129.0656605,35.1415309],[129.0656341,35.1415308],[129.0655569,35.1415303],[129.0655003,35.1415299],[129.0654935,35.1415299],[129.0654285,35.1415295],[129.0654002,35.1415293],[129.065222,35.1415273],[129.0651523,35.1415265],[129.0650534,35.1415254],[129.0650415,35.1415253],[129.0649288,35.141524],[129.0648465,35.1416395],[129.0647933,35.1417142],[129.0647763,35.141738],[129.0647217,35.1418145],[129.0646099,35.1419709],[129.0646009,35.1419834],[129.064521,35.1420952],[129.0644415,35.1422068],[129.0643418,35.1423466],[129.0643228,35.1423733],[129.064269,35.1424488],[129.0642259,35.1425093],[129.0642164,35.1425228],[129.0641888,35.1425615],[129.0641566,35.1426167],[129.0641432,35.1426359],[129.0641246,35.1426626],[129.064002,35.1428316],[129.0639744,35.1428699],[129.0639631,35.1428857],[129.063942,35.1429152],[129.0639293,35.1429329],[129.0639162,35.1429511],[129.0639029,35.1429697],[129.063887,35.1429919],[129.0638606,35.1430292],[129.0638526,35.1430404],[129.063814,35.1431009],[129.0637889,35.1431465],[129.0637647,35.1431956],[129.063752,35.1432212],[129.0637428,35.1432433],[129.0637319,35.1432694],[129.0637156,35.1433158],[129.0637053,35.1433456],[129.0637026,35.1433531],[129.0636956,35.1433733],[129.063686,35.1434065],[129.063681,35.1434237],[129.0636722,35.1434539],[129.0636676,35.1434697],[129.063652,35.1435867],[129.0636452,35.143638],[129.0636437,35.1436948]]]},"properties":{"name":"정비구역","type":"기타","admCode":"26290","mnum":"62600002629020230167UDT1000001002"}},{"type":"Feature","geometry":{"type":"Polygon","coordinates":[[[129.0650227,35.1443385],[129.0650222,35.1443634],[129.0650214,35.1444016],[129.0650213,35.1444089],[129.0650204,35.144453],[129.0650199,35.1444756],[129.0650196,35.1444882],[129.0650194,35.1444983],[129.0650192,35.1445084],[129.0650172,35.1446078],[129.065016,35.1446659],[129.0650144,35.1447497],[129.0650144,35.1447501],[129.065014,35.1447679],[129.0650136,35.1447865],[129.0650129,35.144826],[129.0650263,35.1448375],[129.0650607,35.1448669],[129.0650906,35.1448672],[129.0651527,35.144868],[129.0652079,35.1448687],[129.0652412,35.1448691],[129.0653701,35.1448708],[129.0653764,35.1448708],[129.065445,35.1448717],[129.0654972,35.1448724],[129.0655319,35.1448728],[129.0656059,35.1448738],[129.0656187,35.1448739],[129.0656203,35.144874],[129.0656987,35.144875],[129.0658287,35.1448767],[129.0658302,35.1448767],[129.0658494,35.1448769],[129.0659986,35.1448789],[129.0660043,35.144879],[129.0660121,35.1448791],[129.0661412,35.1448808],[129.0662679,35.1448811],[129.0663226,35.1448812],[129.0663586,35.1448816],[129.0663794,35.1448819],[129.0663933,35.1448821],[129.066456,35.1448828],[129.0664566,35.1448278],[129.0664575,35.1447475],[129.0664577,35.1447384],[129.0664586,35.1446957],[129.0664603,35.1446147],[129.0664608,35.1445937],[129.0664618,35.1445444],[129.0664633,35.1444742],[129.0664637,35.1444742],[129.0664648,35.1444742],[129.0664653,35.1444562],[129.0664688,35.1443267],[129.0664689,35.1443227],[129.0664711,35.1442425],[129.0664724,35.1441938],[129.066474,35.1441348],[129.0664748,35.1441051],[129.0664764,35.1440477],[129.0664809,35.1438823],[129.0664808,35.1438487],[129.0664808,35.1438176],[129.0664806,35.1437262],[129.0664805,35.1436822],[129.0664822,35.1435851],[129.0664848,35.1434254],[129.0664849,35.1434243],[129.0664869,35.1433022],[129.0664881,35.1432295],[129.0664887,35.1431951],[129.0664906,35.1430795],[129.0664932,35.1429294],[129.0664908,35.1426159],[129.0664925,35.1425719],[129.0664959,35.1424806],[129.0664959,35.1424802],[129.0664959,35.1424802],[129.0664959,35.1424687],[129.0664958,35.1424344],[129.0664976,35.1423741],[129.0665,35.1422906],[129.0665006,35.1422693],[129.0665006,35.1422693],[129.0665031,35.1421673],[129.066506,35.1420866],[129.0665126,35.141902],[129.0665178,35.1417513],[129.0665202,35.1416832],[129.0665204,35.1416409],[129.066521,35.1415396],[129.066457,35.1415391],[129.0663549,35.1415383],[129.0663318,35.1415378],[129.0663308,35.1415377],[129.066309,35.1415376],[129.0662825,35.1415375],[129.0660857,35.1415343],[129.066072,35.1415342],[129.0660317,35.141534],[129.0660158,35.1415339],[129.0658639,35.1415326],[129.0658569,35.1415326],[129.0658478,35.1415325],[129.0657817,35.1415319],[129.0657453,35.1415316],[129.0657435,35.1415316],[129.0656605,35.1415309],[129.0656341,35.1415308],[129.0655569,35.1415303],[129.0655003,35.1415299],[129.0654935,35.1415299],[129.0654913,35.1415299],[129.0654285,35.1415295],[129.0654002,35.1415293],[129.065222,35.1415273],[129.0652154,35.1415272],[129.0651523,35.1415265],[129.0651045,35.141526],[129.0650534,35.1415254],[129.0650415,35.1415253],[129.0649288,35.141524],[129.0649132,35.1415458],[129.0648465,35.1416395],[129.0648161,35.1416822],[129.0647933,35.1417142],[129.0647763,35.141738],[129.0647217,35.1418145],[129.0646099,35.1419709],[129.0646068,35.1419752],[129.0646009,35.1419834],[129.064521,35.1420952],[129.0644684,35.142169],[129.0644415,35.1422068],[129.0643418,35.1423466],[129.0643228,35.1423733],[129.064269,35.1424488],[129.064235,35.1424966],[129.0642259,35.1425093],[129.0642223,35.1425144],[129.0642164,35.1425228],[129.0641888,35.1425615],[129.0641682,35.1425968],[129.0641566,35.1426167],[129.0641528,35.1426221],[129.0641432,35.1426359],[129.0641246,35.1426626],[129.064002,35.1428316],[129.0639744,35.1428699],[129.0639728,35.1428722],[129.0639631,35.1428857],[129.0639518,35.1429016],[129.063942,35.1429152],[129.0639353,35.1429245],[129.0639293,35.1429329],[129.0639162,35.1429511],[129.0639029,35.1429697],[129.0638997,35.1429742],[129.063887,35.1429919],[129.0638775,35.1430053],[129.0638606,35.1430292],[129.0638547,35.1430375],[129.0638526,35.1430404],[129.0638422,35.1430568],[129.063814,35.1431009],[129.0637889,35.1431465],[129.0637799,35.1431649],[129.0637647,35.1431956],[129.0637569,35.1432115],[129.063752,35.1432212],[129.0637469,35.1432336],[129.0637428,35.1432433],[129.0637319,35.1432694],[129.0637207,35.1433014],[129.0637156,35.1433158],[129.0637053,35.1433456],[129.0637026,35.1433531],[129.0637004,35.1433595],[129.0636956,35.1433733],[129.063686,35.1434065],[129.063681,35.1434237],[129.0636722,35.1434539],[129.0636676,35.1434697],[129.063652,35.1435867],[129.0636461,35.1436307],[129.0636452,35.143638],[129.0636439,35.1436863],[129.0636437,35.1436948],[129.0637322,35.1436959],[129.063799,35.1436968],[129.0638488,35.1436975],[129.0638852,35.143698],[129.0638935,35.1436981],[129.0639464,35.1436988],[129.0639699,35.1436991],[129.0639818,35.1436993],[129.0640213,35.1436998],[129.0640417,35.1437001],[129.0641236,35.1437009],[129.0642832,35.143703],[129.0642914,35.1437031],[129.0643513,35.1437038],[129.0644257,35.1437048],[129.0644454,35.143705],[129.0645627,35.1437066],[129.0645872,35.1437069],[129.0645891,35.1437069],[129.0645999,35.1437071],[129.0646277,35.1437074],[129.0646759,35.1437081],[129.0647617,35.1437089],[129.06478,35.143709],[129.0647828,35.1437091],[129.0647862,35.1437091],[129.0648531,35.1437097],[129.0649386,35.1437109],[129.0650315,35.1437122],[129.0650301,35.1438396],[129.0650299,35.1438486],[129.0650296,35.1438696],[129.0650293,35.1438945],[129.0650291,35.1439083],[129.0650276,35.1440083],[129.0650274,35.1440197],[129.0650257,35.144138],[129.0650257,35.1441382],[129.0650262,35.1441639],[129.0650259,35.144176],[129.0650247,35.1442368],[129.0650244,35.1442546],[129.065023,35.1443238],[129.0650227,35.1443385]]]},"properties":{"name":"문현1 재개발정비구역","type":"재개발","admCode":"26290","mnum":"62600002629020230167UDT1000001001"}},{"type":"Feature","geometry":{"type":"Polygon","coordinates":[[[129.0932552,35.1378235],[129.0932513,35.1379502],[129.0932453,35.1381387],[129.0932364,35.1384161],[129.0935041,35.1384897],[129.0935465,35.1384925],[129.0935787,35.1384869],[129.0936397,35.138466],[129.0936803,35.1384465],[129.0936955,35.1384228],[129.0937075,35.1382208],[129.0937782,35.1381916],[129.0937853,35.1382437],[129.0938208,35.1383044],[129.0938404,35.1383372],[129.0938548,35.1383614],[129.0939023,35.1384198],[129.0939117,35.1384289],[129.0939534,35.1384603],[129.0940154,35.1384867],[129.0940755,35.1385003],[129.094158,35.1385056],[129.0942334,35.1385109],[129.094332,35.1385179],[129.0944113,35.1385165],[129.0944533,35.1384997],[129.094475,35.1384783],[129.0945065,35.1384356],[129.0945367,35.1383795],[129.0945389,35.1383623],[129.0945328,35.1383325],[129.0945237,35.1383039],[129.0945155,35.1382778],[129.0944926,35.1382055],[129.0944666,35.1380933],[129.0944636,35.1380805],[129.0944591,35.1380638],[129.0944218,35.1379583],[129.0944134,35.1379413],[129.0943855,35.1379198],[129.0943087,35.1378974],[129.0942731,35.1378824],[129.0942306,35.1378636],[129.0942083,35.1378461],[129.0941628,35.13777],[129.0941439,35.1377449],[129.094111,35.1377064],[129.0940899,35.1376817],[129.0940075,35.1376312],[129.0939885,35.1376158],[129.0939695,35.1376003],[129.0939461,35.1375736],[129.0939309,35.1375486],[129.0939303,35.1375267],[129.0939343,35.1374844],[129.0939492,35.1374519],[129.0939721,35.1374197],[129.0939894,35.1373954],[129.0940183,35.1373556],[129.094025,35.1373463],[129.0940185,35.1373162],[129.0940138,35.1372943],[129.0940188,35.1372737],[129.0940179,35.1372482],[129.0940138,35.1371856],[129.0940573,35.1372108],[129.0941731,35.1372757],[129.0941817,35.1373223],[129.0942695,35.1373385],[129.0943779,35.1373778],[129.0944397,35.1373714],[129.0945279,35.1373753],[129.0946538,35.1373063],[129.0947796,35.1372373],[129.0948891,35.1371773],[129.0949876,35.1371658],[129.0950791,35.1371537],[129.0951868,35.1371395],[129.0952293,35.1371402],[129.0953055,35.1371416],[129.0953691,35.1371427],[129.0953588,35.1370656],[129.0953555,35.137065],[129.0953558,35.1370301],[129.0953585,35.1366839],[129.0953613,35.1363376],[129.0953862,35.1362407],[129.0953966,35.1362293],[129.0954319,35.1361814],[129.0954421,35.1361463],[129.0955828,35.1359849],[129.0956977,35.1358461],[129.0957574,35.135749],[129.0956863,35.1357334],[129.0955418,35.1357042],[129.0954006,35.1356739],[129.095393,35.1356726],[129.0951356,35.1356268],[129.095105,35.1356207],[129.0950199,35.1356038],[129.0949072,35.1355832],[129.0947442,35.1355522],[129.094741,35.1355511],[129.0945009,35.135507],[129.0943809,35.1354836],[129.0943799,35.1354872],[129.0943674,35.1355968],[129.0943827,35.1356799],[129.0943562,35.1357381],[129.0944048,35.1357937],[129.0944093,35.1358091],[129.0944172,35.1358611],[129.0944617,35.1359615],[129.0944533,35.1359662],[129.0943324,35.1360338],[129.0942012,35.1360939],[129.0941952,35.1360864],[129.094215,35.1360753],[129.0941785,35.1359816],[129.0941623,35.1359397],[129.0941461,35.1358977],[129.0939842,35.1359575],[129.0939729,35.1359616],[129.0939308,35.1359641],[129.0939191,35.1359647],[129.0938615,35.1359607],[129.0938571,35.1359604],[129.093833,35.1359606],[129.0938066,35.1359609],[129.0937534,35.135963],[129.0937416,35.1359619],[129.0936706,35.1359592],[129.0936474,35.1359703],[129.0936185,35.1359858],[129.0934853,35.1359957],[129.0935728,35.1361624],[129.0935333,35.1361759],[129.0934641,35.1362013],[129.0934088,35.1362373],[129.0933101,35.1362772],[129.0932997,35.1362814],[129.0932043,35.13632],[129.0931549,35.1363406],[129.0930514,35.136362],[129.0929511,35.1363702],[129.0929586,35.1364545],[129.0929603,35.1364681],[129.0929644,35.1365018],[129.0929851,35.1365887],[129.0930088,35.1366893],[129.0930394,35.1368271],[129.0930675,35.1369458],[129.0931265,35.1371503],[129.0931495,35.1373008],[129.093241,35.1374561],[129.093237,35.137501],[129.0932306,35.1375732],[129.0932204,35.1375825],[129.0932248,35.1376067],[129.0932486,35.1377377],[129.0932565,35.1377812],[129.0932552,35.1378235]]]},"properties":{"name":"주택재개발","type":"재개발","admCode":"26290","mnum":"62600002629020070018UDT1000001001"}},{"type":"Feature","geometry":{"type":"Polygon","coordinates":[[[129.0832884,35.1378347],[129.0832885,35.1378347],[129.08329,35.1378329],[129.0834261,35.1378259],[129.0834395,35.1380405],[129.0835721,35.1380338],[129.083579,35.1381587],[129.0836123,35.1381571],[129.0839753,35.1381386],[129.0842055,35.1381279],[129.0846619,35.1381057],[129.0848319,35.1380974],[129.0848614,35.138096],[129.0855314,35.1380641],[129.0855987,35.1380609],[129.0856996,35.1380561],[129.0859512,35.1380416],[129.086428,35.1380192],[129.086434,35.1380077],[129.0864355,35.1379961],[129.0864927,35.1379407],[129.0864978,35.1379432],[129.0865945,35.1378557],[129.0865934,35.1378433],[129.0866254,35.1378244],[129.0866305,35.1378263],[129.0866751,35.1378105],[129.0866761,35.1377961],[129.086683,35.1377177],[129.0866828,35.1377177],[129.0866836,35.1376459],[129.0867394,35.1376507],[129.0867381,35.1375921],[129.0867251,35.1375932],[129.0867251,35.1375931],[129.0866522,35.1375992],[129.0866128,35.1375909],[129.0866125,35.1375909],[129.0866124,35.1375911],[129.0865608,35.1375828],[129.0864871,35.137569],[129.0864823,35.1375643],[129.0863527,35.1375495],[129.0863494,35.1375137],[129.0863704,35.1374832],[129.0864039,35.137439],[129.0863098,35.1374303],[129.0862213,35.1374252],[129.086188,35.1374232],[129.0850959,35.1373382],[129.0850338,35.1373351],[129.085014,35.1373368],[129.0849593,35.1373516],[129.0849297,35.1373623],[129.0848822,35.1373881],[129.084863,35.1374045],[129.0848425,35.137422],[129.084827,35.1374353],[129.0847931,35.1374775],[129.0847512,35.137546],[129.0847252,35.1375733],[129.0846935,35.137587],[129.0846671,35.1375989],[129.0846676,35.1376033],[129.0846715,35.1376432],[129.0846243,35.1376269],[129.0845504,35.13766],[129.0844947,35.1376705],[129.0843262,35.1376918],[129.0840974,35.1377197],[129.0840009,35.1377381],[129.083939,35.1377437],[129.0838989,35.1377437],[129.0837193,35.1377426],[129.0836947,35.1377419],[129.0835842,35.1377387],[129.0833734,35.1377416],[129.0833321,35.1377493],[129.0832994,35.1377982],[129.0832884,35.1378347]]]},"properties":{"name":"","type":"기타","admCode":"26290","mnum":"62600002629020210003UDT1000001132"}},{"type":"Feature","geometry":{"type":"Polygon","coordinates":[[[129.0149862,35.2139567],[129.0150999,35.2139425],[129.0152978,35.2139183],[129.0153022,35.2138933],[129.0150707,35.2138351],[129.0149554,35.2138061],[129.0147553,35.2137563],[129.014718,35.2137473],[129.0146305,35.2137251],[129.0144722,35.2136854],[129.0143134,35.2136461],[129.014212,35.2136216],[129.0140561,35.2135818],[129.0136738,35.2134882],[129.0133689,35.213413],[129.0133012,35.2133959],[129.0129528,35.2133095],[129.0127957,35.2132689],[129.0126044,35.2132208],[129.012478,35.2131892],[129.0123598,35.2131594],[129.0123281,35.2131512],[129.0122115,35.213122],[129.0120841,35.21309],[129.0120526,35.2130821],[129.0119247,35.2130498],[129.0117204,35.2129984],[129.0116758,35.2130182],[129.0116168,35.2131724],[129.0116048,35.2132038],[129.0115362,35.2133885],[129.0114961,35.2135034],[129.0115406,35.2134828],[129.0126188,35.2137473],[129.0126467,35.2137884],[129.0124964,35.2141933],[129.0124544,35.2143076],[129.0123796,35.2145083],[129.0123391,35.2146165],[129.0121866,35.214577],[129.0121398,35.2147035],[129.0119107,35.2146468],[129.0118016,35.2146197],[129.0116473,35.2145815],[129.0113268,35.2145011],[129.0113085,35.2145522],[129.0112488,35.2147192],[129.0111574,35.214696],[129.0110631,35.2146724],[129.0110152,35.214803],[129.0110468,35.2148273],[129.0110834,35.214812],[129.0111143,35.2148184],[129.0112103,35.2148363],[129.0114102,35.2148868],[129.0115054,35.2149108],[129.0116003,35.214934],[129.011617,35.2149379],[129.0116757,35.2149522],[129.0116964,35.2149502],[129.0118223,35.21494],[129.0120192,35.2149235],[129.0120996,35.2149169],[129.0122581,35.2148325],[129.0124279,35.214743],[129.0125014,35.2147048],[129.0125554,35.2146877],[129.0126846,35.2146467],[129.0127813,35.2146163],[129.0129739,35.2145546],[129.0130731,35.2145233],[129.0131665,35.2144848],[129.0132997,35.2144271],[129.0134708,35.2143509],[129.0134948,35.2143398],[129.0136069,35.21429],[129.0136743,35.21426],[129.0138679,35.2141737],[129.0140202,35.2141524],[129.014061,35.2141379],[129.0141117,35.2141201],[129.014231,35.2140927],[129.0143545,35.2140665],[129.0143626,35.2140644],[129.0145724,35.2140201],[129.0146796,35.2139973],[129.0147126,35.2139908],[129.0147843,35.2139817],[129.0148161,35.2139778],[129.0149641,35.2139595],[129.0149862,35.2139567]]]},"properties":{"name":"","type":"기타","admCode":"26320","mnum":"62600002632020250437UDT1000001001"}},{"type":"Feature","geometry":{"type":"Polygon","coordinates":[[[129.0133941,35.2109001],[129.0134064,35.2108661],[129.0134207,35.2108697],[129.0134525,35.2108781],[129.0135453,35.2109014],[129.0136624,35.2109303],[129.0138201,35.2109686],[129.0138864,35.210985],[129.0139641,35.2110049],[129.0140416,35.2110245],[129.0140729,35.2110324],[129.0141077,35.2110412],[129.0142201,35.2110687],[129.0143659,35.2111046],[129.0143982,35.2111125],[129.0144729,35.2111309],[129.0145472,35.2111492],[129.0146365,35.211172],[129.01467,35.2111802],[129.0147587,35.2112026],[129.0148626,35.2112284],[129.0149311,35.2112456],[129.0150886,35.2112854],[129.0151532,35.2113009],[129.0152836,35.2113323],[129.0153684,35.2113528],[129.0154011,35.2113608],[129.0154835,35.2113804],[129.0155836,35.2114047],[129.0156159,35.2114125],[129.015718,35.2114371],[129.0158198,35.2114618],[129.0158515,35.2114693],[129.0159818,35.2115008],[129.0161222,35.2115348],[129.0162995,35.2115779],[129.0163502,35.2115562],[129.0164206,35.2113673],[129.0164605,35.2112596],[129.016464,35.2112508],[129.0164906,35.2111773],[129.0165335,35.2110612],[129.0165412,35.2110409],[129.0165547,35.2110052],[129.0165842,35.2109238],[129.0166206,35.2108254],[129.0166902,35.2106377],[129.0166642,35.2105973],[129.0165486,35.2105687],[129.0164256,35.2105377],[129.0163943,35.21053],[129.0162718,35.2104996],[129.0161518,35.2104697],[129.0161358,35.2104659],[129.0161193,35.2104612],[129.0159979,35.2104315],[129.0158681,35.2103995],[129.0158358,35.2103911],[129.0157082,35.2103597],[129.0155841,35.2103286],[129.0154536,35.2102968],[129.0154592,35.2102422],[129.0154791,35.2101812],[129.0155,35.2101143],[129.0155519,35.2099515],[129.0155893,35.209833],[129.0155893,35.209833],[129.0155989,35.2098025],[129.0155604,35.2097919],[129.0155604,35.2097919],[129.0154771,35.2097689],[129.0154412,35.2097596],[129.0153649,35.2097395],[129.0152861,35.2097184],[129.0151257,35.2096759],[129.0150624,35.2096591],[129.0149087,35.2096184],[129.0147572,35.209578],[129.0145948,35.2095346],[129.0144417,35.2094941],[129.0143724,35.2094759],[129.0142283,35.2094378],[129.0140712,35.2093962],[129.0139451,35.2093629],[129.0139153,35.2093554],[129.0137963,35.209326],[129.013703,35.209303],[129.0134405,35.2092385],[129.0132046,35.2091804],[129.0131539,35.2091683],[129.0131333,35.2091634],[129.0131275,35.2091619],[129.0130069,35.209132],[129.0118229,35.2088327],[129.0117238,35.2088783],[129.0116808,35.2088973],[129.0115935,35.2089366],[129.0115572,35.2089538],[129.0114508,35.2092409],[129.0114397,35.2093107],[129.0114139,35.2093815],[129.0113813,35.2094706],[129.0113681,35.2095058],[129.0113477,35.209563],[129.0113375,35.2095907],[129.0112824,35.2097413],[129.0112601,35.2098033],[129.0112169,35.2099346],[129.0111766,35.2100581],[129.0111366,35.2101798],[129.0110991,35.2102934],[129.0110874,35.2103284],[129.0124753,35.2106767],[129.0133941,35.2109001]]]},"properties":{"name":"","type":"기타","admCode":"26320","mnum":"62600002632020250414UDT1000001001"}},{"type":"Feature","geometry":{"type":"Polygon","coordinates":[[[129.0279153,35.2139645],[129.0279153,35.2139645],[129.0279229,35.2139589],[129.0279473,35.2139412],[129.0278962,35.2139347],[129.0277681,35.213918],[129.027621,35.2139011],[129.027491,35.2138853],[129.027424,35.2138763],[129.0273564,35.2138696],[129.0273343,35.2138674],[129.0271772,35.2138476],[129.0271321,35.2138421],[129.027087,35.2138365],[129.02707,35.2138344],[129.0270696,35.2138833],[129.0270691,35.21389],[129.0270623,35.21389],[129.0270584,35.2139032],[129.0270395,35.2138984],[129.0270218,35.2139191],[129.0270157,35.2139196],[129.0269908,35.2139545],[129.0270159,35.214002],[129.026859,35.2140106],[129.0268461,35.2140111],[129.0267787,35.2140141],[129.0267102,35.2140069],[129.0266897,35.2140043],[129.0266485,35.2139994],[129.0265966,35.2140161],[129.0266743,35.214039],[129.0267039,35.2140426],[129.0267363,35.214046],[129.0267686,35.2140494],[129.0267769,35.2140503],[129.0268469,35.2140471],[129.0268761,35.2140605],[129.0268925,35.214068],[129.0269126,35.2143441],[129.0269143,35.214345],[129.0269178,35.2143469],[129.0269461,35.2143557],[129.027021,35.214379],[129.0269799,35.2143803],[129.0269155,35.2143979],[129.0268384,35.2143566],[129.0267937,35.2143171],[129.0267563,35.2142963],[129.0266551,35.2143766],[129.0265743,35.2144653],[129.0265698,35.2144711],[129.0265375,35.2145616],[129.0265081,35.2146514],[129.026483,35.2147293],[129.0264652,35.2147851],[129.0264806,35.2148651],[129.0265397,35.2149073],[129.0264142,35.2150271],[129.0264786,35.2150866],[129.0265144,35.2150925],[129.0265451,35.2151257],[129.0265615,35.2151441],[129.0265821,35.2151583],[129.0266353,35.2151977],[129.026637,35.2152522],[129.0266374,35.2152785],[129.0266076,35.2153094],[129.0266021,35.2153504],[129.026598,35.2153817],[129.0267654,35.2154341],[129.0267461,35.2154621],[129.0267414,35.2154636],[129.0268683,35.2155811],[129.0269178,35.2155465],[129.0269672,35.2155119],[129.0269882,35.2154977],[129.0270673,35.2154454],[129.0271464,35.2153931],[129.02721,35.2153723],[129.027292,35.2153702],[129.0273145,35.2153752],[129.027344,35.2153814],[129.0274376,35.2154125],[129.0275312,35.2154435],[129.0275855,35.2154592],[129.0276289,35.2154763],[129.0277158,35.2155025],[129.0278027,35.2155287],[129.0278888,35.2154816],[129.0279136,35.2154176],[129.0279617,35.2153502],[129.0279523,35.2153436],[129.0279804,35.2153231],[129.0279862,35.2152745],[129.0280656,35.215211],[129.0280124,35.2151196],[129.0279874,35.2150861],[129.0279873,35.2148943],[129.0279872,35.2147024],[129.0279914,35.2145648],[129.0279957,35.2144272],[129.0279644,35.2143873],[129.0279644,35.2143732],[129.0279644,35.2143591],[129.0280016,35.2142612],[129.0280389,35.2141633],[129.0279486,35.2141413],[129.0278583,35.2141193],[129.0278607,35.2140678],[129.0278631,35.2140162],[129.0278985,35.2139767],[129.0279153,35.2139645]]]},"properties":{"name":"만덕3 재건축사업 정비구역","type":"재건축","admCode":"26320","mnum":"62600002632020250326UDT1000001001"}},{"type":"Feature","geometry":{"type":"Polygon","coordinates":[[[129.0084947,35.221188],[129.0085844,35.2214063],[129.0087549,35.221828],[129.0088223,35.2219947],[129.0088468,35.2220555],[129.0088836,35.2221463],[129.0088989,35.2221842],[129.0090217,35.222488],[129.009229,35.2230006],[129.0092836,35.2231358],[129.0094413,35.2235258],[129.0094657,35.2235861],[129.0097508,35.2242913],[129.0097541,35.2242967],[129.0097701,35.2243365],[129.009786,35.2243499],[129.0099802,35.2248486],[129.0099824,35.2248463],[129.009991,35.2248409],[129.0100011,35.2248372],[129.0100214,35.2248305],[129.010042,35.2248249],[129.0102615,35.2247675],[129.0103598,35.2250429],[129.0104005,35.2251573],[129.0104576,35.2253174],[129.010258,35.2253672],[129.0102346,35.2253689],[129.0102061,35.2253689],[129.0101959,35.2253654],[129.0102743,35.2254998],[129.0102749,35.2255009],[129.0102843,35.2255138],[129.0103155,35.2255564],[129.0104069,35.2256813],[129.010442,35.2257294],[129.0104727,35.2257713],[129.0106528,35.2260061],[129.0109251,35.226361],[129.0109429,35.2263842],[129.0109385,35.2263941],[129.0109648,35.2264094],[129.0109929,35.2264473],[129.0110494,35.2265239],[129.0111378,35.2265347],[129.0111777,35.2265395],[129.0112485,35.2265482],[129.0116367,35.2265957],[129.0118043,35.2266162],[129.0120731,35.2266491],[129.012164,35.2266602],[129.0123176,35.226679],[129.0125138,35.226703],[129.0128298,35.2267416],[129.0129936,35.2267617],[129.0132874,35.2267976],[129.0133512,35.2268054],[129.0134832,35.2268215],[129.0138979,35.2268722],[129.014058,35.226728],[129.0141737,35.2266999],[129.0143142,35.2265685],[129.0148563,35.2264699],[129.0149115,35.2264685],[129.0150275,35.2264225],[129.0152255,35.2264389],[129.0153251,35.2263261],[129.0152631,35.2262988],[129.0152101,35.2262762],[129.0151373,35.2262359],[129.0150677,35.2261917],[129.0150136,35.2261531],[129.01497,35.2261188],[129.0149299,35.2260842],[129.0148822,35.226037],[129.0148442,35.2259996],[129.0148112,35.2259619],[129.0147734,35.2259144],[129.0147429,35.2258717],[129.0147133,35.2258256],[129.0146316,35.2256595],[129.0146038,35.2256001],[129.0143425,35.2250401],[129.0142246,35.2247875],[129.014141,35.2246082],[129.0138898,35.2240699],[129.0132571,35.2227138],[129.0129899,35.2221412],[129.0125274,35.2211498],[129.0124517,35.2209876],[129.012311,35.2206043],[129.0122803,35.2205196],[129.0118207,35.2192708],[129.0116683,35.2188566],[129.0115344,35.2184929],[129.0115178,35.218451],[129.0115007,35.2184121],[129.0114815,35.2183729],[129.0114604,35.2183335],[129.0114399,35.2182982],[129.0114203,35.2182667],[129.0114016,35.2182386],[129.01138,35.218208],[129.0113572,35.2181777],[129.0113397,35.2181557],[129.0113187,35.2181304],[129.0112966,35.2181051],[129.011284,35.2180932],[129.0112709,35.2180578],[129.0112231,35.2179277],[129.01057,35.2177616],[129.0105681,35.2177612],[129.009931,35.2175927],[129.0099024,35.2175857],[129.0093501,35.2174512],[129.0092508,35.2174271],[129.0092279,35.217382],[129.0091294,35.21719],[129.0091109,35.2171538],[129.0091127,35.2171969],[129.0091638,35.2177203],[129.0091644,35.2177496],[129.0091581,35.2178478],[129.009152,35.2179642],[129.0091406,35.2180759],[129.0091336,35.2181147],[129.0091245,35.218159],[129.0091087,35.2182358],[129.0091011,35.2182731],[129.0085235,35.2202245],[129.0084967,35.2211686],[129.0084947,35.221188]]]},"properties":{"name":"주택재건축정비구역","type":"재건축","admCode":"26320","mnum":"62600002632020120429UDT1002000002"}},{"type":"Feature","geometry":{"type":"Polygon","coordinates":[[[129.0145277,35.2468502],[129.0145235,35.2467488],[129.0145197,35.2466472],[129.0145193,35.2466126],[129.0144954,35.2465484],[129.0144716,35.2464835],[129.0144707,35.2464632],[129.0144658,35.2463766],[129.0144598,35.2462814],[129.0144548,35.2461828],[129.0144266,35.2461764],[129.0143432,35.2461923],[129.0143198,35.2461967],[129.0142605,35.2462283],[129.0142065,35.246257],[129.0141957,35.2462443],[129.0141578,35.2462001],[129.0141317,35.2461696],[129.0141438,35.2461192],[129.0140437,35.2460663],[129.0140228,35.24605],[129.0139127,35.2460383],[129.0138819,35.2460637],[129.0138404,35.2460665],[129.0138016,35.2460691],[129.0137366,35.2460619],[129.0134077,35.2460257],[129.0133615,35.2460067],[129.0133446,35.246007],[129.01334,35.246007],[129.0132251,35.2460087],[129.0132021,35.2460091],[129.0131931,35.2460092],[129.013188,35.2460101],[129.0130581,35.2460326],[129.0130421,35.2460354],[129.013038,35.2460447],[129.0130397,35.2460812],[129.0130415,35.2461808],[129.0130437,35.2462892],[129.013044,35.2463001],[129.013046,35.2464032],[129.0130465,35.2464154],[129.0130516,35.2465758],[129.0130557,35.2467138],[129.0130687,35.2467493],[129.0130735,35.2467997],[129.0130944,35.2468],[129.0131605,35.2468023],[129.0131929,35.2467906],[129.0132959,35.2467764],[129.0133473,35.2468071],[129.0134433,35.2468344],[129.0135031,35.2468873],[129.0135398,35.2469196],[129.0136079,35.2469389],[129.0136316,35.2469383],[129.0137186,35.2469346],[129.0137836,35.2469319],[129.0138547,35.2469284],[129.0138815,35.2469358],[129.0139691,35.2469325],[129.0140914,35.2469282],[129.0142024,35.2469277],[129.0142108,35.2469269],[129.0142324,35.2469262],[129.0143006,35.2469239],[129.0143086,35.2469231],[129.0143113,35.2469228],[129.0143329,35.2469201],[129.0144041,35.2469112],[129.0144333,35.246919],[129.0144564,35.2469252],[129.0144984,35.2469365],[129.0145277,35.2469401],[129.0145277,35.2468502]]]},"properties":{"name":"금곡2-1주택재개발정비구역","type":"재개발","admCode":"26320","mnum":"62600002632020060304UDT1001000001"}},{"type":"Feature","geometry":{"type":"Polygon","coordinates":[[[129.0205088,35.243592],[129.0205642,35.243437],[129.0205783,35.2433977],[129.0206015,35.2433327],[129.0206093,35.243311],[129.0206378,35.2432311],[129.0206456,35.2432092],[129.0206483,35.2432017],[129.0206676,35.2431479],[129.0206756,35.2431257],[129.0204851,35.2429326],[129.0204772,35.2429246],[129.0204475,35.2428945],[129.0203478,35.2427934],[129.0203433,35.242789],[129.0203463,35.2427789],[129.0203533,35.2427546],[129.0203572,35.2427412],[129.0203041,35.2427234],[129.0202223,35.2426961],[129.0200737,35.2426463],[129.0200002,35.2426217],[129.0199522,35.2426057],[129.0199248,35.2425965],[129.0199237,35.2425962],[129.0197833,35.2425503],[129.0196697,35.2425132],[129.0195588,35.242477],[129.0195576,35.2424766],[129.0194868,35.2424535],[129.0193318,35.2424029],[129.0192864,35.2423881],[129.0189904,35.2422915],[129.0189713,35.2422855],[129.0188787,35.2422563],[129.0187078,35.2422023],[129.0184338,35.2420482],[129.0182114,35.2419224],[129.0181978,35.2419481],[129.0181572,35.2420345],[129.0181747,35.2420484],[129.0183178,35.2421624],[129.0183064,35.2421838],[129.0181665,35.2424457],[129.0181041,35.2425626],[129.0180854,35.2425976],[129.0180233,35.2427138],[129.0180649,35.2427324],[129.0181011,35.2427332],[129.0181156,35.2427479],[129.0181734,35.2428114],[129.0182043,35.2428112],[129.018253,35.2428114],[129.0183025,35.2428079],[129.0183391,35.2427769],[129.0183769,35.2426993],[129.0183899,35.2426961],[129.0184095,35.2426896],[129.0184157,35.2426907],[129.0185041,35.2427225],[129.018535,35.2427335],[129.0185672,35.2427443],[129.0185151,35.2428486],[129.0185777,35.242876],[129.0186313,35.2428927],[129.0186427,35.2428953],[129.0186372,35.2429234],[129.0186639,35.2429316],[129.0186701,35.2429335],[129.0187943,35.2429461],[129.0187879,35.242973],[129.0187852,35.2431226],[129.0188244,35.2431243],[129.0188715,35.2431108],[129.0189241,35.2431442],[129.0189067,35.2431748],[129.0188912,35.2431805],[129.0188475,35.2431611],[129.0188311,35.2431769],[129.0188682,35.2432246],[129.0188421,35.2432661],[129.0192894,35.2434549],[129.0193605,35.2434848],[129.0193807,35.2434934],[129.0193972,35.2434644],[129.0194146,35.2433659],[129.0195399,35.2434079],[129.0196354,35.2434266],[129.0196698,35.2433604],[129.0196822,35.2433919],[129.0197389,35.2434258],[129.0197646,35.2433865],[129.0198591,35.2434126],[129.0200689,35.2434705],[129.020093,35.2434772],[129.0203253,35.2435413],[129.0205088,35.243592]]]},"properties":{"name":"화명3주택재개발정비구역","type":"재개발","admCode":"26320","mnum":"62600002632020070225UDT1000001001"}},{"type":"Feature","geometry":{"type":"Polygon","coordinates":[[[129.0137958,35.233762],[129.0137996,35.2337838],[129.0138678,35.2341463],[129.0138865,35.2342409],[129.0138952,35.2342859],[129.0139402,35.2343129],[129.0140705,35.2343912],[129.0141505,35.2344393],[129.0141702,35.2344369],[129.0143259,35.2344182],[129.0143492,35.2344154],[129.0144266,35.234406],[129.0146747,35.2343762],[129.0147445,35.2343677],[129.0149636,35.2343414],[129.0150267,35.2343338],[129.0150662,35.234329],[129.0151115,35.2343236],[129.0151566,35.2343181],[129.015199,35.234313],[129.0152782,35.2343035],[129.0154606,35.2342815],[129.0155327,35.2342728],[129.0156887,35.2342541],[129.0158327,35.2342367],[129.0159808,35.2342189],[129.0161701,35.234196],[129.0161899,35.2341937],[129.0164283,35.234165],[129.0165467,35.2341507],[129.0167192,35.2341299],[129.0168022,35.2341199],[129.0168218,35.2341176],[129.0168938,35.2341089],[129.0169578,35.2341012],[129.0169557,35.2340547],[129.0169533,35.2340009],[129.0169508,35.2339429],[129.0172274,35.2338359],[129.0172296,35.2338053],[129.0172434,35.2337996],[129.0173603,35.2337513],[129.0175375,35.2336781],[129.0175717,35.233664],[129.0177109,35.2336066],[129.0177731,35.2335809],[129.0179063,35.2335259],[129.0179369,35.2335132],[129.0178157,35.2332707],[129.0176891,35.2330175],[129.0176845,35.2330084],[129.0176841,35.2330076],[129.0176724,35.2329841],[129.0176553,35.2329499],[129.0176451,35.2329295],[129.0176204,35.23288],[129.0175791,35.2327975],[129.017538,35.2327153],[129.0175278,35.232695],[129.01749,35.2326192],[129.0174647,35.2325686],[129.0174592,35.2325713],[129.0171831,35.2326422],[129.0171148,35.2326589],[129.0170858,35.232668],[129.0170563,35.232681],[129.0170198,35.2326999],[129.0169921,35.2327196],[129.0169943,35.2327415],[129.0169664,35.2327888],[129.0169584,35.2328021],[129.0169248,35.2328315],[129.0168418,35.2328509],[129.0168078,35.2328594],[129.0167739,35.2328665],[129.0167379,35.232876],[129.0167112,35.2328717],[129.0166727,35.2328649],[129.016624,35.2328594],[129.0165805,35.2328663],[129.0165381,35.2328835],[129.0165045,35.2329126],[129.0164749,35.2329654],[129.0164638,35.2329972],[129.0163501,35.2330948],[129.0162653,35.2331585],[129.0162136,35.2331609],[129.0161724,35.2331423],[129.0160995,35.2330984],[129.0160479,35.2330572],[129.0160022,35.233036],[129.0160226,35.2330201],[129.0160371,35.2329524],[129.0160057,35.2329317],[129.0159211,35.2329204],[129.0159002,35.2329113],[129.0158704,35.2329085],[129.015808,35.2328924],[129.0157538,35.2328906],[129.0156419,35.2328873],[129.0156109,35.2328768],[129.0155666,35.2329134],[129.0155152,35.2329559],[129.0154237,35.2330376],[129.0153973,35.2330706],[129.0153569,35.2331207],[129.0152929,35.2332085],[129.0152585,35.2332704],[129.0151924,35.2332665],[129.0151491,35.2333104],[129.0150972,35.2333339],[129.0150995,35.2333765],[129.0151344,35.2334199],[129.0152693,35.2334794],[129.0153272,35.2335222],[129.0153003,35.2335439],[129.015264,35.2335718],[129.015183,35.2336066],[129.0151039,35.2336165],[129.0149862,35.2336088],[129.0149071,35.2336285],[129.0147978,35.2336718],[129.0147315,35.2337109],[129.0146626,35.2337581],[129.0146514,35.2337667],[129.0145668,35.2337949],[129.0145056,35.233781],[129.0144912,35.233777],[129.0144691,35.2337752],[129.014341,35.2337212],[129.0142683,35.2337031],[129.0141648,35.2337043],[129.0141464,35.2337074],[129.0140677,35.2337208],[129.013987,35.2337312],[129.0139152,35.2337433],[129.0138324,35.2337671],[129.0138218,35.2337697],[129.0137958,35.233762]]]},"properties":{"name":"화명1주택재개발정비구역","type":"재개발","admCode":"26320","mnum":"62600002632020070299UDT1000001001"}},{"type":"Feature","geometry":{"type":"Polygon","coordinates":[[[129.0154599,35.2391299],[129.0154844,35.2391377],[129.0156697,35.2391931],[129.0157432,35.2392226],[129.0159391,35.2393207],[129.0159897,35.2393501],[129.0160613,35.2393919],[129.0164388,35.2396173],[129.0165523,35.2396782],[129.0165585,35.2396814],[129.0165725,35.2396887],[129.016741,35.2397816],[129.0167679,35.2397963],[129.0167839,35.2398085],[129.0171022,35.2399978],[129.0171938,35.2400505],[129.0173065,35.2401163],[129.0173662,35.2401505],[129.0174065,35.2401739],[129.0174858,35.24022],[129.0175427,35.2402531],[129.0175628,35.2402648],[129.0176234,35.2403],[129.0176507,35.2403161],[129.017703,35.2403466],[129.0177753,35.2403889],[129.017836,35.240425],[129.0178898,35.2404566],[129.0179242,35.2404772],[129.0179901,35.2405161],[129.0180847,35.2405722],[129.0181518,35.2406116],[129.0181893,35.2406338],[129.0182342,35.240654],[129.0182561,35.2406419],[129.0182836,35.2406285],[129.0183231,35.2406093],[129.0183765,35.2405831],[129.0183933,35.2404942],[129.0183964,35.2404788],[129.018402,35.2404501],[129.0184103,35.240406],[129.0184217,35.2403329],[129.0184264,35.2402207],[129.0184251,35.2401057],[129.0184256,35.2400913],[129.0184146,35.2400076],[129.0184085,35.2399542],[129.0184061,35.2399385],[129.0183791,35.2397887],[129.0183766,35.2397759],[129.0183303,35.2396288],[129.018314,35.2395893],[129.0182872,35.2395218],[129.0182413,35.2394298],[129.0182213,35.2393888],[129.018178,35.2393173],[129.0181152,35.2392217],[129.0180428,35.2391126],[129.0179408,35.2389589],[129.0180264,35.2388875],[129.0180419,35.2388826],[129.0179713,35.2387778],[129.0178863,35.2386509],[129.0178698,35.238627],[129.0177936,35.2385117],[129.0177112,35.2383834],[129.0176797,35.2383366],[129.0176214,35.2382469],[129.0174536,35.2379902],[129.0173974,35.2379073],[129.0173095,35.2380057],[129.0172733,35.2380462],[129.0171878,35.2381319],[129.0171041,35.2382077],[129.0170439,35.2382413],[129.0170049,35.2382579],[129.0169616,35.2382678],[129.0165958,35.2383335],[129.0163067,35.2383896],[129.0162437,35.2384112],[129.0161927,35.2384363],[129.0161579,35.2384623],[129.0161224,35.2384978],[129.0160922,35.2385388],[129.0160766,35.2385675],[129.0160635,35.238604],[129.016047,35.2386548],[129.0160238,35.2387166],[129.016,35.2387676],[129.0159735,35.2388094],[129.0159357,35.2388541],[129.0158475,35.2389279],[129.0157941,35.2389675],[129.0157232,35.2390141],[129.0155394,35.2391092],[129.0154967,35.2391126],[129.0154599,35.2391299]]]},"properties":{"name":"화명2주택재개발정비구역","type":"재개발","admCode":"26320","mnum":"62600002632020160154UDT1000001001"}},{"type":"Feature","geometry":{"type":"Polygon","coordinates":[[[129.0045134,35.2050197],[129.0045294,35.2050951],[129.0045464,35.2051828],[129.0045631,35.2052712],[129.0045795,35.2053604],[129.0045847,35.2053852],[129.0046077,35.2055169],[129.0046188,35.205574],[129.0046254,35.205612],[129.0046426,35.2057089],[129.0046586,35.2057905],[129.0046764,35.2058806],[129.0046799,35.2059033],[129.004809,35.2058831],[129.0048257,35.2059394],[129.004828,35.20595],[129.0048468,35.206017],[129.0048725,35.2060132],[129.0048769,35.206029],[129.004891,35.2060866],[129.0049086,35.206154],[129.004928,35.2062288],[129.0049112,35.2062317],[129.0049341,35.2062981],[129.0049528,35.206362],[129.0049555,35.206369],[129.0049779,35.2064398],[129.0049781,35.2064445],[129.0050003,35.2065159],[129.0050162,35.2065849],[129.0050315,35.2066502],[129.0050464,35.2067259],[129.0050575,35.2067697],[129.0049977,35.2068309],[129.0050198,35.206849],[129.0049982,35.2068703],[129.0050114,35.2068838],[129.0050539,35.2069275],[129.0050942,35.2068821],[129.0051247,35.2068485],[129.005158,35.2068143],[129.0052228,35.2067082],[129.0053046,35.206643],[129.0053606,35.2067415],[129.0054195,35.2068381],[129.0054289,35.206834],[129.0055219,35.2068009],[129.0055752,35.2069003],[129.0056053,35.2068851],[129.0056396,35.2068305],[129.0056397,35.2067757],[129.0057083,35.2068897],[129.0057013,35.2068961],[129.0057559,35.2069672],[129.0057671,35.2069625],[129.0058598,35.2070879],[129.0058134,35.2071228],[129.005865,35.2071365],[129.0059285,35.2071525],[129.005978,35.2071658],[129.0061397,35.2072058],[129.0062017,35.2072232],[129.0063407,35.2072602],[129.0063491,35.2072618],[129.0064324,35.2072841],[129.0064814,35.2072509],[129.0064699,35.2071988],[129.0064338,35.2070422],[129.0064127,35.2069534],[129.0063711,35.2067768],[129.0063625,35.2067405],[129.0063506,35.2066929],[129.0063442,35.2066659],[129.0063191,35.2065598],[129.0062976,35.2064692],[129.0062916,35.2064433],[129.0062827,35.2064045],[129.006229,35.206178],[129.0062062,35.2060828],[129.0062237,35.2060553],[129.0062122,35.2060125],[129.0062007,35.2059695],[129.0061879,35.2059218],[129.0061799,35.2058922],[129.0061257,35.20569],[129.0061219,35.2056758],[129.0060778,35.2055112],[129.006056,35.2054298],[129.0060457,35.2053914],[129.006,35.2052211],[129.0059908,35.2051869],[129.0059562,35.2050577],[129.0059551,35.2050537],[129.0059019,35.2048648],[129.0058888,35.2048184],[129.0058457,35.2047881],[129.0058319,35.2047785],[129.0056726,35.2048029],[129.0056342,35.2048103],[129.0054648,35.2048395],[129.0053251,35.2048606],[129.005292,35.2048674],[129.0052363,35.2048755],[129.0050609,35.2048937],[129.004934,35.2049127],[129.0048259,35.2049288],[129.0046946,35.2049483],[129.0045459,35.2049695],[129.0045134,35.2050197]]]},"properties":{"name":"구포1 주거환경관리사업 정비구역","type":"주거환경관리","admCode":"26320","mnum":"62600002632020160448UDT1000001001"}},{"type":"Feature","geometry":{"type":"Polygon","coordinates":[[[129.0309696,35.2056823],[129.0311619,35.207295],[129.0314965,35.2084834],[129.0317227,35.2092867],[129.0318111,35.209553],[129.0330598,35.2095017],[129.0330825,35.2095008],[129.0331116,35.2094995],[129.0331496,35.209498],[129.0331702,35.2094972],[129.0333817,35.2095637],[129.033513,35.2096051],[129.033514,35.2096053],[129.0335414,35.209614],[129.0337182,35.209539],[129.0337756,35.2095312],[129.0338325,35.2095234],[129.0340158,35.2095184],[129.034126,35.2095253],[129.0341244,35.2091743],[129.0341241,35.2090066],[129.0353303,35.209002],[129.035324,35.2085475],[129.0354295,35.2085463],[129.0354297,35.2085463],[129.0357605,35.2085427],[129.0358958,35.2085472],[129.0358959,35.2084996],[129.0359837,35.2084989],[129.0369378,35.2084959],[129.0369373,35.2082409],[129.0369373,35.2082281],[129.0368983,35.2081966],[129.0364127,35.208195],[129.0360162,35.2081947],[129.0358582,35.2081956],[129.0354293,35.2081959],[129.0347243,35.2081963],[129.0342203,35.2081968],[129.0342222,35.2081064],[129.0341861,35.2080748],[129.0341851,35.2078288],[129.0341714,35.2076817],[129.0341417,35.207432],[129.034127,35.2073275],[129.0341224,35.2072204],[129.0341219,35.2070694],[129.0341199,35.2065044],[129.0341089,35.2064608],[129.0341081,35.2063077],[129.0341079,35.2062047],[129.0351693,35.2062075],[129.035365,35.2062225],[129.0353658,35.2065249],[129.0353864,35.2064848],[129.0353862,35.2062241],[129.0353858,35.205998],[129.0353848,35.2057034],[129.0353843,35.2052327],[129.0353836,35.2051278],[129.035383,35.2050228],[129.035382,35.2050174],[129.0353124,35.2048763],[129.0352631,35.2048854],[129.0341569,35.2050908],[129.0338494,35.2051478],[129.0337809,35.2051605],[129.033333,35.2052437],[129.0326357,35.2053731],[129.0315734,35.20557],[129.0312522,35.2056299],[129.0311882,35.2056418],[129.0309696,35.2056823]],[[129.0331478,35.2089576],[129.0331475,35.2088524],[129.0331472,35.208747],[129.0331471,35.2087199],[129.0331468,35.2086145],[129.0331469,35.208509],[129.033147,35.208482],[129.0331471,35.2083765],[129.0331472,35.2082192],[129.0331902,35.2081963],[129.033312,35.2081963],[129.0334328,35.2081964],[129.0335536,35.2081964],[129.0336744,35.2081965],[129.0337952,35.2081965],[129.0339566,35.2081966],[129.0339801,35.2082285],[129.0339808,35.2082885],[129.0339818,35.2083769],[129.0339833,35.2085048],[129.0339836,35.2085319],[129.0339852,35.208659],[129.033957,35.208814],[129.0339354,35.2089321],[129.0338769,35.208934],[129.0337738,35.2089374],[129.0336706,35.2089406],[129.0335631,35.2089442],[129.0333041,35.2089525],[129.0331901,35.2089563],[129.0331478,35.2089576]]]},"properties":{"name":"주택재건축 정비구역","type":"재건축","admCode":"26320","mnum":"62600002632020150493UDT1003000002"}},{"type":"Feature","geometry":{"type":"Polygon","coordinates":[[[129.0137249,35.2332956],[129.0137328,35.2333372],[129.013751,35.2334331],[129.0137728,35.2334001],[129.0137892,35.2333923],[129.0138025,35.2333864],[129.0138479,35.2333631],[129.0139407,35.2333181],[129.014062,35.2332586],[129.0141783,35.2331997],[129.0143149,35.2333795],[129.014323,35.2333908],[129.0143458,35.2334198],[129.0144996,35.2335684],[129.0145353,35.2335636],[129.0145601,35.2335977],[129.0145998,35.2336536],[129.0146626,35.2337581],[129.0147315,35.2337109],[129.0147366,35.2337079],[129.0147978,35.2336718],[129.0149071,35.2336285],[129.0149862,35.2336088],[129.0151039,35.2336165],[129.015183,35.2336066],[129.015264,35.2335718],[129.0153003,35.2335439],[129.0153272,35.2335222],[129.0152693,35.2334794],[129.0151344,35.2334199],[129.0150995,35.2333765],[129.0150987,35.2333629],[129.0150972,35.2333339],[129.0151491,35.2333104],[129.0151924,35.2332665],[129.0152585,35.2332704],[129.0152929,35.2332085],[129.0153569,35.2331207],[129.0153973,35.2330706],[129.0154253,35.2330355],[129.0155152,35.2329559],[129.0153806,35.2327892],[129.0152794,35.2326621],[129.0151707,35.2325886],[129.0150855,35.2325119],[129.015073,35.2325013],[129.0149254,35.2324592],[129.0147306,35.232404],[129.014729,35.2323917],[129.0146747,35.2323701],[129.0146753,35.2323655],[129.0145269,35.2323371],[129.0143766,35.2324175],[129.0142083,35.2325078],[129.014093,35.2325702],[129.0139076,35.2326702],[129.0139126,35.2326948],[129.0139256,35.2327305],[129.0139163,35.2327708],[129.0139769,35.2328445],[129.014031,35.2329142],[129.0140495,35.232956],[129.0141238,35.2330317],[129.0141651,35.2331212],[129.0139966,35.2332048],[129.0137954,35.2333027],[129.013757,35.2333218],[129.0137249,35.2332956]]]},"properties":{"name":"화명2재건축정비구역","type":"재건축","admCode":"26320","mnum":"62600002632020210265UDT1000001001"}},{"type":"Feature","geometry":{"type":"Polygon","coordinates":[[[129.0172731,35.2140941],[129.0173022,35.2141275],[129.0184959,35.2141275],[129.018662,35.214131],[129.0189587,35.2141487],[129.0197584,35.2142052],[129.0197998,35.2141745],[129.019812,35.2138853],[129.0198169,35.2137678],[129.0198363,35.2133311],[129.0190291,35.2133071],[129.019024,35.2134321],[129.0190188,35.2135544],[129.0190067,35.2138309],[129.0186772,35.2138222],[129.0185489,35.213818],[129.0185532,35.2137314],[129.0185619,35.213531],[129.0181589,35.2135174],[129.017735,35.2135036],[129.0175527,35.2134976],[129.0173954,35.2134931],[129.0173544,35.2136946],[129.0173307,35.2138109],[129.0172731,35.2140941]]]},"properties":{"name":"","type":"기타","admCode":"26320","mnum":"62600002632020190069UDT1000001001"}},{"type":"Feature","geometry":{"type":"Polygon","coordinates":[[[129.0436617,35.2074172],[129.0438158,35.207168],[129.0435164,35.207028],[129.0429031,35.2067412],[129.0426144,35.2063857],[129.0425417,35.2062962],[129.0423805,35.2060977],[129.0419268,35.205539],[129.0417977,35.2054089],[129.0404931,35.2057235],[129.040391,35.2057734],[129.0407177,35.2061727],[129.0409946,35.2065097],[129.0410829,35.2066152],[129.0410893,35.2066213],[129.0417894,35.2069531],[129.0418511,35.2069829],[129.0418987,35.207005],[129.0420308,35.2070317],[129.0423237,35.2070836],[129.0426568,35.2072238],[129.0432957,35.2074857],[129.0435528,35.2075931],[129.0436617,35.2074172]]]},"properties":{"name":"재건축정비구역","type":"재건축","admCode":"26320","mnum":"62600002632019990000UDT1003000001"}},{"type":"Feature","geometry":{"type":"Polygon","coordinates":[[[129.0035809,35.2048025],[129.0037386,35.2046057],[129.0037676,35.2045409],[129.0037668,35.2044711],[129.0037486,35.2044032],[129.0037058,35.2041203],[129.0036855,35.2039059],[129.0036701,35.2037977],[129.0036506,35.2036901],[129.0036378,35.2036375],[129.0036275,35.2035968],[129.0036047,35.2035478],[129.0035075,35.2032217],[129.0034846,35.2031282],[129.0033493,35.2026994],[129.0032922,35.2025186],[129.0032775,35.2024471],[129.0032766,35.2023929],[129.0032836,35.2023378],[129.0034352,35.2021362],[129.0033949,35.2021138],[129.0033855,35.2021113],[129.0033165,35.2020887],[129.0032555,35.2021272],[129.0030762,35.202345],[129.0030601,35.2023767],[129.0029741,35.2025389],[129.0027689,35.2027519],[129.002578,35.2029378],[129.0025617,35.2029534],[129.0025058,35.2030435],[129.0024756,35.2030896],[129.0024655,35.2030945],[129.0024393,35.2031073],[129.0023134,35.203169],[129.0022484,35.2032021],[129.0021844,35.2032393],[129.0021383,35.2032652],[129.0020721,35.2033036],[129.0020333,35.2033247],[129.0019722,35.203359],[129.001888,35.2033974],[129.0018675,35.2034155],[129.0018181,35.2034523],[129.0017864,35.2034858],[129.00174,35.2035494],[129.0016251,35.2037235],[129.0015955,35.2037669],[129.0015776,35.2037917],[129.0015274,35.203868],[129.0014924,35.2039196],[129.0014803,35.2039374],[129.0014576,35.2039702],[129.0013862,35.2040753],[129.0013492,35.2041299],[129.0013468,35.2041423],[129.0013277,35.2042551],[129.0013361,35.2042659],[129.0013599,35.2042965],[129.0013735,35.2043136],[129.0014137,35.2043223],[129.0014177,35.2043232],[129.0015698,35.2043561],[129.0016161,35.2043651],[129.0017931,35.2044025],[129.0018421,35.2044127],[129.0019926,35.2044442],[129.0021485,35.204476],[129.0021921,35.2044873],[129.0023007,35.204508],[129.0024123,35.2045313],[129.0025263,35.2045544],[129.002569,35.204564],[129.0026985,35.2045907],[129.0028274,35.2046171],[129.0028696,35.2046256],[129.0029747,35.2046474],[129.0030404,35.2046608],[129.003068,35.2046646],[129.0032857,35.2046994],[129.0033252,35.2047108],[129.0033528,35.2047179],[129.0033815,35.204727],[129.0035126,35.204772],[129.0035809,35.2048025]]]},"properties":{"name":"주택재개발정비구역","type":"재개발","admCode":"26320","mnum":"62600002632020040000UDT1005000002"}},{"type":"Feature","geometry":{"type":"Polygon","coordinates":[[[129.0144903,35.2125382],[129.0138846,35.212387],[129.0133293,35.2122482],[129.0133106,35.2122432],[129.013225,35.212222],[129.0130566,35.2121794],[129.0129406,35.2121503],[129.012807,35.2121174],[129.0126269,35.2120722],[129.0120932,35.2119389],[129.0120324,35.212101],[129.012003,35.2121744],[129.0119292,35.2123683],[129.0118944,35.2124597],[129.0118527,35.2125738],[129.0118214,35.21265],[129.0117523,35.2128388],[129.0117552,35.2128441],[129.0117702,35.2128699],[129.0124594,35.2130428],[129.0128461,35.2131405],[129.0130036,35.2131794],[129.0139316,35.2134098],[129.0141673,35.2134679],[129.0143624,35.212953],[129.0145178,35.2125441],[129.0144903,35.2125382]]]},"properties":{"name":"덕천2-1주택재건축정비구역","type":"재건축","admCode":"26320","mnum":"62600002632020080514UDT1000001001"}},{"type":"Feature","geometry":{"type":"Polygon","coordinates":[[[129.0058284,35.2060141],[129.0058305,35.2060176],[129.0060928,35.2059854],[129.0061213,35.2059819],[129.0061764,35.2059334],[129.0061766,35.2059276],[129.006151,35.2059164],[129.0061508,35.2059163],[129.0060815,35.2058994],[129.0059836,35.2058859],[129.0059782,35.205895],[129.0059713,35.205913],[129.0059124,35.2059367],[129.0058609,35.2060027],[129.0058284,35.2060141]]]},"properties":{"name":"정비기반시설(공원)","type":"기반시설","admCode":"26320","mnum":"62600002632020170084UDT1000448844"}},{"type":"Feature","geometry":{"type":"Polygon","coordinates":[[[129.0341241,35.2090066],[129.0341244,35.2091743],[129.034126,35.2095253],[129.0341828,35.2095287],[129.0348198,35.2095765],[129.0349847,35.2095875],[129.0350177,35.2095888],[129.0354776,35.2095433],[129.0357735,35.2095141],[129.035894,35.209503],[129.0358943,35.2090921],[129.0358958,35.2085472],[129.0357605,35.2085427],[129.0354297,35.2085463],[129.0354295,35.2085463],[129.035324,35.2085475],[129.0353303,35.209002],[129.0341241,35.2090066]]]},"properties":{"name":"만덕4 재건축사업 정비구역","type":"재건축","admCode":"26320","mnum":"62600002632020220339UDT1000001001"}},{"type":"Feature","geometry":{"type":"Polygon","coordinates":[[[129.0147497,35.247092],[129.0147035,35.2470706],[129.0146767,35.2470626],[129.0146665,35.2470595],[129.0146604,35.2470473],[129.0146184,35.2469622],[129.0145726,35.2469484],[129.0145571,35.2469437],[129.0144984,35.2469365],[129.0144564,35.2469252],[129.0144333,35.246919],[129.0144041,35.2469112],[129.0143329,35.2469201],[129.0143113,35.2469228],[129.0143086,35.2469231],[129.0143006,35.2469239],[129.0142324,35.2469262],[129.0142108,35.2469269],[129.0142024,35.2469277],[129.0140914,35.2469282],[129.0139691,35.2469325],[129.0138815,35.2469358],[129.0138547,35.2469284],[129.0137836,35.2469319],[129.0136316,35.2469383],[129.0136079,35.2469389],[129.0135398,35.2469196],[129.0135031,35.2468873],[129.0134433,35.2468344],[129.0133473,35.2468071],[129.0132959,35.2467764],[129.0131929,35.2467906],[129.0131605,35.2468023],[129.0131417,35.2468234],[129.0131721,35.2468481],[129.0132482,35.2469147],[129.0132319,35.2469404],[129.0132373,35.2470263],[129.0132515,35.247045],[129.0131339,35.2470954],[129.0131294,35.247088],[129.0131006,35.2470943],[129.0130898,35.2470958],[129.0130904,35.247114],[129.013128,35.2479786],[129.0131288,35.2480034],[129.013129,35.2480104],[129.0131329,35.2481326],[129.0131337,35.2481586],[129.0131475,35.2485962],[129.0131471,35.2487291],[129.0131468,35.248742],[129.0131467,35.2487543],[129.0131462,35.248835],[129.0131445,35.248918],[129.0131564,35.2489183],[129.013404,35.2489285],[129.0134334,35.2489285],[129.0134825,35.248929],[129.0135303,35.2490126],[129.0135492,35.2491223],[129.0135513,35.2491333],[129.0135534,35.2491449],[129.0135485,35.2491604],[129.0135392,35.2491869],[129.0135099,35.2492705],[129.0134555,35.2493617],[129.0141743,35.2492729],[129.0142855,35.2492592],[129.0146679,35.2487535],[129.0146607,35.2487405],[129.0145524,35.2485434],[129.0145215,35.2484874],[129.0145168,35.2484789],[129.0143838,35.2482372],[129.0143396,35.2481567],[129.0142386,35.2479731],[129.0142213,35.2479409],[129.0142068,35.2479136],[129.0139548,35.2474417],[129.0138896,35.2473196],[129.0139326,35.2472622],[129.0143653,35.2472374],[129.0144719,35.2472313],[129.0145312,35.2472509],[129.0145892,35.24727],[129.0146626,35.2472943],[129.0147497,35.247092]]]},"properties":{"name":"주택재개발정비구역","type":"재개발","admCode":"26320","mnum":"62600002632020050250UDT1001000002"}},{"type":"Feature","geometry":{"type":"Polygon","coordinates":[[[129.0141673,35.2134679],[129.0142638,35.2134919],[129.0143625,35.2135166],[129.0154821,35.2137963],[129.015641,35.2138341],[129.0159733,35.2138967],[129.016188,35.213937],[129.0163656,35.2139704],[129.0171084,35.2141105],[129.0171399,35.2141165],[129.0171748,35.2140975],[129.0171862,35.2140911],[129.0172105,35.2139705],[129.017182,35.2139636],[129.0172227,35.2137844],[129.0172408,35.2136872],[129.0172777,35.2135118],[129.0173038,35.2134106],[129.0173316,35.2132446],[129.0171082,35.2131886],[129.0166377,35.2130708],[129.0159671,35.2129043],[129.0159463,35.2128987],[129.0158617,35.2128778],[129.0158388,35.2128719],[129.0157256,35.2128437],[129.0152752,35.2127315],[129.0145999,35.2125647],[129.0145776,35.2125589],[129.0145178,35.2125441],[129.0143624,35.212953],[129.0141673,35.2134679]]]},"properties":{"name":"덕천2주택재건축정비구역","type":"재건축","admCode":"26320","mnum":"62600002632020170259UDT1000002000"}},{"type":"Feature","geometry":{"type":"Polygon","coordinates":[[[129.0024911,35.2029054],[129.0025538,35.2028909],[129.0025712,35.2028739],[129.0025944,35.2028513],[129.0026497,35.2027924],[129.0027207,35.2027218],[129.0027779,35.2026644],[129.0028234,35.2026187],[129.0028517,35.202585],[129.0029158,35.2025175],[129.0029894,35.2023876],[129.0029856,35.202377],[129.0030678,35.2022961],[129.0031367,35.2021576],[129.0028673,35.2020435],[129.0028558,35.2020486],[129.0028156,35.2021206],[129.002491,35.2019881],[129.0022979,35.2019096],[129.0021771,35.2017996],[129.0021522,35.2017769],[129.0020536,35.2016736],[129.0019822,35.2016011],[129.0018448,35.2016526],[129.0016135,35.2014593],[129.0015616,35.2014159],[129.0015399,35.2013977],[129.0015252,35.2013856],[129.0012707,35.2011753],[129.0012494,35.2011576],[129.0011407,35.2010679],[129.0009871,35.2009409],[129.0009553,35.2010562],[129.0009278,35.2011551],[129.0008616,35.2013936],[129.0008202,35.2013851],[129.0007667,35.201535],[129.0007445,35.2015927],[129.000708,35.2016898],[129.000687,35.2017652],[129.0006787,35.201814],[129.000678,35.2018412],[129.0006596,35.2018392],[129.0006596,35.2018046],[129.0005849,35.2017675],[129.0005013,35.2018533],[129.0003886,35.2018048],[129.0003262,35.2019198],[129.000277,35.2020252],[129.0003656,35.2020698],[129.0004613,35.2021094],[129.0004919,35.2021204],[129.0005978,35.2021568],[129.0006203,35.2021646],[129.000651,35.2021796],[129.0007066,35.2022085],[129.0009849,35.2022988],[129.0012304,35.2023954],[129.0012546,35.202405],[129.0016081,35.2025495],[129.0017047,35.2025886],[129.0017236,35.2025963],[129.0018595,35.2026515],[129.0019814,35.2026979],[129.0020057,35.2027071],[129.0021221,35.2027513],[129.002221,35.2027902],[129.0023337,35.2028386],[129.0024461,35.202886],[129.0024911,35.2029054]]]},"properties":{"name":"정비구역","type":"기타","admCode":"26320","mnum":"62600002632020240032UDT1000001001"}},{"type":"Feature","geometry":{"type":"Polygon","coordinates":[[[129.1281007,35.191515],[129.128166,35.1916599],[129.1281953,35.191725],[129.1282503,35.1916688],[129.1283801,35.1916836],[129.1284244,35.1916884],[129.1284244,35.1916884],[129.1284973,35.1918499],[129.1286592,35.1918469],[129.1286541,35.1916624],[129.128663,35.1915949],[129.1289528,35.1916208],[129.1292827,35.1916518],[129.1294256,35.1916676],[129.1295902,35.191684],[129.1303645,35.1917629],[129.1304888,35.1917753],[129.1305105,35.1917534],[129.1305235,35.1916696],[129.1305379,35.1915777],[129.1305522,35.1914858],[129.1305665,35.1913939],[129.1305853,35.1912736],[129.1305853,35.1912736],[129.1305949,35.1912688],[129.1305934,35.1912522],[129.1304799,35.1912123],[129.1303648,35.1911714],[129.1304286,35.1911133],[129.1308255,35.1907517],[129.1308268,35.1907001],[129.1308455,35.1906321],[129.1308796,35.1905686],[129.1309289,35.1905116],[129.1309906,35.1904635],[129.1310259,35.1904457],[129.1310332,35.1903891],[129.1305444,35.1900283],[129.1304196,35.1899361],[129.130091,35.1896935],[129.1300347,35.1896933],[129.129234,35.1904278],[129.1292363,35.1904711],[129.1294687,35.1906618],[129.1293857,35.1907718],[129.1292796,35.1908183],[129.1291961,35.190796],[129.1291143,35.190774],[129.1290853,35.1907674],[129.1290701,35.1907644],[129.1290594,35.1907621],[129.1290426,35.19076],[129.1290303,35.1907596],[129.1290026,35.1907597],[129.1289755,35.1907614],[129.1289462,35.1907653],[129.1289374,35.1907667],[129.1289186,35.1907697],[129.1288912,35.1907769],[129.1288402,35.1907972],[129.1287967,35.1908164],[129.1287903,35.1908202],[129.1286895,35.190889],[129.1286198,35.1909365],[129.1285161,35.1910072],[129.1284955,35.1910228],[129.1284738,35.1910411],[129.1284537,35.1910617],[129.1284393,35.1910801],[129.1284247,35.1911022],[129.1284237,35.191104],[129.1284131,35.1911233],[129.1284034,35.1911463],[129.1283969,35.1911699],[129.1283932,35.1911918],[129.1283925,35.1912019],[129.1283914,35.1912179],[129.1283917,35.1912387],[129.1283952,35.191266],[129.1284004,35.1912876],[129.1284056,35.1913047],[129.1284081,35.1913133],[129.1284317,35.1913575],[129.1285372,35.1915431],[129.1285508,35.1915672],[129.1283992,35.1915674],[129.1281349,35.1915374],[129.1281007,35.191515]]]},"properties":{"name":"재송5 재건축사업 정비구역","type":"재건축","admCode":"26350","mnum":"62600002635020250445UDT1000001001"}},{"type":"Feature","geometry":{"type":"Polygon","coordinates":[[[129.1154336,35.1974456],[129.1160776,35.198722],[129.116359,35.1987744],[129.1176676,35.1980614],[129.1176723,35.1980319],[129.1174548,35.1977627],[129.1175894,35.1976892],[129.1174082,35.1974658],[129.1178769,35.197375],[129.1185848,35.1972447],[129.1184302,35.196155],[129.1183941,35.1961292],[129.1183652,35.1961119],[129.1183398,35.1961169],[129.1182655,35.1961314],[129.118038,35.1961756],[129.1179547,35.1961917],[129.1175547,35.1962692],[129.1171725,35.1963419],[129.1168458,35.1964052],[129.1167886,35.196492],[129.1169015,35.1966326],[129.1166958,35.1967469],[129.1154336,35.1974456]]]},"properties":{"name":"","type":"기타","admCode":"26350","mnum":"62600002635020240309UDT1000001001"}},{"type":"Feature","geometry":{"type":"Polygon","coordinates":[[[129.1387814,35.1736611],[129.1387916,35.1736876],[129.138789,35.1737205],[129.1387845,35.173745],[129.138964,35.1738834],[129.1391514,35.1740566],[129.139186,35.1741035],[129.13923,35.1741356],[129.1394182,35.1742261],[129.1394684,35.1742674],[129.1395151,35.1743437],[129.1397039,35.174496],[129.1397838,35.1745925],[129.1397855,35.174594],[129.1397978,35.1746049],[129.1398523,35.1746456],[129.1398764,35.174651],[129.1399803,35.1746966],[129.140048,35.1747646],[129.1400617,35.1748271],[129.1401131,35.1748958],[129.1401383,35.1749171],[129.140169,35.1749399],[129.1402168,35.1749644],[129.1402594,35.1749671],[129.1402907,35.1749691],[129.1403927,35.1748932],[129.1404846,35.1749862],[129.1405438,35.1749954],[129.1406611,35.1749801],[129.1406626,35.1749724],[129.1407907,35.1749344],[129.1408403,35.1749197],[129.1408439,35.1749187],[129.140881,35.174936],[129.1408804,35.1749065],[129.1409875,35.1750559],[129.1410147,35.1750446],[129.1410058,35.1749114],[129.1409921,35.1747081],[129.1409897,35.1746715],[129.1409769,35.1746097],[129.1409469,35.1745305],[129.140925,35.1744892],[129.1409029,35.1744552],[129.1408558,35.1744011],[129.14081,35.1743483],[129.1407522,35.1742743],[129.1406818,35.1741758],[129.140648,35.1741283],[129.1406273,35.1740843],[129.1405229,35.1738612],[129.140482,35.1737055],[129.1404655,35.1736673],[129.1404297,35.1735845],[129.1403684,35.17349],[129.1403595,35.1734763],[129.140293,35.1733993],[129.140213,35.1733157],[129.1401768,35.1732528],[129.1401646,35.1732317],[129.140099,35.1731058],[129.1400856,35.1730739],[129.1400641,35.1730226],[129.1400438,35.1729611],[129.1400316,35.1729239],[129.1400014,35.1728033],[129.1399826,35.1726842],[129.1399778,35.1726048],[129.1399727,35.1725198],[129.1399703,35.1724803],[129.1399618,35.1723377],[129.1399381,35.1721713],[129.1399273,35.1721328],[129.1399098,35.1720824],[129.139891,35.1720449],[129.1398131,35.1718886],[129.1397455,35.1717531],[129.1396443,35.1715503],[129.139584,35.171442],[129.1395659,35.1713711],[129.1395185,35.1712016],[129.1395121,35.1711752],[129.1395021,35.1711916],[129.1395521,35.1713746],[129.1395745,35.1714653],[129.1395941,35.1715401],[129.1396146,35.1716179],[129.1396277,35.17167],[129.1396349,35.1716937],[129.1396504,35.1717513],[129.1396673,35.1718176],[129.1396954,35.1718961],[129.1397371,35.1720116],[129.139762,35.172076],[129.1396454,35.1720762],[129.1396709,35.1721416],[129.1396738,35.1721466],[129.1394825,35.1722049],[129.1394737,35.1722526],[129.1393645,35.1722736],[129.1392943,35.1722874],[129.139257,35.1723052],[129.1392397,35.1723131],[129.1392264,35.1723196],[129.1391948,35.1723349],[129.1391686,35.1724054],[129.1391355,35.1724546],[129.1390687,35.1725158],[129.1390162,35.1725575],[129.1389949,35.1725803],[129.1389967,35.1726146],[129.139032,35.1726395],[129.139041,35.1726667],[129.1390657,35.1727414],[129.1391106,35.1727833],[129.1391403,35.172854],[129.1391885,35.1729362],[129.1392059,35.1729745],[129.1392182,35.1729992],[129.1392189,35.1730388],[129.1392104,35.1730698],[129.1391928,35.1731067],[129.1391867,35.1731193],[129.1391529,35.1731854],[129.1391189,35.1732247],[129.1390958,35.1732829],[129.139071,35.1733282],[129.1390801,35.173421],[129.1390409,35.1734213],[129.13899,35.1734265],[129.1389455,35.1734421],[129.1389257,35.1734544],[129.1388453,35.173591],[129.1387977,35.1736346],[129.1387838,35.1736456],[129.1387814,35.1736611]]]},"properties":{"name":"","type":"기타","admCode":"26350","mnum":"62600002635020140409UDT1000001001"}},{"type":"Feature","geometry":{"type":"Polygon","coordinates":[[[129.1354562,35.1724325],[129.13562,35.1729912],[129.135654,35.1731108],[129.1357957,35.1736545],[129.1358526,35.1738727],[129.1359104,35.1740948],[129.1360084,35.1740977],[129.1360215,35.1740974],[129.1360619,35.1742974],[129.1368769,35.1744852],[129.1375442,35.1746384],[129.1377767,35.1746444],[129.1378548,35.1746242],[129.138211,35.1745322],[129.1383157,35.1745051],[129.1383328,35.1745001],[129.1384719,35.174454],[129.1387219,35.1745479],[129.1389261,35.174615],[129.1392792,35.1749127],[129.1398009,35.1753524],[129.1400204,35.1755374],[129.1402431,35.1757251],[129.1402465,35.1757279],[129.140434,35.1758859],[129.1407496,35.1761519],[129.1408016,35.176111],[129.1408079,35.1761061],[129.1408514,35.1760718],[129.1409091,35.1760379],[129.1408846,35.1760201],[129.1408754,35.176006],[129.140858,35.1759773],[129.1408295,35.1759021],[129.1408197,35.1758749],[129.1408743,35.175603],[129.1410149,35.1754129],[129.1410399,35.1752095],[129.1410175,35.1750957],[129.1409875,35.1750559],[129.1408804,35.1749065],[129.140881,35.174936],[129.1408721,35.1749318],[129.1408439,35.1749187],[129.1408403,35.1749197],[129.1407907,35.1749344],[129.1406626,35.1749724],[129.1406611,35.1749801],[129.1405438,35.1749954],[129.1404846,35.1749862],[129.1403927,35.1748932],[129.1402907,35.1749691],[129.1402594,35.1749671],[129.1402168,35.1749644],[129.140169,35.1749399],[129.1401383,35.1749171],[129.1401131,35.1748958],[129.1400617,35.1748271],[129.140048,35.1747646],[129.1399803,35.1746966],[129.1398764,35.174651],[129.1398523,35.1746456],[129.1398378,35.1746425],[129.1397951,35.1746062],[129.1397838,35.1745925],[129.1397039,35.174496],[129.1395151,35.1743437],[129.1394684,35.1742674],[129.1394182,35.1742261],[129.13923,35.1741356],[129.139186,35.1741035],[129.1391514,35.1740566],[129.138964,35.1738834],[129.1387845,35.173745],[129.138789,35.1737205],[129.1387916,35.1736876],[129.1387814,35.1736611],[129.1387774,35.1736506],[129.1387838,35.1736456],[129.1387977,35.1736346],[129.1388453,35.173591],[129.1389257,35.1734544],[129.1389455,35.1734421],[129.1389251,35.1734159],[129.1389154,35.1733905],[129.1389263,35.1733563],[129.1389462,35.1733237],[129.1389524,35.1732567],[129.1389405,35.1732008],[129.138948,35.1731429],[129.1389645,35.1731071],[129.138968,35.1730993],[129.1389729,35.1730411],[129.1389595,35.1729623],[129.1389491,35.1729396],[129.1389227,35.1729361],[129.1388601,35.1729121],[129.138747,35.172923],[129.1386457,35.1729174],[129.1385931,35.1729278],[129.1385311,35.1729489],[129.1385007,35.1729487],[129.1384685,35.1729309],[129.1384517,35.1728645],[129.1384185,35.1728024],[129.1382791,35.1726676],[129.1382116,35.1725827],[129.1381062,35.1724711],[129.1380573,35.1724019],[129.1377895,35.1725301],[129.1369679,35.1725],[129.1369544,35.1724995],[129.1361665,35.1724703],[129.1361697,35.1720571],[129.13605,35.1721808],[129.1359545,35.1722795],[129.1359528,35.1724125],[129.1359517,35.1725086],[129.1356629,35.1725061],[129.1356102,35.1722756],[129.1355058,35.1723363],[129.1355448,35.1723927],[129.1354562,35.1724325]]]},"properties":{"name":"우동1재건축정비구역","type":"재건축","admCode":"26350","mnum":"62600002635020190234UDT1000001008"}},{"type":"Feature","geometry":{"type":"Polygon","coordinates":[[[129.1563872,35.1632564],[129.1566927,35.1637146],[129.1566974,35.1636971],[129.1566998,35.1636881],[129.1567091,35.1636628],[129.1567273,35.1636463],[129.1567411,35.1636363],[129.1567571,35.1636315],[129.156777,35.1636256],[129.1568172,35.1636248],[129.157014,35.1637516],[129.1570883,35.1637994],[129.1571136,35.1638157],[129.1572072,35.1638748],[129.1573158,35.1639443],[129.1574281,35.1640157],[129.1574712,35.1640428],[129.1575221,35.1640729],[129.1576219,35.1641336],[129.1576282,35.1641368],[129.1577282,35.1641869],[129.1578351,35.1642444],[129.1579114,35.1642855],[129.1579288,35.1642949],[129.1581101,35.1644009],[129.1582151,35.1644592],[129.1583351,35.1645259],[129.1584672,35.1645993],[129.1586534,35.1647026],[129.1586787,35.164716],[129.1587346,35.1647474],[129.1588564,35.1648146],[129.1589865,35.1648862],[129.1590644,35.1649292],[129.1591774,35.1649913],[129.1593735,35.1650981],[129.1594061,35.1651165],[129.1595419,35.1651924],[129.1594096,35.1653476],[129.1593606,35.1654077],[129.1593557,35.165414],[129.1593086,35.1654696],[129.1592378,35.1655531],[129.159216,35.1655858],[129.1591149,35.1657125],[129.1589611,35.1659057],[129.1589569,35.1659111],[129.1588817,35.166001],[129.1588786,35.166006],[129.158855,35.1660339],[129.1587725,35.1661315],[129.1586943,35.166227],[129.1585904,35.166355],[129.1585693,35.1663809],[129.158483,35.1665071],[129.1584343,35.1665978],[129.1583744,35.1667067],[129.1583276,35.1667898],[129.1582769,35.16688],[129.1582626,35.1669056],[129.1582102,35.1669986],[129.1581341,35.1671439],[129.1580546,35.1672845],[129.1580297,35.1673285],[129.1580203,35.1673451],[129.1579808,35.1674158],[129.1579672,35.16744],[129.1579145,35.1675355],[129.1579076,35.167548],[129.1578613,35.1676321],[129.1578086,35.1677229],[129.1577704,35.1677888],[129.1577328,35.1678537],[129.1576481,35.1679861],[129.1576991,35.1679723],[129.1577335,35.1679622],[129.1578886,35.1679164],[129.1579674,35.1678929],[129.1579931,35.1678868],[129.1581676,35.167836],[129.1581838,35.1678317],[129.1583102,35.1677934],[129.1585712,35.1677179],[129.1586322,35.1677022],[129.1587461,35.1676692],[129.1588168,35.1676477],[129.1589242,35.1676161],[129.1590714,35.1675728],[129.159102,35.1675652],[129.1591057,35.1675803],[129.1591249,35.1676037],[129.1591702,35.1676587],[129.1592158,35.1677119],[129.159228,35.1677096],[129.1592616,35.1677556],[129.1592844,35.1678141],[129.1593222,35.1679085],[129.1594467,35.1678748],[129.1594433,35.1678671],[129.1595642,35.1678354],[129.1595855,35.1678981],[129.1596038,35.1679434],[129.1596593,35.1679908],[129.1596797,35.1679994],[129.1597392,35.1680679],[129.1597974,35.1680971],[129.1598332,35.1681121],[129.1598867,35.1681317],[129.1599673,35.1681473],[129.1599002,35.1682048],[129.1599097,35.1682133],[129.1598965,35.1682165],[129.1599262,35.1683537],[129.1599142,35.1683695],[129.1598676,35.1684082],[129.1598547,35.1684158],[129.1598498,35.1684526],[129.1598281,35.1686121],[129.159852,35.1686433],[129.1598312,35.1686615],[129.1598536,35.1686989],[129.1599013,35.1687208],[129.1599549,35.168742],[129.1599881,35.1687502],[129.1602869,35.1688085],[129.1604055,35.168831],[129.1605153,35.1688517],[129.1606323,35.1688739],[129.1606843,35.1689859],[129.160738,35.1690989],[129.1607834,35.169195],[129.1607874,35.1692031],[129.1608072,35.1692255],[129.1608427,35.1692658],[129.1609212,35.1693587],[129.1610054,35.1694583],[129.1610189,35.1694741],[129.1611268,35.1696004],[129.1611918,35.1699471],[129.161219,35.1699201],[129.1612866,35.1702532],[129.1613171,35.1703139],[129.1613795,35.1704176],[129.1614483,35.1705421],[129.1614644,35.1705714],[129.1614815,35.1706241],[129.1615001,35.1706128],[129.161706,35.1704968],[129.1618483,35.1704165],[129.1618754,35.1704012],[129.1619293,35.1703708],[129.1619569,35.1703552],[129.1620523,35.1703012],[129.1621842,35.1702273],[129.1623195,35.1701502],[129.16252,35.1700379],[129.1625382,35.1701098],[129.1625326,35.1700427],[129.1626715,35.1700426],[129.162701,35.1700741],[129.1627064,35.1700813],[129.1627845,35.1701781],[129.1630477,35.1703201],[129.1632176,35.1704113],[129.1633572,35.1704858],[129.1633829,35.1704374],[129.1633856,35.1704323],[129.1633855,35.1704102],[129.1633855,35.1704035],[129.1633944,35.17034],[129.1633929,35.1702948],[129.163338,35.1699406],[129.1633263,35.1698648],[129.1633081,35.1697471],[129.1633067,35.1697414],[129.1632807,35.1696311],[129.1631338,35.1690743],[129.1630833,35.1689599],[129.1630688,35.1689433],[129.1630393,35.1689095],[129.1628558,35.1687853],[129.162801,35.1686599],[129.1627894,35.1686499],[129.1627824,35.1686422],[129.1627771,35.1686345],[129.1627681,35.1686076],[129.1627668,35.1685988],[129.162765,35.1685806],[129.1627646,35.1685531],[129.1627654,35.1685442],[129.1627682,35.1685261],[129.1627732,35.1685083],[129.1627802,35.168491],[129.1627882,35.1684741],[129.1627968,35.1684573],[129.1628061,35.1684408],[129.1628164,35.1684247],[129.1628273,35.1684089],[129.1628387,35.1683933],[129.1628511,35.1683782],[129.1628642,35.1683636],[129.1629028,35.1683209],[129.1629238,35.1682978],[129.1629931,35.1682214],[129.1631077,35.168095],[129.1631267,35.1680727],[129.1631385,35.1680575],[129.1631518,35.1680365],[129.1631589,35.1680254],[129.1631746,35.1679941],[129.1631757,35.1679918],[129.1631791,35.1679832],[129.1631838,35.1679656],[129.163186,35.1679477],[129.163186,35.1679296],[129.163185,35.1679206],[129.1631811,35.167904],[129.1631808,35.1679028],[129.1631739,35.1678857],[129.1631648,35.1678692],[129.1631484,35.1678456],[129.1631358,35.1678307],[129.1631209,35.1678171],[129.1631123,35.1678117],[129.1631023,35.1678079],[129.1630537,35.1677385],[129.1629613,35.167564],[129.1629489,35.1675388],[129.1629376,35.1675132],[129.1629305,35.1674961],[129.1629243,35.1674786],[129.1629214,35.1674698],[129.1629192,35.1674609],[129.1629114,35.167367],[129.1629114,35.1673663],[129.1629078,35.1672505],[129.1629013,35.1672225],[129.1628868,35.16716],[129.162911,35.1670501],[129.1629143,35.1670354],[129.1629444,35.166899],[129.1629345,35.1668973],[129.1629082,35.1668648],[129.1628889,35.1668538],[129.1627934,35.1667998],[129.1626809,35.1667364],[129.1625671,35.1666727],[129.1625686,35.1666687],[129.1626054,35.1666206],[129.1625052,35.1666384],[129.1624499,35.1666083],[129.1623638,35.1665648],[129.1622808,35.166523],[129.1622661,35.1665137],[129.1619255,35.1663392],[129.161914,35.1663332],[129.1618513,35.1663009],[129.1617714,35.1662608],[129.1616705,35.16621],[129.1615555,35.1661505],[129.1614772,35.1661097],[129.1613991,35.1660714],[129.1612044,35.1659741],[129.1610246,35.1658781],[129.1609991,35.1658688],[129.1609879,35.1658648],[129.1609795,35.1658608],[129.1608543,35.1658017],[129.160832,35.1657912],[129.1608122,35.1657082],[129.1610249,35.1654705],[129.1611152,35.1653653],[129.1612608,35.1651966],[129.1613483,35.1651833],[129.1613182,35.1651669],[129.1611713,35.1650848],[129.1611156,35.1650535],[129.1611026,35.1650461],[129.1610771,35.1650318],[129.1610806,35.1650921],[129.1609348,35.165261],[129.1608457,35.165365],[129.1606712,35.1655613],[129.1605599,35.1655783],[129.1604757,35.1655342],[129.160268,35.1654278],[129.1602491,35.165418],[129.1601651,35.1653745],[129.160021,35.1652985],[129.159885,35.1652237],[129.1596267,35.1650754],[129.159499,35.1650048],[129.1594655,35.164986],[129.1592687,35.1648788],[129.1591561,35.1648169],[129.1590782,35.164774],[129.1589482,35.1647023],[129.1588269,35.1646355],[129.1587697,35.1646034],[129.1587441,35.1645898],[129.1585595,35.1644873],[129.1584273,35.1644139],[129.1583073,35.1643472],[129.158204,35.1642898],[129.1580218,35.1641833],[129.1580018,35.1641725],[129.1579253,35.1641313],[129.1578162,35.1640726],[129.1575273,35.1639083],[129.1574159,35.1638383],[129.1573079,35.1637693],[129.1572153,35.1637093],[129.1571898,35.163693],[129.1571155,35.1636452],[129.1568723,35.1634885],[129.1563872,35.1632564]]]},"properties":{"name":"(자세한 사항은 별도문의 : 건축과)","type":"기타","admCode":"26350","mnum":"62600002635020070356UDT1000001001"}},{"type":"Feature","geometry":{"type":"Polygon","coordinates":[[[129.1265337,35.1786625],[129.1265338,35.1786693],[129.1265353,35.1786778],[129.1265378,35.1786874],[129.126541,35.1786813],[129.1265458,35.1786737],[129.1265521,35.1786665],[129.1265592,35.1786596],[129.126581,35.1786371],[129.1266029,35.1786146],[129.1267688,35.1784448],[129.126776,35.1784377],[129.1268582,35.178357],[129.1268895,35.1783258],[129.127014,35.1781985],[129.1270605,35.1781511],[129.1271546,35.1781404],[129.1273857,35.1782765],[129.1273705,35.1782861],[129.1272972,35.1783326],[129.1272096,35.1783553],[129.1271145,35.1784316],[129.1272152,35.1784877],[129.1272177,35.1784893],[129.1271767,35.1785078],[129.1272336,35.178524],[129.1272667,35.1785314],[129.1272938,35.1785595],[129.12732,35.1785396],[129.1276011,35.1783318],[129.1276732,35.1782819],[129.1277161,35.1782521],[129.1277187,35.1783082],[129.1279026,35.1784144],[129.1280721,35.1785123],[129.1282118,35.1785534],[129.1282235,35.1785544],[129.1282474,35.1785564],[129.1283553,35.1785654],[129.1287225,35.1787071],[129.1288474,35.1785434],[129.1289047,35.1784877],[129.1288902,35.1783052],[129.129128,35.1780483],[129.1293565,35.1780127],[129.1294291,35.1779103],[129.1295491,35.1778845],[129.1296712,35.1778033],[129.1297287,35.177765],[129.1297346,35.1776127],[129.1296706,35.1775694],[129.1296201,35.1775547],[129.1295519,35.1775143],[129.1294449,35.1774512],[129.129408,35.1774024],[129.1293628,35.1773083],[129.1293506,35.1772981],[129.1292409,35.177207],[129.1291869,35.177162],[129.1290358,35.177169],[129.1288564,35.1772042],[129.1287845,35.1772183],[129.1287785,35.1771275],[129.1287349,35.1771403],[129.1287361,35.177164],[129.1287397,35.1772273],[129.1287224,35.1772294],[129.1285909,35.1772586],[129.1285216,35.1772655],[129.1284705,35.1772742],[129.1284174,35.177282],[129.1284053,35.1772855],[129.1283643,35.1772975],[129.1282646,35.1773277],[129.1281976,35.1773673],[129.1281878,35.1773731],[129.1282009,35.1774122],[129.1282215,35.1774728],[129.1281988,35.1775115],[129.1281234,35.1775868],[129.1280012,35.1776472],[129.1279192,35.1776919],[129.1278475,35.1777368],[129.127823,35.1777523],[129.1277608,35.1777919],[129.1277251,35.1778146],[129.1276661,35.1778566],[129.127538,35.177964],[129.1274759,35.1780161],[129.1273856,35.1780919],[129.1273729,35.1781025],[129.1272554,35.1780334],[129.1272411,35.177962],[129.1272849,35.1779156],[129.1274464,35.177751],[129.1275218,35.1776823],[129.1275857,35.1776348],[129.1277312,35.1775358],[129.1277642,35.1775181],[129.1278025,35.1774975],[129.127849,35.1774401],[129.1278112,35.1774604],[129.12771,35.1775148],[129.1275635,35.1776148],[129.1274972,35.1776642],[129.1274208,35.177734],[129.1272683,35.1778888],[129.1271645,35.1779989],[129.12711,35.1780569],[129.1268639,35.178309],[129.1268308,35.1783418],[129.1267417,35.1784292],[129.1265772,35.1785978],[129.1265395,35.1786365],[129.1265358,35.1786451],[129.1265345,35.1786538],[129.1265337,35.1786625]]]},"properties":{"name":"주택재개발정비구역","type":"재개발","admCode":"26350","mnum":"62600002635020060007UDT1000001001"}},{"type":"Feature","geometry":{"type":"Polygon","coordinates":[[[129.1754107,35.163531],[129.1753707,35.1636898],[129.1753428,35.1638038],[129.1753209,35.1638931],[129.1753007,35.1639755],[129.1752805,35.1640579],[129.1752773,35.1640744],[129.1752732,35.1640877],[129.1752704,35.1641023],[129.1752627,35.1641305],[129.1752505,35.1641803],[129.175268,35.1641906],[129.1753261,35.164225],[129.1753842,35.1642594],[129.1754532,35.1643006],[129.1755016,35.1643296],[129.1755839,35.1643785],[129.1756663,35.1644274],[129.1755749,35.1645819],[129.1755585,35.1646096],[129.1755165,35.1646807],[129.1754785,35.1647449],[129.1754351,35.1648181],[129.1754189,35.1648449],[129.1753679,35.164929],[129.175351,35.1649571],[129.1753932,35.164997],[129.1755202,35.164947],[129.1755695,35.1649275],[129.1756616,35.1648912],[129.1756866,35.1648813],[129.1757536,35.1648549],[129.1758375,35.1648218],[129.1760552,35.164736],[129.1760667,35.1647315],[129.1762959,35.1646411],[129.1765544,35.1645392],[129.1767397,35.1644662],[129.1768517,35.164422],[129.1769348,35.1643892],[129.1769653,35.1643772],[129.1770284,35.1643523],[129.1770666,35.1643373],[129.1771048,35.1643222],[129.1772182,35.1642775],[129.1773315,35.1642328],[129.177575,35.1641368],[129.1778184,35.1640408],[129.177952,35.1639881],[129.1779762,35.1639786],[129.1780682,35.1639423],[129.1780209,35.1638623],[129.1779737,35.1637822],[129.1779707,35.1637778],[129.1779542,35.163753],[129.1779315,35.1637191],[129.1778768,35.163637],[129.1778357,35.1635801],[129.1778216,35.1635605],[129.177804,35.16354],[129.1777863,35.1635195],[129.1777696,35.1635001],[129.177759,35.1634877],[129.1777316,35.1634559],[129.1777047,35.1634272],[129.1776777,35.1633984],[129.1776565,35.1633758],[129.1775988,35.1633241],[129.1775411,35.1632724],[129.1775109,35.1632452],[129.1774806,35.1632181],[129.1774471,35.1631939],[129.1774136,35.1631697],[129.1773767,35.1631431],[129.1773609,35.1631317],[129.1773366,35.1631177],[129.1773123,35.1631038],[129.177252,35.1630691],[129.1771917,35.1630345],[129.177078,35.1629783],[129.1769644,35.1629221],[129.1769181,35.1629001],[129.1768796,35.1628818],[129.1767879,35.1628382],[129.1766961,35.1627946],[129.1765724,35.1627358],[129.1764685,35.1626865],[129.1764461,35.1626758],[129.176423,35.1626649],[129.1763878,35.1626482],[129.1763296,35.1626206],[129.1762818,35.1625979],[129.1762277,35.1625722],[129.1761797,35.1625492],[129.1761318,35.1625263],[129.1760944,35.1625083],[129.1759326,35.1624294],[129.1757709,35.1623504],[129.1757292,35.1623301],[129.1757095,35.1623204],[129.1756917,35.1623957],[129.1756873,35.1624143],[129.1756708,35.162481],[129.1756448,35.1625857],[129.1756188,35.1626904],[129.1756235,35.1626948],[129.1755887,35.1628236],[129.1755763,35.1628696],[129.1755353,35.163021],[129.1755028,35.1631497],[129.1754945,35.1631825],[129.1754685,35.1632867],[129.1754425,35.1633908],[129.1754358,35.1634175],[129.1754291,35.1634442],[129.1754321,35.1634461],[129.1754214,35.1634886],[129.1754107,35.163531]]]},"properties":{"name":"(자세한사항은 별도문의 : 건축과)","type":"기타","admCode":"26350","mnum":"62600002635020070231UDT1000001001"}},{"type":"Feature","geometry":{"type":"Polygon","coordinates":[[[129.1414887,35.1679085],[129.1416302,35.167909],[129.1417282,35.1678824],[129.1418182,35.1678857],[129.1418541,35.167887],[129.1420079,35.1679825],[129.1420593,35.1680559],[129.1420749,35.168087],[129.1420975,35.1681325],[129.1421011,35.1681397],[129.142117,35.1681387],[129.1421688,35.1681354],[129.1423363,35.1681224],[129.1423808,35.1681184],[129.1424032,35.1681164],[129.1424299,35.1681135],[129.1425653,35.1681025],[129.1425871,35.1681002],[129.1427564,35.1680829],[129.1428356,35.1680722],[129.1429417,35.1680845],[129.1430456,35.1681474],[129.1430721,35.1681559],[129.1431388,35.1681749],[129.1431829,35.1681875],[129.1432908,35.1682184],[129.1434143,35.1682205],[129.14403,35.1682209],[129.1441879,35.1682209],[129.1443217,35.1681517],[129.1443253,35.168064],[129.1443263,35.1680368],[129.1443438,35.1680223],[129.1443983,35.1679952],[129.1446541,35.1678779],[129.1446713,35.1678721],[129.1446428,35.16782],[129.1446289,35.1678079],[129.1445861,35.1678251],[129.1445467,35.1678361],[129.1444955,35.1678311],[129.1444575,35.1678186],[129.1444144,35.1677907],[129.1442849,35.1677581],[129.1442128,35.1677722],[129.1441093,35.167831],[129.1441037,35.167867],[129.1439496,35.1678635],[129.1439742,35.1678088],[129.143962,35.1677505],[129.1439508,35.167742],[129.1439508,35.1677332],[129.1439506,35.1676928],[129.1439069,35.167676],[129.1439075,35.1676651],[129.1439113,35.1675595],[129.1439139,35.1675276],[129.143906,35.167457],[129.1438377,35.1673148],[129.1436116,35.1673545],[129.1433399,35.1674786],[129.1433407,35.1674845],[129.143341,35.1674863],[129.1433185,35.1674873],[129.1433012,35.1673378],[129.1433163,35.1672922],[129.1433351,35.1672512],[129.143352,35.1672145],[129.1433665,35.167209],[129.143385,35.1670709],[129.1434155,35.1668434],[129.1434199,35.1668108],[129.1434225,35.1667912],[129.1434135,35.1665426],[129.1434427,35.1665323],[129.1434747,35.1665205],[129.14346,35.1664877],[129.1434463,35.1664588],[129.1434238,35.1663228],[129.1434153,35.1662793],[129.143408,35.1661946],[129.1434003,35.1661188],[129.1434174,35.1658911],[129.1434596,35.1656576],[129.1434758,35.1656108],[129.1434866,35.1654583],[129.1434919,35.1653434],[129.1435079,35.1650814],[129.1435113,35.165014],[129.1435197,35.1649737],[129.1435366,35.1648912],[129.1435555,35.1648407],[129.1435737,35.164805],[129.1435766,35.1647994],[129.1436104,35.1647492],[129.1436677,35.1646782],[129.1437098,35.164633],[129.1438218,35.1645238],[129.1442816,35.1641027],[129.1442841,35.1641003],[129.1443889,35.1640034],[129.1444066,35.1639869],[129.1444328,35.1639627],[129.1445145,35.163925],[129.1445148,35.1639182],[129.1445175,35.1638592],[129.1445206,35.1637607],[129.1445209,35.1637501],[129.1445265,35.1635877],[129.1445272,35.1635681],[129.1444519,35.1636079],[129.1443528,35.1636652],[129.144174,35.1637635],[129.1441497,35.1637742],[129.1441425,35.1637781],[129.1436401,35.1640473],[129.1433719,35.164191],[129.143325,35.1642278],[129.1432405,35.1642955],[129.1431448,35.1643705],[129.1431294,35.1643833],[129.14312,35.1643908],[129.1430108,35.1644774],[129.1429024,35.1646024],[129.1428471,35.1646661],[129.1426082,35.1649552],[129.1424314,35.1651683],[129.1424237,35.165185],[129.1424163,35.1652018],[129.1423044,35.1654218],[129.142263,35.1654937],[129.1421803,35.1654571],[129.1421651,35.165444],[129.1421546,35.1654281],[129.1421492,35.1654106],[129.142149,35.1653925],[129.1421542,35.165375],[129.1421642,35.1653589],[129.1422854,35.1652037],[129.1423023,35.1651692],[129.1423116,35.1651484],[129.1423181,35.1651355],[129.1423627,35.1650449],[129.142323,35.165097],[129.1422921,35.1651371],[129.1422799,35.1651542],[129.1421665,35.1653048],[129.1420721,35.1654231],[129.1419609,35.1655812],[129.1418762,35.165702],[129.1417999,35.1658079],[129.1418121,35.1658186],[129.1418685,35.1657692],[129.1419068,35.1657132],[129.1419889,35.1655958],[129.1420044,35.1655828],[129.1420226,35.1655727],[129.1420433,35.1655668],[129.1420652,35.1655654],[129.1420743,35.1655663],[129.142075,35.1655663],[129.1420761,35.1655665],[129.1420864,35.1655694],[129.1421987,35.1656209],[129.1421627,35.165695],[129.1421463,35.1657521],[129.1420989,35.1658963],[129.1420847,35.1659416],[129.1421119,35.1659538],[129.1420832,35.1659815],[129.1420696,35.1659849],[129.1420532,35.1660353],[129.1420461,35.1660575],[129.1419974,35.1662068],[129.1418208,35.1667763],[129.1418161,35.1667913],[129.1418137,35.1667991],[129.1418046,35.1668285],[129.1417712,35.1669362],[129.1417379,35.1670437],[129.1417065,35.1671491],[129.1416961,35.1671795],[129.1416915,35.1671932],[129.1416988,35.1671945],[129.1416736,35.1673041],[129.1416692,35.1673224],[129.1415505,35.1676804],[129.1415041,35.1678645],[129.1414887,35.1679085]]]},"properties":{"name":"주택재개발정비구역","type":"재개발","admCode":"26350","mnum":"62600002635020130033UDT1000001002"}},{"type":"Feature","geometry":{"type":"Polygon","coordinates":[[[129.1162665,35.1954907],[129.116283,35.1955423],[129.1163678,35.195523],[129.1165026,35.1959865],[129.1164235,35.1960016],[129.1164252,35.1960087],[129.1164638,35.1960685],[129.1164637,35.1960684],[129.1167239,35.1960187],[129.1169876,35.1959677],[129.1174425,35.1958807],[129.117513,35.1958772],[129.117543,35.1959715],[129.1175899,35.1961191],[129.1175598,35.1961733],[129.1171886,35.1962429],[129.1170711,35.196265],[129.117027,35.1962736],[129.1169079,35.1962964],[129.1168113,35.1963144],[129.1168083,35.1963144],[129.1166488,35.196318],[129.1167886,35.196492],[129.1168458,35.1964052],[129.1171725,35.1963419],[129.1175547,35.1962692],[129.1179547,35.1961917],[129.118038,35.1961756],[129.1182655,35.1961314],[129.1183398,35.1961169],[129.1183652,35.1961119],[129.1183941,35.1961292],[129.1184302,35.196155],[129.1184034,35.1959664],[129.1184252,35.195946],[129.118407,35.195812],[129.1182594,35.1947612],[129.1182082,35.1942775],[129.1181758,35.19407],[129.1180844,35.1939349],[129.1180682,35.193834],[129.1179755,35.1937734],[129.1167168,35.1940216],[129.1166656,35.1940459],[129.1166069,35.1940838],[129.1165617,35.1941291],[129.1165342,35.1941638],[129.1165081,35.1942043],[129.1164772,35.1942616],[129.1164474,35.1943352],[129.1164421,35.1943727],[129.1164404,35.1943767],[129.1164319,35.1943972],[129.1164331,35.1944293],[129.1164357,35.1944954],[129.1164964,35.1948801],[129.1164973,35.1948867],[129.116503,35.1949502],[129.1164979,35.195005],[129.1164897,35.1950733],[129.1164685,35.1951586],[129.11645,35.1952097],[129.1164135,35.1952873],[129.1163857,35.1953393],[129.116339,35.1954013],[129.1162856,35.195471],[129.1162665,35.1954907]]]},"properties":{"name":"반여3-1 주택재건축","type":"재건축","admCode":"26350","mnum":"62600002635020190257UDT1000001002"}},{"type":"Feature","geometry":{"type":"Polygon","coordinates":[[[129.1421687,35.1681354],[129.1422797,35.1683144],[129.1423827,35.1684835],[129.1424244,35.1685269],[129.1424798,35.1685846],[129.1426063,35.1687199],[129.1426541,35.1687715],[129.1427032,35.1688267],[129.1427258,35.1688594],[129.1427438,35.1688858],[129.1427989,35.1689693],[129.1428298,35.1689639],[129.1429418,35.1689697],[129.1431005,35.1689779],[129.1432771,35.1689871],[129.1433143,35.1690547],[129.1433377,35.1691515],[129.1433432,35.1691744],[129.1433444,35.1691791],[129.1433748,35.1691725],[129.1434039,35.1692688],[129.1433149,35.1692889],[129.1434263,35.1693416],[129.1434268,35.1693633],[129.1434281,35.1694255],[129.1434548,35.1694842],[129.1434828,35.1695514],[129.1434718,35.1695791],[129.1434191,35.1696097],[129.1432142,35.1696087],[129.1433213,35.1698212],[129.143958,35.169556],[129.1446759,35.16926],[129.1450969,35.1689109],[129.1451292,35.168882],[129.1461385,35.168517],[129.1460673,35.1684539],[129.1459096,35.1683142],[129.145797,35.168217],[129.1457095,35.1681398],[129.1456907,35.1681234],[129.145783,35.1681192],[129.1457861,35.1680786],[129.1457832,35.1680468],[129.1457826,35.1680356],[129.145787,35.167965],[129.1457942,35.1678493],[129.1457965,35.1678122],[129.1457991,35.1677715],[129.1457973,35.1677394],[129.1457694,35.1676598],[129.1457607,35.1676163],[129.1457652,35.1675763],[129.1457856,35.1675245],[129.1457845,35.1675038],[129.1458228,35.1674069],[129.1457494,35.167329],[129.1457196,35.1672994],[129.1457097,35.1672884],[129.1455827,35.1672792],[129.1455056,35.1672736],[129.1455112,35.1672856],[129.1454961,35.1673037],[129.1453648,35.1674685],[129.1451878,35.1675508],[129.1451139,35.1676295],[129.1450856,35.1676467],[129.1450053,35.1676827],[129.144956,35.1677193],[129.1448744,35.1677517],[129.1447752,35.1677708],[129.1446428,35.16782],[129.1446713,35.1678721],[129.1446541,35.1678779],[129.1443983,35.1679952],[129.1443438,35.1680223],[129.1443263,35.1680368],[129.1443253,35.1680639],[129.1443217,35.1681517],[129.1441878,35.1682209],[129.14403,35.1682209],[129.1434143,35.1682205],[129.1432908,35.1682184],[129.1431388,35.1681749],[129.1431177,35.1681689],[129.1430721,35.1681559],[129.1430456,35.1681473],[129.1429417,35.1680845],[129.1428356,35.1680722],[129.1427564,35.1680829],[129.1425871,35.1681002],[129.1425653,35.1681025],[129.1424299,35.1681135],[129.1424032,35.1681164],[129.1423808,35.1681184],[129.1423363,35.1681224],[129.1421687,35.1681354]]]},"properties":{"name":"우동 6주택재개발 정비구역","type":"재개발","admCode":"26350","mnum":"62600002635020070040UDT1000001001"}},{"type":"Feature","geometry":{"type":"Polygon","coordinates":[[[129.1394627,35.1688367],[129.1394683,35.1688676],[129.1394718,35.1688961],[129.1394846,35.1689364],[129.1395156,35.1690478],[129.1395528,35.1691866],[129.1395899,35.1693164],[129.1395924,35.1693339],[129.1396425,35.1694698],[129.1396522,35.1694967],[129.1396629,35.1695187],[129.1399527,35.1693644],[129.1402017,35.1692057],[129.1403856,35.1690696],[129.1405546,35.1689304],[129.1407292,35.1687639],[129.1408038,35.1686903],[129.1408058,35.168688],[129.1407757,35.1686664],[129.1407836,35.1686561],[129.1408122,35.1686188],[129.1408346,35.168585],[129.1408414,35.1685747],[129.1409054,35.168481],[129.1410005,35.1683627],[129.1410623,35.1682817],[129.1410691,35.1682739],[129.1411147,35.1682042],[129.141129,35.168183],[129.1411611,35.1681352],[129.1412099,35.1680701],[129.1412381,35.1680327],[129.141195,35.1680566],[129.1412514,35.1679387],[129.1412282,35.1679427],[129.1410547,35.1680045],[129.1409408,35.1680333],[129.1408824,35.1680362],[129.1408767,35.1680363],[129.1408049,35.1680329],[129.1407517,35.1680278],[129.140751,35.1680277],[129.1403957,35.1679053],[129.1403715,35.1678213],[129.1402934,35.1679335],[129.1402731,35.1679307],[129.1401906,35.1680057],[129.1401135,35.1681168],[129.1400289,35.1682016],[129.1400288,35.1682016],[129.1400287,35.1682017],[129.1399513,35.1682787],[129.1399509,35.1682793],[129.1398599,35.1683543],[129.139741,35.1684502],[129.1395662,35.1685968],[129.1395442,35.1686178],[129.1395322,35.1686355],[129.1395143,35.1686608],[129.1394916,35.1686953],[129.1394804,35.1687244],[129.1394699,35.1687501],[129.1394628,35.1687913],[129.1394627,35.1688367]]]},"properties":{"name":"우동2 재개발 정비구역","type":"재개발","admCode":"26350","mnum":"62600002635020180210UDT1000001001"}},{"type":"Feature","geometry":{"type":"Polygon","coordinates":[[[129.1703032,35.1635497],[129.1703194,35.1635726],[129.1704332,35.1635711],[129.1704348,35.1635667],[129.1706032,35.1635903],[129.1705846,35.1636322],[129.1706086,35.163635],[129.1707207,35.1635846],[129.17074,35.163601],[129.1707533,35.1636122],[129.1707754,35.163631],[129.1707538,35.1636819],[129.1707981,35.1637217],[129.1707661,35.1637521],[129.1707534,35.1637699],[129.170774,35.1637666],[129.1707968,35.1637795],[129.1708322,35.1638066],[129.1708635,35.163843],[129.1708767,35.1638402],[129.1708877,35.1638615],[129.1709068,35.1638441],[129.1709435,35.1638252],[129.1709696,35.1638119],[129.1710003,35.1637733],[129.1709995,35.1637568],[129.1710177,35.1637471],[129.1710704,35.1637189],[129.171094,35.1637353],[129.1711352,35.163717],[129.1711589,35.1637445],[129.171241,35.1637057],[129.1712155,35.1636713],[129.1712438,35.1636559],[129.1713103,35.1636201],[129.1712877,35.1635796],[129.1713699,35.1635559],[129.1713715,35.1635058],[129.1713974,35.1634699],[129.171432,35.1634755],[129.1714811,35.1634013],[129.1714478,35.1633561],[129.17159,35.1633492],[129.1716529,35.1633289],[129.1716846,35.1632839],[129.1717099,35.1632479],[129.1717289,35.1632209],[129.1717194,35.1631696],[129.1717049,35.1630906],[129.1716836,35.1629724],[129.1717293,35.1629665],[129.171821,35.1629521],[129.171899,35.1629547],[129.1719315,35.1629441],[129.1719314,35.1629199],[129.1719284,35.1629091],[129.1719386,35.1629013],[129.1719328,35.1627848],[129.1718354,35.1627945],[129.1716597,35.1628121],[129.1712101,35.162857],[129.171179,35.1628601],[129.170833,35.1628947],[129.1707807,35.1629271],[129.1707373,35.162954],[129.1706959,35.1630054],[129.1706353,35.1630845],[129.1704906,35.1632872],[129.1704624,35.1633268],[129.1703135,35.1635353],[129.1703032,35.1635497]]]},"properties":{"name":"주택재개발정비구역","type":"재개발","admCode":"26350","mnum":"62600002635020060006UDT1000001001"}},{"type":"Feature","geometry":{"type":"Polygon","coordinates":[[[129.1183394,35.2103717],[129.1183542,35.2103935],[129.1183626,35.2104189],[129.1183709,35.2104406],[129.1186792,35.2108834],[129.1187746,35.2112944],[129.1187828,35.2113299],[129.1187915,35.2113674],[129.1187766,35.2115475],[129.1188456,35.2115536],[129.1188816,35.2115568],[129.1188823,35.2115558],[129.1189076,35.2115141],[129.1189304,35.2114397],[129.1189411,35.2114075],[129.1189911,35.2113358],[129.11902,35.2113063],[129.1190424,35.2112822],[129.1190615,35.2112762],[129.1191351,35.2111744],[129.1191556,35.211146],[129.1191698,35.2111269],[129.1191726,35.2111173],[129.1191786,35.2110965],[129.1191795,35.2110194],[129.1192042,35.2109824],[129.1192288,35.2109453],[129.1192413,35.2109246],[129.1192693,35.2108876],[129.1193404,35.2107576],[129.11937,35.2106537],[129.1193907,35.2105741],[129.11941,35.2105389],[129.1194204,35.2104809],[129.1194359,35.2104303],[129.1194409,35.2102367],[129.1194394,35.2102277],[129.1194377,35.210128],[129.1194423,35.2100947],[129.119454,35.2100657],[129.1194586,35.2100541],[129.119498,35.2099652],[129.1195544,35.2099572],[129.1197942,35.2099246],[129.1198013,35.2099161],[129.1198416,35.2098752],[129.1198652,35.2098514],[129.1198439,35.2096052],[129.1198439,35.2096052],[129.1198461,35.2096017],[129.1198739,35.2095375],[129.1198834,35.2095123],[129.1198258,35.2091813],[129.1197935,35.2089496],[129.1197612,35.208718],[129.1197191,35.2086937],[129.1196645,35.2086856],[129.1195369,35.2087119],[129.1194643,35.2087396],[129.1193202,35.2087599],[129.1190438,35.2087928],[129.1188716,35.2088134],[129.1188619,35.2088157],[129.1187064,35.2088358],[129.1186639,35.2088813],[129.1186748,35.2089298],[129.1186922,35.2090168],[129.1187048,35.2090803],[129.1187181,35.2091468],[129.1187188,35.2091505],[129.11874,35.2092383],[129.1187535,35.2092942],[129.11878,35.2094347],[129.1187831,35.209451],[129.1187862,35.2094675],[129.1188004,35.2095424],[129.1188101,35.2095941],[129.1188131,35.2096098],[129.1188156,35.209623],[129.1188026,35.2096312],[129.1187897,35.2096539],[129.1187884,35.2096776],[129.1187854,35.2096979],[129.1187755,35.2097226],[129.1187748,35.2097479],[129.1187554,35.2097709],[129.1187323,35.2097966],[129.1187258,35.2098039],[129.1187154,35.2098426],[129.1187008,35.2099384],[129.1187006,35.209997],[129.1186562,35.2100392],[129.1186349,35.2100562],[129.1185447,35.2101328],[129.1184941,35.2101918],[129.1184888,35.210198],[129.1184401,35.2102494],[129.118417,35.2102776],[129.1183853,35.2103159],[129.1183638,35.2103586],[129.1183394,35.2103717]]]},"properties":{"name":"반여4 재건축 정비구역","type":"재건축","admCode":"26350","mnum":"62600002635020190144UDT1000001001"}},{"type":"Feature","geometry":{"type":"Polygon","coordinates":[[[129.1644075,35.1656449],[129.1645371,35.1654172],[129.1645113,35.1653619],[129.1642402,35.1652386],[129.164212,35.1652247],[129.1639264,35.1650917],[129.1638203,35.1650435],[129.1637279,35.1649988],[129.1636692,35.164971],[129.1634899,35.1648892],[129.1633874,35.1648406],[129.1633696,35.1648323],[129.1633085,35.164804],[129.1632342,35.1648143],[129.1630716,35.165091],[129.1629848,35.1652423],[129.1628652,35.1654507],[129.1628461,35.1654845],[129.1627835,35.1655884],[129.1628012,35.1656283],[129.1629347,35.165692],[129.1630488,35.1657465],[129.1630985,35.1657732],[129.1631282,35.1657891],[129.163308,35.1658857],[129.1633974,35.1659244],[129.1634091,35.1659286],[129.1634832,35.1659555],[129.1637076,35.1660239],[129.1637699,35.1660393],[129.1638799,35.1660623],[129.16392,35.1660639],[129.1639213,35.1660639],[129.1640751,35.1660699],[129.1641636,35.1660734],[129.1641691,35.1660736],[129.1642713,35.1658937],[129.1642901,35.1658567],[129.1643159,35.1658059],[129.1644075,35.1656449]]]},"properties":{"name":"중동3도시환경정비구역","type":"도시환경정비","admCode":"26350","mnum":"62600002635020090018UDT1000001001"}},{"type":"Feature","geometry":{"type":"Polygon","coordinates":[[[129.126094,35.1925662],[129.1270946,35.1932052],[129.1271153,35.1932184],[129.1271154,35.1932185],[129.1271162,35.193219],[129.1271866,35.1932987],[129.1272645,35.1933864],[129.1272643,35.1933866],[129.1278867,35.1940909],[129.1278867,35.1940909],[129.1279108,35.1940561],[129.1271811,35.1932331],[129.1270473,35.1931195],[129.1261598,35.1925355],[129.1260973,35.1925244],[129.126094,35.1925662]]]},"properties":{"name":"도로","type":"기타","admCode":"26350","mnum":"62600002635020170113UDT9990001003"}},{"type":"Feature","geometry":{"type":"Polygon","coordinates":[[[129.1394454,35.170948],[129.1394515,35.1709715],[129.1394799,35.1709868],[129.13955,35.1710241],[129.1395976,35.1710203],[129.1396596,35.1710159],[129.1398122,35.1710023],[129.1400361,35.1709827],[129.1400755,35.1708999],[129.1400083,35.1708301],[129.139985,35.1708051],[129.139877,35.1707021],[129.1398113,35.170646],[129.1397651,35.1705985],[129.1397558,35.1706237],[129.1397417,35.1707198],[129.1397274,35.1708187],[129.139725,35.1708354],[129.1397367,35.1708678],[129.1397536,35.1708826],[129.1397668,35.1708942],[129.1398038,35.1709095],[129.1398471,35.1709272],[129.1399157,35.1709499],[129.1399115,35.1709593],[129.139902,35.1709602],[129.1397368,35.1709755],[129.1395315,35.1709945],[129.1394454,35.170948]]]},"properties":{"name":"주택재개발정비구역","type":"재개발","admCode":"26350","mnum":"62600002635020060008UDT1000001001"}},{"type":"Feature","geometry":{"type":"Polygon","coordinates":[[[129.1259145,35.1943179],[129.1259706,35.1944226],[129.1260613,35.194486],[129.1261355,35.1945347],[129.126356,35.1945673],[129.1264228,35.1945805],[129.1266366,35.1945699],[129.1267269,35.1945533],[129.1268605,35.194524],[129.1270203,35.1944521],[129.1270421,35.1944487],[129.1271322,35.194399],[129.1272582,35.1943257],[129.1273584,35.1942656],[129.127476,35.1941988],[129.1275848,35.1941354],[129.1276382,35.1941192],[129.1277231,35.1940953],[129.1278867,35.1940909],[129.1277355,35.1939199],[129.127741,35.1939267],[129.1277456,35.1939338],[129.1277495,35.1939413],[129.1277525,35.193949],[129.1277547,35.1939569],[129.127756,35.193965],[129.1277564,35.1939731],[129.127756,35.1939812],[129.1277546,35.1939892],[129.1277524,35.1939971],[129.1277493,35.1940048],[129.1277454,35.1940123],[129.1277407,35.1940194],[129.1277352,35.1940261],[129.127729,35.1940325],[129.1277221,35.1940383],[129.1277146,35.1940436],[129.1277066,35.1940483],[129.1276981,35.1940525],[129.1276891,35.1940559],[129.1274342,35.1941438],[129.1270278,35.1943811],[129.1270063,35.1943924],[129.1269843,35.1944032],[129.1269619,35.1944134],[129.1269392,35.1944231],[129.1269162,35.1944323],[129.1268928,35.1944409],[129.1268692,35.1944489],[129.1268452,35.1944564],[129.1268211,35.1944633],[129.1267966,35.1944696],[129.126772,35.1944753],[129.1267472,35.1944805],[129.1267222,35.194485],[129.126697,35.1944889],[129.1266717,35.1944923],[129.1266464,35.194495],[129.1266209,35.1944971],[129.1265953,35.1944986],[129.1265698,35.1944995],[129.1265442,35.1944997],[129.1265186,35.1944994],[129.126493,35.1944984],[129.1264675,35.1944969],[129.126442,35.1944947],[129.1264166,35.1944919],[129.1263913,35.1944885],[129.1263662,35.1944845],[129.1263412,35.1944799],[129.1263164,35.1944747],[129.1262918,35.1944689],[129.1261925,35.1944442],[129.1259145,35.1943179]]]},"properties":{"name":"도로","type":"기타","admCode":"26350","mnum":"62600002635020170113UDT9990001002"}},{"type":"Feature","geometry":{"type":"Polygon","coordinates":[[[129.1155662,35.1920805],[129.1155717,35.1920802],[129.1156395,35.1920433],[129.1157493,35.1920137],[129.1157794,35.1920056],[129.1158496,35.1919864],[129.1158518,35.1919858],[129.1159238,35.1919674],[129.1159471,35.191959],[129.1160517,35.1919186],[129.1159866,35.1918069],[129.1160297,35.1917869],[129.116137,35.191737],[129.1162406,35.1916898],[129.116247,35.1916868],[129.1162728,35.1916695],[129.1163345,35.1916388],[129.1163569,35.1916277],[129.1164559,35.1915695],[129.116552,35.1916597],[129.1165725,35.1916728],[129.1166014,35.1916801],[129.1166755,35.1916514],[129.1167142,35.191562],[129.116739,35.1916268],[129.1167651,35.1916959],[129.1168107,35.1916733],[129.1168107,35.1916733],[129.1168421,35.1916578],[129.1168422,35.1916578],[129.11701,35.1915747],[129.1172486,35.1914703],[129.1172759,35.1914584],[129.1173533,35.1914256],[129.117376,35.191416],[129.1174435,35.1913869],[129.1174622,35.1913788],[129.1175048,35.1913605],[129.1175072,35.1913595],[129.1175697,35.1913325],[129.1176408,35.1912971],[129.1176449,35.191298],[129.1176821,35.1913058],[129.1177668,35.1913236],[129.1178097,35.1913338],[129.1179236,35.1913623],[129.1177289,35.1914554],[129.1176853,35.1914762],[129.117676,35.1914819],[129.1176913,35.1915009],[129.1176905,35.1915038],[129.1176842,35.1915275],[129.1176988,35.1915206],[129.1177054,35.1915174],[129.117791,35.191621],[129.1178257,35.191664],[129.1178532,35.1916981],[129.1179138,35.1917734],[129.1179882,35.1918657],[129.1180624,35.1919578],[129.118171,35.1918942],[129.1181758,35.1918914],[129.1182644,35.1918394],[129.1182669,35.1918379],[129.1183917,35.191955],[129.1184369,35.1919821],[129.1184362,35.1920029],[129.1184342,35.1920633],[129.1185939,35.1920604],[129.1186148,35.1920667],[129.1187096,35.1920439],[129.1187204,35.1920311],[129.1187305,35.1920431],[129.1187291,35.1920434],[129.1187066,35.1922079],[129.1186989,35.1922295],[129.1186761,35.1922865],[129.1186797,35.1923371],[129.1186953,35.1923438],[129.1187009,35.1923787],[129.1187064,35.1924135],[129.1187087,35.1924281],[129.1187097,35.192434],[129.1187131,35.1924556],[129.1187196,35.1924964],[129.1188144,35.1924175],[129.1188475,35.1923886],[129.118893,35.1923487],[129.118947,35.1923015],[129.1190063,35.1922457],[129.1190064,35.1922456],[129.1190069,35.1922451],[129.1191195,35.1921265],[129.1191461,35.1920985],[129.1192333,35.1919979],[129.1192988,35.1919082],[129.1193737,35.1917943],[129.1194453,35.1916679],[129.1194724,35.1916134],[129.1195264,35.1915036],[129.1195518,35.1914474],[129.1195818,35.1913677],[129.119594,35.1913347],[129.1195993,35.1913129],[129.1195916,35.1913128],[129.1196269,35.1912323],[129.1196462,35.1911705],[129.119659,35.1911035],[129.1196754,35.1909988],[129.119688,35.190918],[129.1197098,35.1908037],[129.11968,35.1908536],[129.1196481,35.1908699],[129.1196395,35.1909103],[129.1196367,35.1909128],[129.1196048,35.190941],[129.1195541,35.1909488],[129.1194819,35.1909918],[129.1194365,35.1909954],[129.1194354,35.1910134],[129.1193883,35.1910145],[129.1193224,35.1910258],[129.1192424,35.1910403],[129.1192524,35.1910965],[129.1191548,35.1911327],[129.1191225,35.191077],[129.1191111,35.1910575],[129.1191023,35.1909801],[129.1191101,35.190954],[129.1191059,35.1909369],[129.1191283,35.1908871],[129.1191755,35.1908122],[129.1192176,35.1907629],[129.1192246,35.1907681],[129.1193574,35.1906638],[129.1190043,35.1906021],[129.1189543,35.1905933],[129.1189447,35.1905917],[129.118899,35.1905837],[129.1188638,35.1905775],[129.1188435,35.1906424],[129.1188415,35.190649],[129.118711,35.1906266],[129.1185928,35.1906064],[129.11842,35.1905767],[129.1183723,35.1905686],[129.1183331,35.1905803],[129.1183329,35.1905802],[129.1180861,35.1905379],[129.1180082,35.1905246],[129.1179746,35.1905188],[129.1178531,35.1904981],[129.1178876,35.1904584],[129.1180212,35.1903049],[129.1181525,35.1901539],[129.1181537,35.1901527],[129.1182212,35.1901033],[129.1182726,35.1900677],[129.1183288,35.1900603],[129.1182074,35.1900336],[129.118136,35.1900208],[129.1180053,35.1899974],[129.1179993,35.1900074],[129.1179466,35.1900658],[129.1179077,35.1901223],[129.1178787,35.190143],[129.1178445,35.1901674],[129.1178399,35.1901872],[129.1178067,35.1902203],[129.1177458,35.1903224],[129.1177005,35.1903651],[129.1176529,35.1904533],[129.1176288,35.1904482],[129.1176156,35.1905367],[129.1174671,35.1905846],[129.1174405,35.1905945],[129.117408,35.1906136],[129.1174026,35.1906168],[129.1172729,35.1905901],[129.1171549,35.1905638],[129.1171388,35.1905594],[129.1171279,35.1905949],[129.1171077,35.1906605],[129.1171061,35.1906654],[129.1171008,35.1906827],[129.1170996,35.190687],[129.1170913,35.1907087],[129.1170067,35.1906726],[129.1168731,35.1906155],[129.1168402,35.1906001],[129.1167266,35.1906369],[129.1166136,35.1906735],[129.1164482,35.190727],[129.1164482,35.190727],[129.1164474,35.1907272],[129.1164068,35.1906263],[129.1164033,35.1906269],[129.1163693,35.1905406],[129.116336,35.1904525],[129.1163158,35.1903979],[129.1163183,35.1903968],[129.1163093,35.190374],[129.1162939,35.1903386],[129.1162622,35.1902652],[129.1162537,35.1902462],[129.1162931,35.1902234],[129.1162451,35.1902273],[129.1162367,35.1902279],[129.1162106,35.19023],[129.1161924,35.1902316],[129.1161832,35.1902317],[129.1161384,35.1903689],[129.116113,35.1904468],[129.1161007,35.1904847],[129.1160706,35.1905799],[129.1160479,35.1906526],[129.1160408,35.1906754],[129.1160211,35.1907384],[129.1160093,35.1907677],[129.1160005,35.1907909],[129.1159869,35.1908268],[129.1159706,35.1908704],[129.1159204,35.1910048],[129.1159142,35.1910074],[129.1158855,35.191096],[129.1158726,35.1911355],[129.1158482,35.1912106],[129.1158197,35.1912983],[129.1157984,35.1913528],[129.1157617,35.191475],[129.1157552,35.1914947],[129.1157187,35.1916057],[129.1157094,35.1916339],[129.1156939,35.1916812],[129.1156933,35.1916832],[129.1156547,35.1918038],[129.1156411,35.191846],[129.1156119,35.1919375],[129.1155662,35.1920805]]]},"properties":{"name":"재송2재개발정비구역","type":"재개발","admCode":"26350","mnum":"62600002635020200011UDT1000001001"}},{"type":"Feature","geometry":{"type":"Polygon","coordinates":[[[129.1399468,35.1700777],[129.1399495,35.1700861],[129.1399668,35.1701219],[129.1399714,35.1701301],[129.1399879,35.1701599],[129.1399925,35.1701681],[129.1400352,35.170229],[129.1400998,35.1703128],[129.1401049,35.1703195],[129.1401544,35.1703765],[129.1402741,35.1705287],[129.1404273,35.1706701],[129.1405026,35.1707609],[129.1406202,35.170868],[129.1407405,35.1707194],[129.1407672,35.1706749],[129.1407938,35.1706304],[129.1408289,35.1705526],[129.1409163,35.1702526],[129.1409665,35.1700574],[129.1409687,35.1700319],[129.1409397,35.1699937],[129.1409246,35.1699754],[129.1409027,35.1699694],[129.1408652,35.16996],[129.1407543,35.1699343],[129.1405357,35.1698841],[129.1403369,35.1698361],[129.1402028,35.1698052],[129.1400394,35.1697659],[129.139965,35.1698032],[129.1399403,35.1698156],[129.1399289,35.1698799],[129.1399232,35.1699541],[129.1399282,35.1700058],[129.1399302,35.1700312],[129.1399395,35.1700577],[129.1399468,35.1700777]]]},"properties":{"name":"(자세한사항은 별도문의 : 건축과)","type":"기타","admCode":"26350","mnum":"62600002635020070232UDT1000001001"}},{"type":"Feature","geometry":{"type":"Polygon","coordinates":[[[129.1207452,35.1960227],[129.1207548,35.196016],[129.1207908,35.1959907],[129.1208867,35.1959233],[129.1208883,35.1956951],[129.1207916,35.1956318],[129.1207628,35.1956129],[129.1206654,35.1955491],[129.1206094,35.1955125],[129.1205199,35.1954467],[129.1201839,35.1952274],[129.1200602,35.1951492],[129.1199615,35.1951524],[129.1199271,35.1951535],[129.1198655,35.1951946],[129.1198506,35.1952045],[129.1198377,35.1952123],[129.1196997,35.1953054],[129.1196167,35.19536],[129.1195112,35.1954294],[129.1193124,35.1955777],[129.1192183,35.1956408],[129.1190786,35.1957345],[129.1190689,35.195741],[129.1186936,35.1959927],[129.1186685,35.1960095],[129.1186382,35.1961111],[129.1186122,35.1961883],[129.1185967,35.1961896],[129.1185933,35.1962018],[129.1186043,35.1962797],[129.1186145,35.1963521],[129.118623,35.1964127],[129.1186306,35.1964663],[129.1187086,35.1970565],[129.1187306,35.1972305],[129.118745,35.197369],[129.1187487,35.1974051],[129.1188591,35.1973283],[129.1189614,35.197257],[129.1191217,35.1971452],[129.1192321,35.1970683],[129.119277,35.197037],[129.1193628,35.1969773],[129.1194033,35.196949],[129.1194301,35.1969303],[129.119463,35.1969074],[129.1194766,35.196898],[129.1196982,35.1967502],[129.1197986,35.1966824],[129.1198991,35.1966146],[129.1199223,35.196599],[129.1200075,35.1965388],[129.1200158,35.1965331],[129.1200289,35.1965255],[129.1200809,35.1964903],[129.1202725,35.1963603],[129.1203941,35.1962734],[129.1205797,35.1961407],[129.1207247,35.1960371],[129.1207452,35.1960227]]]},"properties":{"name":"주택재개발정비구역","type":"재개발","admCode":"26350","mnum":"62600002635020060005UDT1000001001"}},{"type":"Feature","geometry":{"type":"Polygon","coordinates":[[[129.1689931,35.1655431],[129.1690779,35.1656424],[129.1691059,35.1656751],[129.1691735,35.1657542],[129.1691899,35.1657734],[129.1692409,35.1658331],[129.1692676,35.1658643],[129.1692724,35.1658698],[129.1693622,35.1659749],[129.1693845,35.166001],[129.1694548,35.1660832],[129.1695043,35.1661412],[129.1695568,35.1662025],[129.1695752,35.1662241],[129.1697447,35.1664229],[129.1698404,35.1665351],[129.1698466,35.1665375],[129.1699185,35.1665656],[129.1700929,35.1665694],[129.1701186,35.1665699],[129.1702385,35.1665725],[129.1703611,35.1665751],[129.1704826,35.1665777],[129.1706035,35.1665803],[129.1707567,35.1665836],[129.1709432,35.1665828],[129.1711202,35.166582],[129.1709953,35.166438],[129.1709693,35.1664081],[129.170888,35.1663143],[129.1708461,35.166266],[129.1708145,35.1662296],[129.1708056,35.1662193],[129.1706198,35.1660052],[129.1705248,35.1658956],[129.1705129,35.1658819],[129.1704373,35.1657942],[129.1703746,35.1657215],[129.170298,35.1656327],[129.1702953,35.1656296],[129.1702473,35.165574],[129.1701848,35.1655017],[129.1701026,35.1654067],[129.1701022,35.1654062],[129.1698895,35.1651535],[129.1698812,35.1651575],[129.1695388,35.1653282],[129.169535,35.1653238],[129.169528,35.1653147],[129.1695074,35.1652872],[129.1694423,35.1651805],[129.1693541,35.1651421],[129.1692824,35.1652439],[129.1693022,35.1652528],[129.1692956,35.1652619],[129.1694297,35.1653208],[129.1694092,35.1653372],[129.1693691,35.1653755],[129.1693328,35.1654017],[129.1692777,35.1654265],[129.1691881,35.1654546],[129.1690911,35.1654852],[129.1690287,35.1655174],[129.1690097,35.1655311],[129.1689931,35.1655431]]]},"properties":{"name":"중동1주택재개발정비구역","type":"재개발","admCode":"26350","mnum":"62600002635020060010UDT1000001001"}},{"type":"Feature","geometry":{"type":"Polygon","coordinates":[[[129.1199856,35.1948634],[129.1200687,35.1949194],[129.120087,35.1949317],[129.120204,35.1950113],[129.1202393,35.1950343],[129.1202428,35.1950367],[129.1203508,35.19511],[129.120355,35.1951128],[129.1203698,35.1951227],[129.1204808,35.1951968],[129.1205975,35.1952747],[129.120623,35.1952916],[129.1207222,35.1953571],[129.1207559,35.1953793],[129.1209545,35.1955104],[129.1210323,35.1955617],[129.1213775,35.1958073],[129.1214715,35.195874],[129.1216253,35.1959963],[129.1216907,35.1960484],[129.1217213,35.1960727],[129.1218319,35.1961519],[129.1218456,35.1961617],[129.1218649,35.1961755],[129.1220603,35.1963154],[129.1222193,35.1964291],[129.1222554,35.1962607],[129.1222765,35.1961625],[129.1222204,35.1961021],[129.1220731,35.1960176],[129.1220764,35.1959905],[129.1220422,35.1958842],[129.1221526,35.1959571],[129.1221883,35.1959733],[129.1222344,35.1959651],[129.1223683,35.195873],[129.1225208,35.1958143],[129.1226415,35.1957493],[129.1226887,35.1957231],[129.1227259,35.1956663],[129.122749,35.19565],[129.1228017,35.1956518],[129.1228324,35.1956202],[129.1229572,35.1953889],[129.1229835,35.1953686],[129.1230724,35.1953306],[129.1232545,35.195216],[129.1232488,35.1952085],[129.1232397,35.1951998],[129.123214,35.1951751],[129.1231459,35.1951428],[129.1231126,35.1951539],[129.122509,35.1951581],[129.122504,35.1951338],[129.1223986,35.1950941],[129.1223345,35.195071],[129.1223039,35.1950541],[129.1222268,35.1950118],[129.1221463,35.1949675],[129.1220414,35.1949121],[129.1220285,35.1949058],[129.1219756,35.1948708],[129.1218831,35.1948094],[129.1218619,35.1948028],[129.1217644,35.1947724],[129.1217274,35.1947578],[129.1215588,35.1946916],[129.1214452,35.1946459],[129.1214177,35.1946217],[129.1213726,35.1945819],[129.12129,35.1945092],[129.121208,35.1944369],[129.1211151,35.1943551],[129.1210319,35.1942818],[129.1209476,35.1942075],[129.1208597,35.1941301],[129.1208222,35.1941616],[129.1207333,35.1942363],[129.1206832,35.1942788],[129.1205128,35.1944234],[129.1205262,35.1944376],[129.1201993,35.1946988],[129.1201206,35.1947594],[129.1200822,35.194789],[129.120072,35.1947968],[129.1199856,35.1948634]]]},"properties":{"name":"반여1-1 재개발정비구역","type":"재개발","admCode":"26350","mnum":"62600002635020230161UDT1000001001"}},{"type":"Feature","geometry":{"type":"Polygon","coordinates":[[[129.1719235,35.1646016],[129.1719262,35.164635],[129.171942,35.1646785],[129.1719607,35.1647453],[129.1719617,35.1647798],[129.1719541,35.1648298],[129.1719519,35.1648756],[129.1719553,35.1649252],[129.1720003,35.1649305],[129.1721423,35.1650434],[129.1722262,35.1651102],[129.1723989,35.1652476],[129.1724263,35.1652694],[129.1724452,35.1652844],[129.172478,35.1653105],[129.172541,35.1653602],[129.172641,35.1654391],[129.1726718,35.1654634],[129.1728368,35.1652848],[129.1729157,35.1653011],[129.1730246,35.1653236],[129.1732928,35.1653789],[129.1732961,35.1653825],[129.1733235,35.1653628],[129.1733896,35.1653159],[129.1733909,35.1653143],[129.1734264,35.1652708],[129.1738134,35.1647918],[129.1738257,35.1647764],[129.1738541,35.1647407],[129.1738784,35.1647102],[129.173912,35.1647342],[129.1739417,35.1647554],[129.1739819,35.164785],[129.1740545,35.1648383],[129.1741645,35.1649184],[129.1742248,35.164961],[129.1743122,35.1650252],[129.1744364,35.1649518],[129.1745085,35.1649089],[129.1745591,35.1648781],[129.1745905,35.1648593],[129.1745404,35.1647129],[129.1746499,35.1646948],[129.1746918,35.1646067],[129.174702,35.1645932],[129.1747273,35.1645636],[129.1747532,35.1645472],[129.1747883,35.1645114],[129.1748423,35.164477],[129.1748901,35.1644465],[129.1749229,35.1644173],[129.1749359,35.164379],[129.1749394,35.1643685],[129.1749591,35.1643344],[129.1749603,35.1643314],[129.1750017,35.1643243],[129.1750637,35.1642953],[129.1751135,35.1642534],[129.1751237,35.1642448],[129.175129,35.1642267],[129.1751756,35.1641166],[129.1751856,35.1640759],[129.1751906,35.1640552],[129.175193,35.1640441],[129.1752468,35.1638291],[129.1752864,35.1636683],[129.1753389,35.163456],[129.1753627,35.1633565],[129.1754159,35.1631381],[129.1754206,35.1631166],[129.1754222,35.1631099],[129.1754239,35.1631032],[129.1754432,35.1630376],[129.1754498,35.1630135],[129.1754869,35.1628424],[129.1755415,35.1626183],[129.1755697,35.1625041],[129.1755846,35.1624429],[129.1755984,35.1623859],[129.1756236,35.1622823],[129.1756005,35.1622724],[129.1754815,35.1622214],[129.1755294,35.1623025],[129.1755124,35.1623761],[129.1755021,35.1623749],[129.1755051,35.1624077],[129.1754909,35.1624692],[129.1754179,35.1625092],[129.175401,35.1625757],[129.175333,35.1625641],[129.1751866,35.1625406],[129.1748947,35.1624927],[129.1747846,35.162476],[129.1746635,35.162455],[129.1745795,35.1624405],[129.1744208,35.1624084],[129.1743894,35.162404],[129.1740529,35.1623497],[129.1738453,35.1623115],[129.1736175,35.1622715],[129.1734868,35.1622485],[129.173489,35.1622494],[129.1734067,35.1622344],[129.1733415,35.1622233],[129.1731441,35.1621898],[129.1730679,35.1621774],[129.1730317,35.1621725],[129.1729631,35.1621934],[129.1729444,35.1622007],[129.1728985,35.1623262],[129.1728092,35.1625752],[129.1727559,35.1627328],[129.1727066,35.1628738],[129.1727365,35.1629251],[129.1727478,35.1629176],[129.172794,35.1628854],[129.1728617,35.1628636],[129.1728772,35.1628493],[129.1729183,35.1628189],[129.1729251,35.1628139],[129.1729539,35.1627746],[129.1731039,35.162821],[129.1731263,35.1628346],[129.1731449,35.162846],[129.1731528,35.1628711],[129.1732156,35.1629074],[129.1732206,35.1629101],[129.1732524,35.1629266],[129.1732739,35.1629483],[129.1732991,35.1629574],[129.1733195,35.1629571],[129.1733083,35.1630076],[129.1732861,35.1631077],[129.1732288,35.1631053],[129.1731425,35.1630841],[129.1731309,35.1630801],[129.1730582,35.1631833],[129.1729441,35.1631262],[129.1729258,35.1631156],[129.1728956,35.1631013],[129.1727878,35.1630453],[129.1727521,35.1630255],[129.1727166,35.1630049],[129.1726884,35.1630122],[129.172657,35.1630209],[129.172548,35.16332],[129.1725186,35.1634008],[129.172526,35.163408],[129.1725363,35.1634329],[129.1725467,35.1634578],[129.1725613,35.163501],[129.172571,35.1635297],[129.1725954,35.1636015],[129.1725835,35.1636051],[129.1725954,35.1636525],[129.1726074,35.1636998],[129.1726164,35.1637362],[129.1726252,35.1637721],[129.1726347,35.1638104],[129.1726489,35.1639146],[129.1726645,35.1640289],[129.1727806,35.1639888],[129.1728261,35.1639731],[129.17286,35.1639582],[129.1729142,35.1639346],[129.1729907,35.1639054],[129.1730363,35.1639551],[129.1730427,35.1639621],[129.1730032,35.1640439],[129.1729409,35.1641211],[129.1728519,35.1642262],[129.1727803,35.1643236],[129.172778,35.1644313],[129.1727844,35.1644933],[129.1727816,35.164546],[129.1727094,35.1645678],[129.1725994,35.164595],[129.1725592,35.164586],[129.1725091,35.1645851],[129.1724584,35.164592],[129.1724181,35.1645809],[129.1722533,35.1645599],[129.1722236,35.1646057],[129.172164,35.164637],[129.1720679,35.1646223],[129.1719894,35.1645935],[129.1719622,35.164576],[129.1719235,35.1646016]]]},"properties":{"name":"중동5재개발정비구역","type":"재개발","admCode":"26350","mnum":"62600002635020220193UDT1000001001"}},{"type":"Feature","geometry":{"type":"Polygon","coordinates":[[[129.1250781,35.1927843],[129.1252102,35.193027],[129.1253503,35.1932815],[129.1254582,35.1934782],[129.12556,35.1936625],[129.1257549,35.1940203],[129.1259706,35.1944226],[129.1260613,35.194486],[129.1261355,35.1945347],[129.126356,35.1945673],[129.1264228,35.1945805],[129.1266366,35.1945699],[129.1267269,35.1945533],[129.1268605,35.194524],[129.1270203,35.1944521],[129.1270421,35.1944487],[129.1271322,35.194399],[129.1272582,35.1943257],[129.1273584,35.1942656],[129.127476,35.1941988],[129.1275848,35.1941354],[129.1276382,35.1941192],[129.1277231,35.1940953],[129.1278867,35.1940909],[129.1279108,35.1940561],[129.1271811,35.1932331],[129.1270473,35.1931195],[129.1261598,35.1925355],[129.1260691,35.1925194],[129.1259608,35.1924966],[129.1258035,35.1924687],[129.1256862,35.1924352],[129.1256699,35.1924342],[129.1256237,35.1924557],[129.1256163,35.1924727],[129.125613,35.1924905],[129.1256127,35.1925084],[129.1256151,35.1925265],[129.1256201,35.192544],[129.1256258,35.1925574],[129.1255856,35.1926718],[129.1254603,35.192684],[129.1253003,35.1926997],[129.1251851,35.1927123],[129.1250897,35.1927213],[129.1250781,35.1927843]]]},"properties":{"name":"재송2 주택재건축정비구역","type":"재건축","admCode":"26350","mnum":"62600002635020170113UDT1000001001"}},{"type":"Feature","geometry":{"type":"Polygon","coordinates":[[[129.1401313,35.1710501],[129.1401374,35.1710527],[129.1401675,35.1710737],[129.1402305,35.1711286],[129.140344,35.171189],[129.1405032,35.1712725],[129.140372,35.1711681],[129.1403601,35.1711579],[129.1402977,35.1711037],[129.1402597,35.1710709],[129.1402354,35.1710513],[129.1402232,35.1710413],[129.1401313,35.1710501]]]},"properties":{"name":"주택재개발정비구역","type":"재개발","admCode":"26350","mnum":"62600002635020060009UDT1000001001"}},{"type":"Feature","geometry":{"type":"Polygon","coordinates":[[[129.1250781,35.1927843],[129.1252102,35.193027],[129.1253503,35.1932815],[129.1254582,35.1934782],[129.12556,35.1936625],[129.1257549,35.1940203],[129.1259145,35.1943179],[129.1259829,35.194349],[129.1258689,35.1941397],[129.1258552,35.1941145],[129.1258509,35.1941067],[129.1257943,35.1940028],[129.1255899,35.1936287],[129.1254937,35.1934524],[129.125349,35.1931869],[129.125303,35.193097],[129.1252683,35.1930355],[129.1251474,35.1928094],[129.1251271,35.1927724],[129.1251218,35.1927626],[129.1251544,35.1927152],[129.1250897,35.1927213],[129.1250781,35.1927843]]]},"properties":{"name":"도로","type":"기타","admCode":"26350","mnum":"62600002635020170113UDT9990001001"}},{"type":"Feature","geometry":{"type":"Polygon","coordinates":[[[128.9797284,35.1004859],[128.9800201,35.1003468],[128.9800858,35.1003145],[128.9801561,35.1002929],[128.980285,35.1002613],[128.980437,35.1002266],[128.9805346,35.1002046],[128.9806499,35.1001795],[128.9806651,35.1001762],[128.9807846,35.1001522],[128.9809732,35.1001105],[128.9811331,35.1000751],[128.9812627,35.100045],[128.9812992,35.1000365],[128.9813608,35.1000251],[128.9814717,35.1000005],[128.9815855,35.0999752],[128.981634,35.0999622],[128.9817088,35.0999422],[128.9817032,35.0999247],[128.981601,35.0996094],[128.9817631,35.0995736],[128.9819132,35.0995404],[128.9820629,35.0995074],[128.9820253,35.099394],[128.9821646,35.0993638],[128.9821801,35.0993609],[128.9823242,35.0993298],[128.9823443,35.0993243],[128.9824934,35.099293],[128.9825309,35.0994043],[128.9825574,35.0993986],[128.9825882,35.0994911],[128.9825992,35.0995254],[128.9825988,35.0995254],[128.9826302,35.0996204],[128.9826676,35.0997333],[128.9827757,35.09971],[128.9828838,35.0996867],[128.9829655,35.0996691],[128.982992,35.0996633],[128.9831237,35.0996349],[128.9831876,35.0996215],[128.9833817,35.0995794],[128.9836311,35.0995254],[128.9837899,35.0994943],[128.9838058,35.0994912],[128.9838112,35.0994901],[128.9838209,35.0994882],[128.9838273,35.099487],[128.9837864,35.0993675],[128.9837661,35.099307],[128.9837601,35.0993085],[128.9837457,35.0992661],[128.9837425,35.0992568],[128.9837402,35.0992573],[128.9837308,35.0992291],[128.9837236,35.0992302],[128.983696,35.0991486],[128.983762,35.0991341],[128.9839382,35.0990955],[128.9841196,35.0990549],[128.984045,35.0988248],[128.9842456,35.0987803],[128.9843813,35.0987508],[128.9844301,35.098774],[128.9844958,35.0989757],[128.9845924,35.0992725],[128.9846119,35.0993324],[128.9846776,35.0993201],[128.9848181,35.0992924],[128.9850525,35.0992461],[128.9850908,35.0992387],[128.9853687,35.0991852],[128.9857755,35.0991104],[128.9862318,35.0990255],[128.9862561,35.0990212],[128.9864999,35.0989768],[128.9865749,35.0989631],[128.9867105,35.0989383],[128.9866915,35.0988799],[128.9866457,35.0987398],[128.9866215,35.0986657],[128.986567,35.0985007],[128.9865318,35.0983938],[128.986506,35.0983164],[128.9864736,35.098202],[128.9864538,35.0981419],[128.9864251,35.0980547],[128.9864198,35.0980385],[128.9864,35.0979773],[128.9863493,35.0978207],[128.9863228,35.0977387],[128.986317,35.0977209],[128.9862767,35.0975981],[128.9862282,35.0974503],[128.9861829,35.0973113],[128.9861777,35.0972953],[128.9861309,35.0971516],[128.9860893,35.0970197],[128.9859573,35.0966071],[128.9858862,35.096564],[128.9856568,35.0965694],[128.9854811,35.0965735],[128.9853223,35.0965772],[128.9851562,35.0965811],[128.9848342,35.0965887],[128.9848171,35.0965891],[128.9848002,35.0965894],[128.9846631,35.0965927],[128.9846292,35.0965935],[128.984468,35.0965972],[128.9843886,35.0965991],[128.9842741,35.0966056],[128.9841657,35.0966111],[128.9840948,35.0966153],[128.9838406,35.0966322],[128.9837743,35.0966396],[128.9836845,35.0966497],[128.9836523,35.0966543],[128.9835841,35.0966602],[128.983455,35.0966724],[128.9831935,35.0966971],[128.9831448,35.0967017],[128.9830317,35.0967211],[128.9828536,35.0967365],[128.9827555,35.0967405],[128.9825065,35.0967396],[128.9822203,35.0967351],[128.982293,35.0967446],[128.9823925,35.0967576],[128.9823925,35.0967775],[128.982414,35.096778],[128.9824223,35.0968537],[128.9824323,35.0969387],[128.9823355,35.0969579],[128.9823374,35.0969643],[128.9823668,35.0970175],[128.9823782,35.097038],[128.9824251,35.0970307],[128.9824537,35.0971296],[128.9824629,35.0971579],[128.9824737,35.0972002],[128.9824841,35.0972344],[128.982452,35.0972415],[128.9824134,35.09725],[128.9824304,35.097302],[128.9824618,35.0973993],[128.9824982,35.0975116],[128.9825031,35.0975272],[128.9825449,35.0976526],[128.9825802,35.0977584],[128.9826285,35.0977812],[128.9826694,35.0979115],[128.982633,35.0979196],[128.982569,35.0979338],[128.9825301,35.0979424],[128.9824569,35.0979584],[128.9823624,35.0979792],[128.9822757,35.0979982],[128.9821264,35.098031],[128.9820942,35.0980381],[128.981949,35.0980699],[128.9818383,35.0980944],[128.9817142,35.0981219],[128.9816929,35.0981266],[128.9815721,35.0981533],[128.9814675,35.0981765],[128.9814496,35.0981804],[128.9813378,35.0982052],[128.9811938,35.0982377],[128.9810344,35.0982712],[128.9809657,35.0982864],[128.9808785,35.0983056],[128.980781,35.0983272],[128.9807497,35.0983341],[128.9806266,35.0983613],[128.9805069,35.0983878],[128.9804745,35.098395],[128.9803704,35.0984179],[128.98034,35.0984247],[128.9802359,35.0984476],[128.980118,35.0984735],[128.9799511,35.0985102],[128.9799346,35.0985138],[128.9798028,35.0985428],[128.9797004,35.0985653],[128.9795631,35.0985947],[128.9794401,35.0986217],[128.9792882,35.0986549],[128.9792555,35.0986621],[128.9791131,35.0986932],[128.9789969,35.098719],[128.9789653,35.098726],[128.9788484,35.0987519],[128.97874,35.098776],[128.9787188,35.0987807],[128.9787127,35.098782],[128.9786116,35.0988045],[128.9785818,35.0988122],[128.9784539,35.0988405],[128.9783697,35.0988591],[128.9783102,35.0989563],[128.9782404,35.0990702],[128.9782195,35.0991042],[128.9781539,35.0992111],[128.9781169,35.0992715],[128.9780929,35.0993105],[128.9781215,35.0993147],[128.9785167,35.0993786],[128.9785876,35.0993901],[128.9786456,35.0994032],[128.9792044,35.0995295],[128.9792824,35.0996709],[128.9793073,35.0997161],[128.9793634,35.0998179],[128.9797284,35.1004859]]]},"properties":{"name":"","type":"기타","admCode":"26380","mnum":"62600002638020260140UDT1000001001"}},{"type":"Feature","geometry":{"type":"Polygon","coordinates":[[[128.9758287,35.0995575],[128.9759185,35.0997573],[128.975955,35.0998363],[128.9759826,35.0998963],[128.9759987,35.0999317],[128.9760184,35.0999115],[128.9760321,35.0999219],[128.9760821,35.0999169],[128.9761035,35.0999286],[128.9761173,35.099936],[128.9761633,35.0999092],[128.9762015,35.0998842],[128.976274,35.0998356],[128.9763401,35.0998258],[128.9763638,35.0998368],[128.9763779,35.0998615],[128.9764534,35.0998154],[128.976461,35.0998082],[128.9764816,35.0998302],[128.9764864,35.0998313],[128.9765237,35.0998417],[128.9766568,35.0998784],[128.9766601,35.0998722],[128.9766553,35.0998066],[128.9766422,35.0997729],[128.9765921,35.0997415],[128.9765634,35.0997514],[128.9765521,35.0997543],[128.976529,35.0997413],[128.9765868,35.0996722],[128.9766191,35.0996138],[128.9766535,35.0995924],[128.9766951,35.0995454],[128.9767163,35.0994393],[128.9767541,35.0993578],[128.9768109,35.0993046],[128.9769445,35.0992427],[128.976989,35.0991346],[128.9774302,35.0980727],[128.9774211,35.0980704],[128.9773147,35.098024],[128.9773269,35.0979546],[128.9772952,35.097954],[128.977259,35.0980148],[128.977231,35.0980434],[128.9771948,35.0980294],[128.9771574,35.0980398],[128.9770994,35.0980052],[128.9770692,35.0979808],[128.9769286,35.0980864],[128.976805,35.098195],[128.9767056,35.0982925],[128.9767054,35.0982926],[128.9766666,35.0982479],[128.9764303,35.0984723],[128.9764397,35.0984872],[128.9764693,35.0986011],[128.9765239,35.0986949],[128.976524,35.0986949],[128.9764436,35.0986973],[128.9764018,35.0987449],[128.9763667,35.0987462],[128.9762931,35.0987846],[128.9761931,35.0988887],[128.9760914,35.0990776],[128.976082,35.0992102],[128.9760295,35.0991914],[128.97593,35.0993733],[128.9758287,35.0995575]]]},"properties":{"name":"당리2 재건축사업 정비구역","type":"재건축","admCode":"26380","mnum":"62600002638020240264UDT1000001001"}},{"type":"Feature","geometry":{"type":"Polygon","coordinates":[[[128.9632556,35.1029357],[128.9631803,35.1030179],[128.9631801,35.1030179],[128.9631796,35.1030178],[128.9631791,35.1030177],[128.9631787,35.1030176],[128.9631783,35.1030175],[128.9631777,35.1030175],[128.9631773,35.1030174],[128.9631767,35.1030173],[128.9631763,35.1030172],[128.9631759,35.1030172],[128.9631754,35.1030171],[128.9631747,35.103017],[128.9631738,35.1030169],[128.9631735,35.1030169],[128.9631734,35.1030168],[128.9631732,35.1030168],[128.9631731,35.1030168],[128.9631729,35.1030168],[128.9631727,35.1030168],[128.9631725,35.1030167],[128.9631723,35.1030167],[128.9631721,35.1030167],[128.9631719,35.1030167],[128.9631718,35.1030166],[128.9631715,35.1030166],[128.9631714,35.1030166],[128.9631711,35.1030166],[128.9631709,35.1030166],[128.9631707,35.1030165],[128.9631706,35.1030165],[128.9631704,35.1030165],[128.9631702,35.1030165],[128.9631701,35.1030165],[128.9631699,35.1030164],[128.9631695,35.1030164],[128.9631693,35.1030164],[128.963169,35.1030164],[128.9631689,35.1030163],[128.9631686,35.1030163],[128.9631683,35.1030163],[128.963168,35.1030163],[128.9631677,35.1030162],[128.9631675,35.1030162],[128.9631673,35.1030162],[128.9631671,35.1030162],[128.9631669,35.1030162],[128.9631666,35.1030162],[128.9631664,35.1030161],[128.9631661,35.1030161],[128.9631658,35.1030161],[128.9631657,35.1030161],[128.9631655,35.1030161],[128.9631653,35.1030161],[128.963165,35.1030161],[128.9631647,35.103016],[128.9631646,35.103016],[128.9631643,35.103016],[128.9631641,35.103016],[128.9631638,35.103016],[128.9631636,35.103016],[128.9631632,35.103016],[128.9631629,35.1030159],[128.9631626,35.1030159],[128.9631625,35.1030159],[128.9631624,35.1030159],[128.9631619,35.1030159],[128.9631617,35.1030159],[128.9631613,35.1030159],[128.963161,35.1030159],[128.9631607,35.1030159],[128.9631606,35.1030159],[128.9631603,35.1030158],[128.96316,35.1030158],[128.9631597,35.1030158],[128.9631594,35.1030158],[128.9631591,35.1030158],[128.9631589,35.1030158],[128.9631587,35.1030158],[128.963158,35.1030158],[128.9631577,35.1030158],[128.963156,35.1030158],[128.9631558,35.1030158],[128.9631552,35.1030158],[128.963155,35.1030158],[128.9631546,35.1030158],[128.9631544,35.1030158],[128.9631542,35.1030158],[128.9631539,35.1030158],[128.9631538,35.1030158],[128.9631535,35.1030158],[128.9631534,35.1030158],[128.9631531,35.1030159],[128.9631529,35.1030159],[128.9631527,35.1030159],[128.9631525,35.1030159],[128.9631523,35.1030159],[128.9631521,35.1030159],[128.9631519,35.1030159],[128.9631517,35.1030159],[128.9631515,35.1030159],[128.9631513,35.1030159],[128.9631512,35.1030159],[128.963151,35.1030159],[128.9631508,35.1030159],[128.9631506,35.1030159],[128.9631505,35.103016],[128.9631503,35.103016],[128.9631502,35.103016],[128.9631499,35.103016],[128.9631498,35.103016],[128.9631497,35.103016],[128.9631495,35.103016],[128.9631493,35.103016],[128.9631491,35.103016],[128.963149,35.103016],[128.9631488,35.103016],[128.9631486,35.1030161],[128.9631484,35.1030161],[128.9631481,35.1030161],[128.9631479,35.1030161],[128.9631477,35.1030161],[128.9631476,35.1030161],[128.9631474,35.1030161],[128.9631472,35.1030162],[128.9631471,35.1030162],[128.9631469,35.1030162],[128.9631468,35.1030162],[128.9631466,35.1030162],[128.9631464,35.1030162],[128.9631463,35.1030162],[128.9631461,35.1030162],[128.9631459,35.1030163],[128.9631457,35.1030163],[128.9631455,35.1030163],[128.9631454,35.1030163],[128.9631452,35.1030163],[128.963145,35.1030163],[128.9631445,35.1030164],[128.9631442,35.1030164],[128.9631438,35.1030164],[128.9631437,35.1030164],[128.9631436,35.1030165],[128.9631434,35.1030165],[128.9631433,35.1030165],[128.9631431,35.1030165],[128.9631429,35.1030165],[128.9631164,35.1030193],[128.962945,35.1030373],[128.9629382,35.103038],[128.9628433,35.103048],[128.9628428,35.103048],[128.9628419,35.1030481],[128.962841,35.1030482],[128.96284,35.1030483],[128.9628389,35.1030483],[128.962838,35.1030483],[128.9628374,35.1030484],[128.9628364,35.1030484],[128.9628353,35.1030484],[128.9628344,35.1030484],[128.9628332,35.1030484],[128.9628327,35.1030483],[128.9628314,35.1030483],[128.9628304,35.1030482],[128.9628295,35.1030482],[128.9628283,35.1030481],[128.9628272,35.103048],[128.9628266,35.1030479],[128.9628256,35.1030478],[128.9628248,35.1030477],[128.9628236,35.1030475],[128.9628232,35.1030475],[128.9628224,35.1030473],[128.962822,35.1030473],[128.962821,35.1030471],[128.9628204,35.103047],[128.9628196,35.1030468],[128.9628187,35.1030466],[128.9628182,35.1030465],[128.9628174,35.1030463],[128.9628166,35.1030462],[128.9628161,35.103046],[128.9628151,35.1030458],[128.9628143,35.1030455],[128.9628134,35.1030453],[128.9628128,35.1030451],[128.9628119,35.1030448],[128.9628109,35.1030445],[128.96281,35.1030442],[128.9628088,35.1030438],[128.962808,35.1030435],[128.9628075,35.1030433],[128.9628066,35.1030429],[128.9628059,35.1030427],[128.9628056,35.1030425],[128.962805,35.1030423],[128.9628039,35.1030418],[128.9628033,35.1030415],[128.9628027,35.1030413],[128.962802,35.1030409],[128.9628013,35.1030406],[128.9628008,35.1030403],[128.9628002,35.10304],[128.9627998,35.1030398],[128.9627991,35.1030394],[128.9627985,35.1030391],[128.9627979,35.1030387],[128.9627976,35.1030386],[128.9627971,35.1030383],[128.9627964,35.1030379],[128.9627958,35.1030375],[128.9627952,35.1030371],[128.9627947,35.1030368],[128.9627942,35.1030365],[128.9627938,35.1030362],[128.9627932,35.1030358],[128.9627926,35.1030354],[128.9627923,35.1030352],[128.9627919,35.1030349],[128.9627916,35.1030347],[128.9627911,35.1030343],[128.9627906,35.103034],[128.9627901,35.1030336],[128.9627896,35.1030332],[128.9627892,35.1030328],[128.9627888,35.1030326],[128.9627885,35.1030322],[128.962788,35.1030319],[128.9627875,35.1030315],[128.9627871,35.103031],[128.9627866,35.1030307],[128.9627862,35.1030303],[128.9627858,35.1030299],[128.9627854,35.1030295],[128.9627846,35.1030287],[128.9627842,35.1030283],[128.9627837,35.1030278],[128.9627835,35.1030276],[128.9627831,35.1030272],[128.9627827,35.1030268],[128.9627034,35.1030929],[128.9627045,35.1030939],[128.9627052,35.1030946],[128.9627058,35.1030952],[128.9627069,35.1030962],[128.962708,35.1030971],[128.962709,35.1030981],[128.9627097,35.1030987],[128.9627109,35.1030996],[128.9627117,35.1031002],[128.9627127,35.103101],[128.9627135,35.1031016],[128.9627143,35.1031023],[128.9627153,35.103103],[128.9627166,35.1031039],[128.9627182,35.103105],[128.9627196,35.103106],[128.9627206,35.1031066],[128.9627213,35.1031071],[128.9627224,35.1031078],[128.9627235,35.1031084],[128.9627248,35.1031092],[128.9627256,35.1031097],[128.9627263,35.1031101],[128.9627262,35.103133],[128.9627166,35.103134],[128.9625371,35.1031529],[128.9624122,35.103166],[128.9623197,35.1031757],[128.9623067,35.1032693],[128.962299,35.1033251],[128.9624967,35.1033779],[128.9625182,35.1033836],[128.9626634,35.1034223],[128.9630418,35.1035982],[128.9632211,35.1036766],[128.9633177,35.1037188],[128.9633371,35.1037273],[128.9634521,35.1037775],[128.9636037,35.1038438],[128.9636333,35.1038567],[128.963775,35.1039186],[128.9639158,35.1039801],[128.9639454,35.1039931],[128.9641005,35.1040609],[128.9642598,35.1041305],[128.9644104,35.1041963],[128.9644822,35.1041702],[128.9645992,35.1041277],[128.9646292,35.1041167],[128.9646493,35.1041095],[128.9647502,35.1040728],[128.9651758,35.10391],[128.9652018,35.1039],[128.9654645,35.1037993],[128.9655778,35.1037559],[128.9657497,35.1036901],[128.9657696,35.1036824],[128.965868,35.1036447],[128.9662965,35.1034805],[128.9663164,35.1034728],[128.9664159,35.1034348],[128.9665207,35.1033946],[128.9665505,35.1033831],[128.9666955,35.1033276],[128.9667265,35.1033157],[128.96683,35.103276],[128.9668899,35.103253],[128.9669713,35.1032218],[128.9671278,35.1031561],[128.9671419,35.1031505],[128.9672771,35.1030954],[128.967466,35.1030176],[128.9676545,35.1029429],[128.9678217,35.1028757],[128.9680195,35.1027965],[128.9681374,35.1027487],[128.9681737,35.102737],[128.9683525,35.1026796],[128.968513,35.1026278],[128.9686076,35.1025962],[128.9687687,35.1025438],[128.9689423,35.1024878],[128.9691824,35.1024073],[128.9692813,35.1023735],[128.9694137,35.1023004],[128.9695424,35.1022847],[128.9695919,35.1022555],[128.9694896,35.1022042],[128.9694067,35.1021588],[128.9693219,35.1020931],[128.9694413,35.1020691],[128.9696735,35.1019955],[128.9698514,35.10194],[128.9698843,35.1019326],[128.969969,35.1018213],[128.9699121,35.1018013],[128.9699105,35.1018007],[128.9698734,35.1017862],[128.9698731,35.101756],[128.9697857,35.1017416],[128.969809,35.1016788],[128.96982,35.1016614],[128.9698172,35.1016477],[128.9698426,35.1016195],[128.9698557,35.101612],[128.9698666,35.1016025],[128.9697942,35.1015196],[128.9697034,35.1015181],[128.9696589,35.1015361],[128.9695944,35.1015064],[128.9695373,35.1014888],[128.9694224,35.1015056],[128.9692372,35.1015433],[128.9692281,35.101545],[128.9692091,35.1015445],[128.969198,35.101505],[128.9690834,35.101468],[128.9689683,35.1014306],[128.9688795,35.1013967],[128.9687618,35.1013349],[128.96872,35.1013148],[128.9686381,35.1013232],[128.9685954,35.1012749],[128.968568,35.101243],[128.9685253,35.1011598],[128.968534,35.1011094],[128.9685344,35.1011044],[128.9684879,35.101072],[128.9684612,35.1010533],[128.9683995,35.1010152],[128.968303,35.1010147],[128.9682175,35.1010518],[128.9682048,35.1010719],[128.9681699,35.1011271],[128.9681497,35.1011827],[128.9681449,35.1011961],[128.9681187,35.1011606],[128.9680798,35.1011701],[128.9678087,35.10123],[128.9676902,35.1011662],[128.9675158,35.1012205],[128.9674271,35.1012875],[128.9673434,35.1014771],[128.9672693,35.1014965],[128.9671897,35.1015171],[128.967157,35.1015401],[128.967055,35.1016113],[128.9669964,35.1016523],[128.9669551,35.1016264],[128.9668424,35.1016734],[128.966816,35.1016982],[128.9668127,35.1016889],[128.9662607,35.1017867],[128.9662257,35.1017928],[128.9659872,35.1018265],[128.9659343,35.1016071],[128.9659277,35.1015791],[128.9651165,35.1017158],[128.9646992,35.1017862],[128.9647594,35.1020423],[128.9646166,35.1020726],[128.9646329,35.1021092],[128.9647962,35.10248],[128.9647223,35.1024848],[128.9646482,35.1024896],[128.9643458,35.1024405],[128.9642376,35.1024232],[128.9642149,35.1023768],[128.9640393,35.1023186],[128.9640302,35.1023676],[128.9639334,35.1023565],[128.9639112,35.1024242],[128.96391,35.1024263],[128.9638842,35.1024161],[128.9638655,35.1024416],[128.9638171,35.1024263],[128.9637929,35.1023896],[128.9637708,35.1023415],[128.9636773,35.1023726],[128.9636076,35.1024172],[128.9636069,35.1024184],[128.9635999,35.1024299],[128.9635816,35.1024609],[128.9634844,35.1025353],[128.9634756,35.1025701],[128.9634132,35.1025803],[128.963396,35.1025605],[128.9633728,35.1025623],[128.9633348,35.1026071],[128.963347,35.1026402],[128.9633479,35.1026587],[128.9632622,35.1027296],[128.9632954,35.1027586],[128.9632761,35.102778],[128.9633259,35.1028193],[128.9633259,35.1028192],[128.9633381,35.102828],[128.9633382,35.1028281],[128.9633526,35.1028384],[128.963326,35.1028619],[128.9632556,35.1029357]]]},"properties":{"name":"하단2 재개발사업","type":"재개발","admCode":"26380","mnum":"62600002638020250288UDT1000001001"}},{"type":"Feature","geometry":{"type":"Polygon","coordinates":[[[128.9593009,35.109514],[128.9595016,35.1094824],[128.9595276,35.1094783],[128.9595346,35.109477],[128.9601716,35.1093777],[128.9603145,35.1094152],[128.9605061,35.1094131],[128.9606465,35.1094115],[128.9606457,35.1094099],[128.9606489,35.1093046],[128.9606523,35.1091973],[128.9606531,35.1091702],[128.9606555,35.1090908],[128.9606576,35.1090238],[128.9606591,35.1089754],[128.9606582,35.1089677],[128.9606436,35.1088454],[128.9606326,35.1087545],[128.9608252,35.1087417],[128.9608516,35.1089605],[128.9610363,35.1089463],[128.9610509,35.1089451],[128.96128,35.1089274],[128.9614258,35.1089162],[128.9614295,35.1089487],[128.9614381,35.1090485],[128.961447,35.1091468],[128.9614558,35.1092503],[128.9616152,35.109195],[128.9617472,35.109149],[128.9619187,35.1090897],[128.9620476,35.1090446],[128.9622075,35.1089893],[128.9622441,35.1089767],[128.962329,35.1089474],[128.9623756,35.1089314],[128.9624523,35.1089049],[128.9624697,35.1088989],[128.9624553,35.1088483],[128.962442,35.1088032],[128.9624175,35.1087138],[128.9623983,35.1086451],[128.9624056,35.1084952],[128.9624587,35.108452],[128.9627727,35.1082024],[128.9630027,35.1082458],[128.9630898,35.1082623],[128.9631303,35.1082427],[128.9632817,35.1081676],[128.9633683,35.1081245],[128.9634959,35.1079596],[128.9635601,35.107875],[128.9636501,35.1077575],[128.9636689,35.1077329],[128.9636855,35.1077104],[128.9636938,35.1076997],[128.9635975,35.1076702],[128.9634961,35.1076393],[128.9632705,35.1076464],[128.9630815,35.1076524],[128.9629248,35.1076574],[128.9627591,35.1076627],[128.9627372,35.1076635],[128.9625841,35.1076683],[128.9625621,35.107669],[128.9624189,35.1076735],[128.9622711,35.1076783],[128.9621308,35.1076827],[128.9619912,35.1076872],[128.9618256,35.1076943],[128.9617344,35.1076992],[128.9616066,35.1077061],[128.9613794,35.1077184],[128.9611926,35.1077284],[128.961082,35.1077344],[128.9609437,35.1077418],[128.9608999,35.1077442],[128.960765,35.1077514],[128.9606119,35.1077597],[128.9606021,35.1077842],[128.9605891,35.1077747],[128.9603022,35.1077888],[128.9602654,35.107823],[128.9602818,35.1080704],[128.9602851,35.1081189],[128.9603134,35.1085139],[128.9603181,35.108582],[128.9602858,35.1086148],[128.9602874,35.1086584],[128.9602398,35.1086615],[128.9601985,35.1087034],[128.9600904,35.1087102],[128.9599691,35.1087178],[128.9598495,35.1087256],[128.9597122,35.1087342],[128.959487,35.108749],[128.9594303,35.1087526],[128.9593265,35.1087597],[128.9592944,35.1087618],[128.9591916,35.1087687],[128.9591208,35.1087737],[128.9589968,35.1087821],[128.9589637,35.108815],[128.958969,35.108865],[128.9589755,35.1089247],[128.9589884,35.109046],[128.9589967,35.1091244],[128.959039,35.1095197],[128.9590833,35.1095481],[128.9593009,35.109514]]]},"properties":{"name":"하단3 재개발사업 정비구역","type":"재개발","admCode":"26380","mnum":"62600002638020250289UDT1000001001"}},{"type":"Feature","geometry":{"type":"Polygon","coordinates":[[[128.9635631,35.1040813],[128.9631753,35.1039118],[128.9629818,35.1038272],[128.9629528,35.1038145],[128.9627475,35.1037248],[128.9626553,35.1036845],[128.9625224,35.1036265],[128.9624207,35.103582],[128.9623811,35.1035856],[128.962265,35.1035962],[128.9621166,35.1036097],[128.9620008,35.1036203],[128.9620045,35.1037121],[128.962005,35.1038018],[128.9619933,35.1038816],[128.9620069,35.1038831],[128.9620085,35.1038833],[128.9620028,35.1039649],[128.9620416,35.1039826],[128.9620444,35.1040023],[128.962039,35.1040013],[128.9620119,35.1041101],[128.9619854,35.1042138],[128.9619606,35.1043214],[128.9619357,35.1044213],[128.9619106,35.1045279],[128.961884,35.1046388],[128.9619731,35.1046556],[128.9619382,35.1048065],[128.962356,35.1048165],[128.9627451,35.1047704],[128.9630108,35.1047389],[128.9632378,35.1046513],[128.9637632,35.1044485],[128.9641032,35.1043173],[128.9638998,35.1042285],[128.9635631,35.1040813]]]},"properties":{"name":"하단1 재건축 정비구역","type":"재건축","admCode":"26380","mnum":"62600002638020250251UDT1000001001"}},{"type":"Feature","geometry":{"type":"Polygon","coordinates":[[[128.9928581,35.0939958],[128.9928222,35.0938991],[128.9927597,35.0937312],[128.992691,35.0935438],[128.9926825,35.0935213],[128.9926666,35.0934749],[128.99266,35.0934423],[128.9926524,35.0934048],[128.9926468,35.0933686],[128.9926453,35.0933457],[128.9926034,35.093324],[128.9925965,35.0933179],[128.9922861,35.0933655],[128.9922451,35.0933737],[128.9922044,35.093382],[128.992067,35.0935033],[128.9919885,35.0935619],[128.991942,35.0935967],[128.9918645,35.093389],[128.99186,35.0932902],[128.9913274,35.0934071],[128.9912072,35.0934327],[128.9908905,35.0935041],[128.9908604,35.0935105],[128.9908101,35.0935217],[128.9906188,35.0935604],[128.9903482,35.0936184],[128.9902143,35.0936958],[128.9902308,35.0937273],[128.989877,35.0939125],[128.9898514,35.0939936],[128.9900067,35.0941583],[128.9900123,35.0941695],[128.989948,35.0941839],[128.989915,35.0941913],[128.9896772,35.0942439],[128.9896683,35.0942458],[128.989565,35.0942687],[128.9894539,35.0942933],[128.9893436,35.0943178],[128.9891926,35.0943512],[128.9890446,35.094384],[128.9889746,35.0943995],[128.9888729,35.094422],[128.9888101,35.0944359],[128.9888565,35.0945847],[128.9888649,35.0946116],[128.988885,35.0946762],[128.9889244,35.0947901],[128.9889559,35.094888],[128.988995,35.0950091],[128.9890338,35.0951305],[128.9890647,35.0952271],[128.9891146,35.0952496],[128.9891986,35.0952312],[128.9893171,35.0952053],[128.9893492,35.0951982],[128.9894614,35.0951736],[128.9895752,35.0951487],[128.9896084,35.0951414],[128.9896681,35.0951283],[128.9897218,35.0951165],[128.9898326,35.0950914],[128.989865,35.0950842],[128.9899794,35.0950586],[128.9900962,35.0950325],[128.9901824,35.0950132],[128.9903193,35.0949827],[128.990398,35.0949653],[128.9905278,35.0949365],[128.9905454,35.0949326],[128.9905598,35.0949294],[128.9910286,35.0948254],[128.9915339,35.0947133],[128.9916735,35.0946817],[128.9920519,35.0945971],[128.9921939,35.0945653],[128.9923313,35.0945398],[128.9924099,35.0945224],[128.992427,35.0945186],[128.992446,35.0945143],[128.9924606,35.0945111],[128.9925921,35.0944819],[128.9927239,35.0944527],[128.9927552,35.0944456],[128.9928592,35.0944223],[128.9929653,35.0943986],[128.9929925,35.094359],[128.9929724,35.0943048],[128.9929397,35.0942163],[128.9929064,35.0941261],[128.992871,35.0940305],[128.9928581,35.0939958]]]},"properties":{"name":"괴정8 재개발사업 정비구역","type":"재개발","admCode":"26380","mnum":"62600002638020240088UDT1000001001"}},{"type":"Feature","geometry":{"type":"Polygon","coordinates":[[[128.9884885,35.0978524],[128.9883996,35.0975757],[128.9882483,35.0976094],[128.988097,35.0976431],[128.9879455,35.0976769],[128.9877958,35.0977103],[128.9876438,35.0977442],[128.9871656,35.0978508],[128.9872546,35.0981243],[128.9867604,35.0982332],[128.9866611,35.0982551],[128.9866652,35.098268],[128.9867921,35.0986682],[128.9868064,35.0987113],[128.9868177,35.0987451],[128.9868627,35.0988798],[128.9868725,35.0989092],[128.9868782,35.0989264],[128.9869333,35.0989298],[128.9870327,35.0989358],[128.9870608,35.0989372],[128.9875942,35.0989639],[128.988036,35.0989934],[128.9880851,35.0989966],[128.9881256,35.0989989],[128.9882269,35.0979101],[128.988469,35.0978567],[128.9884885,35.0978524]]]},"properties":{"name":"괴정2 재건축사업 정비구역","type":"재건축","admCode":"26380","mnum":"62600002638020050334UDT1000001001"}},{"type":"Feature","geometry":{"type":"Polygon","coordinates":[[[128.9981445,35.1074637],[128.9981474,35.1074937],[128.9981522,35.1075142],[128.9981568,35.1075287],[128.9981612,35.1075388],[128.998205,35.107598],[128.9982345,35.1075845],[128.9982441,35.1075801],[128.9982647,35.1075708],[128.998273,35.1075832],[128.9982776,35.1075892],[128.9982821,35.1075951],[128.998292,35.1076066],[128.9983026,35.1076177],[128.9983507,35.1076714],[128.9984496,35.1077718],[128.9984883,35.1078111],[128.9985455,35.1078709],[128.9986902,35.1080225],[128.9987133,35.1080494],[128.9987161,35.1080524],[128.9987354,35.1080835],[128.9987481,35.1081229],[128.9987508,35.1081601],[128.9987483,35.1081751],[128.9987469,35.1081824],[128.9987809,35.1082192],[128.9987353,35.108253],[128.9989257,35.1083644],[128.9989602,35.1083594],[128.9990691,35.1083402],[128.9991659,35.1083255],[128.9992233,35.1082653],[128.9994002,35.1080692],[128.9994726,35.1079259],[128.9995735,35.1077283],[128.9996581,35.1075626],[128.999659,35.1075609],[128.9997554,35.1074184],[128.9997901,35.107357],[128.9997983,35.1073337],[128.9998101,35.1072884],[128.9998468,35.1071925],[129.0000435,35.106773],[129.0000566,35.1067596],[129.0000887,35.1067251],[129.0001294,35.1066785],[129.0002013,35.106556],[129.0003236,35.1064595],[129.000857,35.1066176],[129.0009697,35.1063635],[129.0010703,35.1060639],[129.0010467,35.1059904],[129.0010442,35.1059827],[129.0009496,35.1056878],[129.0007883,35.10531],[129.000737,35.1051964],[129.0006669,35.1052702],[129.0006482,35.1052899],[129.0005758,35.1053176],[129.0004992,35.1053468],[129.000448,35.1053618],[129.0003282,35.105397],[129.0001423,35.1054343],[129.0001333,35.1054355],[129.0001144,35.1054528],[129.0000327,35.1054584],[129.0000334,35.1054685],[128.9999452,35.1054742],[128.9998477,35.1054805],[128.9998373,35.1054425],[128.9998034,35.1053176],[128.9997463,35.1052947],[128.9997365,35.1052955],[128.9996972,35.1053249],[128.9995155,35.1054594],[128.9995029,35.1054687],[128.9994263,35.1055255],[128.9994042,35.1055419],[128.9992931,35.1056244],[128.9992872,35.1056287],[128.9992814,35.105633],[128.9992247,35.105675],[128.9991681,35.105717],[128.9991556,35.1057263],[128.9991448,35.1057343],[128.9991296,35.1057455],[128.9991162,35.1057555],[128.9991006,35.105767],[128.9990829,35.1057802],[128.9990695,35.1057901],[128.9989839,35.1058545],[128.9989062,35.105913],[128.998895,35.1059216],[128.9988857,35.1059287],[128.9988764,35.1059358],[128.9988689,35.1059416],[128.9988257,35.1059651],[128.9987824,35.1059886],[128.9987632,35.1059955],[128.9986825,35.1060314],[128.9986366,35.1060454],[128.9985908,35.1060593],[128.9985498,35.1060688],[128.9985613,35.1060791],[128.998586,35.10615],[128.9985861,35.1061767],[128.9985806,35.1062048],[128.998566,35.1062701],[128.9985513,35.1063354],[128.9985358,35.1063894],[128.9985258,35.1064243],[128.9985203,35.1064435],[128.9985117,35.1064704],[128.998503,35.1064973],[128.9984967,35.1065172],[128.9984904,35.1065371],[128.9984812,35.1065649],[128.9984683,35.1066088],[128.9984626,35.106628],[128.9984567,35.1066484],[128.998451,35.1066676],[128.9984225,35.1067727],[128.9984184,35.1067882],[128.998397,35.1068671],[128.9983941,35.1068778],[128.9983838,35.1069207],[128.9983736,35.1069636],[128.9983594,35.107005],[128.9983475,35.1070393],[128.9983357,35.1070737],[128.9983179,35.1071161],[128.9983002,35.1071585],[128.9982854,35.1071936],[128.9982707,35.1072288],[128.9982625,35.1072426],[128.9982542,35.1072564],[128.998241,35.1072721],[128.9982306,35.1072811],[128.9982035,35.1073097],[128.9981971,35.1073191],[128.9981642,35.1073678],[128.998163,35.1073703],[128.9981562,35.1073888],[128.9981508,35.1074075],[128.9981461,35.1074309],[128.9981445,35.1074637]]]},"properties":{"name":"괴정2재개발 정비구역","type":"재개발","admCode":"26380","mnum":"62600002638020210363UDT1000001005"}},{"type":"Feature","geometry":{"type":"Polygon","coordinates":[[[128.9706997,35.0622699],[128.9708056,35.0623862],[128.9708357,35.0624192],[128.9710267,35.062629],[128.9711039,35.0627138],[128.9711259,35.062738],[128.9712379,35.062861],[128.9712789,35.062906],[128.9714444,35.0630877],[128.9714602,35.0631051],[128.9716244,35.0632854],[128.9717377,35.0634098],[128.971824,35.0635047],[128.9718704,35.0633818],[128.9718895,35.0633416],[128.9719109,35.063303],[128.9719404,35.0632544],[128.9719785,35.0632078],[128.9719958,35.0631883],[128.9720174,35.0631652],[128.9720523,35.0631298],[128.9720616,35.0631197],[128.9720729,35.0631059],[128.9720853,35.063089],[128.9720894,35.0630814],[128.9721965,35.0627282],[128.9722148,35.0626925],[128.972233,35.0626632],[128.9722605,35.0626281],[128.9722849,35.0626137],[128.9723156,35.0626017],[128.9724158,35.0625745],[128.9726497,35.0625257],[128.9727471,35.0625075],[128.972786,35.0625059],[128.972904,35.062523],[128.9729978,35.0625394],[128.9730381,35.0625396],[128.9731298,35.0625268],[128.9732366,35.0625018],[128.9733605,35.062468],[128.9734078,35.0624619],[128.9734937,35.0624686],[128.9735543,35.0624675],[128.9736022,35.0624489],[128.9737568,35.062364],[128.9738103,35.0623304],[128.9738512,35.0622986],[128.9738643,35.062281],[128.9738753,35.062245],[128.9738753,35.0621726],[128.9738768,35.0621053],[128.9739028,35.0620217],[128.9739314,35.0619672],[128.9739637,35.0619183],[128.9740149,35.0618642],[128.974056,35.0618313],[128.9740883,35.0617981],[128.974145,35.0616892],[128.9741721,35.061646],[128.9742098,35.0616096],[128.9742573,35.0615861],[128.974492,35.0615007],[128.9747003,35.0614306],[128.974755,35.0614152],[128.9749585,35.0613696],[128.9750967,35.0613311],[128.9751042,35.0613283],[128.9751163,35.0613237],[128.975134,35.0613135],[128.9750555,35.0612603],[128.974751,35.061054],[128.9746973,35.0610176],[128.974565,35.0609279],[128.9737184,35.061196],[128.9726044,35.0615611],[128.9725839,35.0615677],[128.9724811,35.0616002],[128.9724499,35.0616091],[128.9724318,35.0616139],[128.9724107,35.0616195],[128.9723896,35.0616244],[128.972368,35.0616281],[128.9723463,35.0616309],[128.9723244,35.061633],[128.9723024,35.061634],[128.9722804,35.0616344],[128.9722474,35.0616315],[128.9722258,35.0616278],[128.9722044,35.0616224],[128.9721836,35.0616163],[128.9721633,35.0616097],[128.9721429,35.0616024],[128.9721232,35.0615945],[128.9721041,35.0615855],[128.9720854,35.0615759],[128.9720678,35.0615649],[128.9720513,35.061553],[128.972036,35.06154],[128.9720216,35.0615261],[128.9720079,35.0615118],[128.9719949,35.0614974],[128.9719823,35.0614826],[128.9719703,35.0614672],[128.9719599,35.0614512],[128.9719507,35.0614347],[128.9719371,35.06141],[128.9718841,35.0613015],[128.9712698,35.0611712],[128.9711039,35.0613975],[128.970949,35.0617175],[128.9708599,35.0619698],[128.9706997,35.0622699]]]},"properties":{"name":"","type":"기타","admCode":"26380","mnum":"62600002638020050336UDT1000001001"}},{"type":"Feature","geometry":{"type":"Polygon","coordinates":[[[128.9694619,35.1080671],[128.9695459,35.1080726],[128.9696518,35.1081188],[128.9696897,35.1081353],[128.9696238,35.1082543],[128.9696626,35.1082922],[128.9703558,35.1079299],[128.9706568,35.1077761],[128.9706707,35.1077686],[128.9706631,35.1077391],[128.9708689,35.1076273],[128.9710162,35.1075472],[128.9711066,35.1076565],[128.9711242,35.1076769],[128.9712341,35.1078037],[128.9716196,35.1078816],[128.971782,35.1078377],[128.9719999,35.1078417],[128.9720688,35.1078118],[128.97207,35.107799],[128.9720084,35.1077743],[128.9718783,35.1077806],[128.9718747,35.107743],[128.9719552,35.1077221],[128.9720738,35.1077472],[128.9720948,35.1074586],[128.9719585,35.1073852],[128.9718891,35.1073963],[128.9718692,35.1072221],[128.9718498,35.1071898],[128.9711813,35.1072135],[128.9711575,35.1071773],[128.971077,35.1070507],[128.9710163,35.1070524],[128.970954,35.107054],[128.9709277,35.1070667],[128.9707737,35.1067953],[128.9707447,35.1067888],[128.9704549,35.1069491],[128.970355,35.1070043],[128.9702618,35.10705],[128.9701777,35.1070956],[128.9701564,35.1071073],[128.9700358,35.1071486],[128.9695522,35.107368],[128.9695445,35.1074796],[128.9695367,35.1075927],[128.9695277,35.1076716],[128.9695191,35.1077494],[128.9694852,35.1078012],[128.9694715,35.1079493],[128.9694619,35.1080671]]]},"properties":{"name":"정비구역","type":"기타","admCode":"26380","mnum":"62600002638020180324UDT1000001001"}},{"type":"Feature","geometry":{"type":"Polygon","coordinates":[[[129.0057016,35.0817208],[129.0057169,35.0817495],[129.00577,35.0818235],[129.0057792,35.0818372],[129.0057822,35.0818426],[129.005794,35.0818579],[129.0059042,35.0819627],[129.006004,35.0820569],[129.0060919,35.0821342],[129.0061179,35.0821562],[129.0061823,35.0822109],[129.0063314,35.0823342],[129.0063904,35.0823843],[129.0064355,35.0824331],[129.0064446,35.082443],[129.0064638,35.0824686],[129.0064805,35.0824909],[129.0065843,35.0826223],[129.006621,35.0826872],[129.0066824,35.0828519],[129.0066973,35.0829117],[129.0067205,35.083049],[129.0067272,35.0832158],[129.0067147,35.0833427],[129.0066925,35.0834614],[129.0066551,35.0835851],[129.0066428,35.0836273],[129.0066331,35.083666],[129.0066974,35.0836472],[129.0068817,35.0836982],[129.0069099,35.0837131],[129.0069323,35.0837299],[129.006952,35.0837558],[129.0069567,35.0837644],[129.0070451,35.083916],[129.0070674,35.0839797],[129.0070116,35.0840262],[129.0069386,35.0840887],[129.0068721,35.0841468],[129.0068595,35.0841655],[129.0067813,35.0842688],[129.0067767,35.0842818],[129.0067486,35.0843625],[129.0067288,35.0844193],[129.0066644,35.0846115],[129.0066598,35.0846315],[129.0066235,35.0847308],[129.006603,35.0847869],[129.0065585,35.0849088],[129.006552,35.0849266],[129.006494,35.0850848],[129.0065778,35.0851069],[129.0066019,35.0851109],[129.0066576,35.0851105],[129.0067576,35.0851321],[129.0068745,35.0851418],[129.0069339,35.0851708],[129.0069806,35.0852116],[129.007038,35.0852204],[129.0070702,35.0852281],[129.0071093,35.0852374],[129.0071474,35.0852528],[129.0071787,35.0852748],[129.007199,35.0853041],[129.0072602,35.0853416],[129.00726,35.085351],[129.0072887,35.0853722],[129.0073306,35.0853933],[129.0073473,35.085396],[129.0074727,35.0852837],[129.0075121,35.0852484],[129.0075297,35.0852326],[129.007577,35.0851902],[129.0076133,35.085155],[129.0076309,35.0851401],[129.0077234,35.0850556],[129.0077869,35.0849989],[129.0078958,35.0848989],[129.007919,35.0848777],[129.0079254,35.0848719],[129.0079606,35.0848401],[129.0080225,35.0847843],[129.0080479,35.0847613],[129.0080605,35.0847506],[129.0081079,35.0847065],[129.0081971,35.0846278],[129.0082834,35.0845503],[129.0083079,35.0845283],[129.0084725,35.0843793],[129.0085225,35.0843349],[129.008737,35.0841405],[129.0087501,35.0841252],[129.0087782,35.0841],[129.0088462,35.0840382],[129.0088536,35.084029],[129.008879,35.0839971],[129.0089319,35.0839316],[129.008938,35.0839241],[129.0089736,35.0838694],[129.0089916,35.0838424],[129.0090216,35.0837823],[129.0090448,35.0837318],[129.0090699,35.0836595],[129.0091147,35.0834276],[129.0091518,35.0832246],[129.009234,35.0828185],[129.0092596,35.0827232],[129.0092878,35.0826386],[129.0093216,35.0825662],[129.0093443,35.0825152],[129.0093855,35.0824549],[129.009414,35.0824152],[129.0094491,35.0823661],[129.0095098,35.0822907],[129.0095784,35.0822152],[129.0096191,35.0821796],[129.0096744,35.0821194],[129.0097105,35.0820901],[129.0097897,35.0820257],[129.0098053,35.0820131],[129.0098746,35.0819633],[129.0099025,35.0819411],[129.0099304,35.0819189],[129.010037,35.081847],[129.0102007,35.0817575],[129.0102711,35.0817282],[129.0103848,35.0816894],[129.010417,35.0816787],[129.0105053,35.0816608],[129.0105207,35.0816577],[129.010634,35.0816414],[129.0106841,35.0816379],[129.0107441,35.0816366],[129.0108052,35.0816352],[129.0108304,35.0816341],[129.0110009,35.0816363],[129.0110893,35.0816448],[129.01122,35.0816573],[129.0113325,35.0816684],[129.0113986,35.0816779],[129.0115189,35.0816907],[129.0115498,35.081694],[129.0116004,35.0816866],[129.0116803,35.0816749],[129.011726,35.0816682],[129.011726,35.0816681],[129.011726,35.0816682],[129.0117436,35.0816089],[129.0117431,35.081586],[129.0116998,35.0815307],[129.0116752,35.0814977],[129.0116676,35.0814663],[129.0115453,35.081496],[129.0114939,35.0815021],[129.0114242,35.081513],[129.0110285,35.0811568],[129.0108215,35.080916],[129.0107692,35.0808588],[129.0107452,35.0808369],[129.0107282,35.0808204],[129.0107054,35.0808021],[129.0106792,35.080781],[129.010656,35.0807615],[129.0106327,35.080743],[129.010608,35.0807285],[129.0105838,35.0807154],[129.0105644,35.0807063],[129.010534,35.0806911],[129.0105111,35.0806805],[129.0104887,35.080671],[129.0104678,35.0806632],[129.0104477,35.0806553],[129.0104147,35.0806445],[129.0103824,35.0806358],[129.0103613,35.0806297],[129.0103369,35.0806243],[129.0103091,35.0806175],[129.0102809,35.0806105],[129.0102349,35.0805968],[129.0100126,35.0805535],[129.0099116,35.080513],[129.0097707,35.0804546],[129.0097448,35.0804325],[129.0097244,35.0804387],[129.0096647,35.0804091],[129.0096321,35.0803863],[129.0096142,35.0803898],[129.0094613,35.0802843],[129.0094609,35.0802685],[129.0093625,35.0802499],[129.0093228,35.0802424],[129.0092581,35.0802334],[129.0091895,35.0802239],[129.009136,35.0801255],[129.0091378,35.0801141],[129.0091248,35.0801143],[129.0091176,35.0802961],[129.0091157,35.0803411],[129.0089907,35.0803453],[129.0086264,35.0804473],[129.0085501,35.080444],[129.0084639,35.0804592],[129.0083873,35.0804866],[129.0083346,35.0805184],[129.0083022,35.0805382],[129.0082781,35.0805763],[129.0081445,35.0806213],[129.0078534,35.0807313],[129.0069372,35.0811044],[129.0069529,35.0811172],[129.006894,35.0811595],[129.0068581,35.0811853],[129.0067403,35.0812177],[129.0066967,35.0812159],[129.0066394,35.0812554],[129.0066198,35.0812552],[129.006569,35.0812695],[129.0064981,35.0812893],[129.0064332,35.0812373],[129.0064141,35.0812501],[129.0063251,35.0813094],[129.0063218,35.0813116],[129.0063067,35.0813223],[129.0061882,35.0814085],[129.0062351,35.0814479],[129.0062786,35.0814766],[129.0063377,35.0814876],[129.0062806,35.0815116],[129.006208,35.0815436],[129.0061504,35.0815694],[129.0061178,35.0815855],[129.0059664,35.0816603],[129.0059603,35.0816628],[129.0058803,35.0817013],[129.0057738,35.081703],[129.0057724,35.0817031],[129.0057166,35.0817171],[129.0057016,35.0817208]]]},"properties":{"name":"감천2 주택재개발 정비구역","type":"재개발","admCode":"26380","mnum":"62600002638020180019UDT1000001001"}},{"type":"Feature","geometry":{"type":"Polygon","coordinates":[[[128.9910482,35.0967871],[128.9911396,35.0967851],[128.9912194,35.096767],[128.9913067,35.0967471],[128.9915206,35.0966984],[128.9916701,35.0966646],[128.9917824,35.0966393],[128.9919473,35.0966023],[128.9920797,35.0965725],[128.9921892,35.0965479],[128.9922797,35.0965276],[128.9923864,35.0965036],[128.9926745,35.0964382],[128.9927886,35.0964124],[128.9928001,35.0964098],[128.9929238,35.0963817],[128.9930487,35.0963534],[128.9930624,35.0963503],[128.9931854,35.0963224],[128.9931994,35.0963192],[128.9932972,35.096297],[128.9933922,35.0962755],[128.9934789,35.0962558],[128.9935276,35.0961935],[128.9935167,35.0961429],[128.9934932,35.096034],[128.9934603,35.0958814],[128.9934441,35.0958061],[128.9932572,35.0958212],[128.9932254,35.0956688],[128.9933535,35.0956497],[128.9933925,35.095582],[128.9933871,35.0955604],[128.9933613,35.095455],[128.9933313,35.0953325],[128.9933019,35.0952095],[128.9932955,35.0951827],[128.9932861,35.0951431],[128.9932573,35.0950681],[128.9932258,35.0949862],[128.9932037,35.0949278],[128.9931685,35.0948347],[128.9931319,35.0947383],[128.9930983,35.0946492],[128.9930928,35.0946348],[128.9930592,35.0945459],[128.9930375,35.0944886],[128.9929878,35.0944674],[128.9927949,35.0945104],[128.991396,35.094821],[128.99137,35.0948432],[128.9913083,35.0952851],[128.9912787,35.0954019],[128.991185,35.0956582],[128.9911528,35.095746],[128.991034,35.0960696],[128.9909904,35.096179],[128.9909939,35.0963072],[128.9909962,35.0963887],[128.9909963,35.0963931],[128.9909893,35.0964154],[128.9909518,35.0965356],[128.9908967,35.096712],[128.9908983,35.0967703],[128.9909229,35.0967897],[128.9910482,35.0967871]]]},"properties":{"name":"괴정6 재개발정비구역","type":"재개발","admCode":"26380","mnum":"62600002638020240154UDT1000001001"}},{"type":"Feature","geometry":{"type":"Polygon","coordinates":[[[128.9760001,35.1044692],[128.976046,35.1045783],[128.9760756,35.1046486],[128.9760987,35.104634],[128.9761103,35.1046582],[128.9761257,35.1046901],[128.9762068,35.1048582],[128.9762173,35.1048739],[128.976235,35.1049011],[128.9762838,35.1049729],[128.9763259,35.1050108],[128.976339,35.1050254],[128.9763596,35.1050481],[128.9764617,35.1051558],[128.9764787,35.1052066],[128.9764852,35.1052257],[128.9765492,35.1053835],[128.9765811,35.1054617],[128.9765937,35.1054927],[128.9765958,35.105498],[128.9766221,35.1055625],[128.9766258,35.1055724],[128.9766361,35.1055951],[128.9766487,35.1056227],[128.9767081,35.1057013],[128.976745,35.1057516],[128.9767552,35.1057647],[128.9767659,35.1057793],[128.9767921,35.1058148],[128.9768327,35.105865],[128.9769191,35.1059716],[128.9769334,35.1059564],[128.9769782,35.1059087],[128.9769941,35.1058921],[128.9770264,35.1059246],[128.9771071,35.105838],[128.9771705,35.1057716],[128.9771859,35.1057555],[128.9772298,35.105712],[128.9772289,35.1056861],[128.9773693,35.1056955],[128.977512,35.1057052],[128.9775158,35.1056781],[128.9776135,35.1056846],[128.9775996,35.1055974],[128.9776007,35.1055714],[128.9776048,35.1055118],[128.9776078,35.1055044],[128.977626,35.105459],[128.9776357,35.1054363],[128.9776865,35.1054544],[128.9777553,35.1054661],[128.9777625,35.1053643],[128.9777805,35.1052959],[128.9778105,35.1052358],[128.9778125,35.105128],[128.9778647,35.1050482],[128.9779055,35.1049745],[128.9779092,35.1049379],[128.9779235,35.1049083],[128.9778739,35.1048947],[128.9777908,35.1048681],[128.9778102,35.1048215],[128.9776319,35.1047709],[128.9775293,35.1047423],[128.9774832,35.1047302],[128.977477,35.1046856],[128.9775046,35.1046759],[128.9775311,35.1045727],[128.9775075,35.1045385],[128.9775284,35.10448],[128.9775318,35.1044704],[128.9775211,35.1044087],[128.9775389,35.1043632],[128.9775781,35.1042625],[128.9780416,35.1042605],[128.9781278,35.1042591],[128.9781378,35.1042541],[128.9783414,35.1041454],[128.9783442,35.1041311],[128.9783133,35.1040901],[128.9782241,35.1039692],[128.9781844,35.1039168],[128.9781723,35.1039014],[128.9781308,35.103848],[128.9781541,35.1038153],[128.9781655,35.1037918],[128.9782562,35.1037037],[128.9783372,35.1036363],[128.9783126,35.1035942],[128.9781924,35.1036476],[128.977922,35.1037677],[128.9778597,35.1036921],[128.9778324,35.103659],[128.9778514,35.1036483],[128.9778595,35.1036437],[128.9780856,35.1035178],[128.9781139,35.1035521],[128.9782653,35.1034678],[128.9782074,35.1034062],[128.9781477,35.1033427],[128.9781233,35.1033166],[128.9781031,35.1032951],[128.9780995,35.1032913],[128.9780454,35.1032843],[128.977941,35.1033424],[128.977823,35.1034082],[128.9777068,35.1034729],[128.9776696,35.1034937],[128.9775007,35.1035878],[128.9773363,35.1036792],[128.9773009,35.103699],[128.9770612,35.1038325],[128.9770259,35.1038522],[128.976931,35.103905],[128.9769128,35.1039152],[128.9769037,35.1039203],[128.9768946,35.1039251],[128.9767031,35.104027],[128.9766748,35.1040449],[128.9765591,35.1041176],[128.9764862,35.1041635],[128.9763989,35.1042183],[128.9762888,35.1042875],[128.9762778,35.1042945],[128.976265,35.1043026],[128.9761693,35.1043628],[128.9761514,35.104374],[128.9760001,35.1044692]]]},"properties":{"name":"정비구역","type":"기타","admCode":"26380","mnum":"62600002638020130294UDT1000001001"}},{"type":"Feature","geometry":{"type":"Polygon","coordinates":[[[128.9849676,35.0948277],[128.9849681,35.0948392],[128.9849692,35.0948469],[128.9849726,35.0948569],[128.9849751,35.0948656],[128.9849835,35.0948886],[128.9850138,35.094927],[128.9850521,35.0949826],[128.9851141,35.0950748],[128.9851847,35.095201],[128.985206,35.0952433],[128.9852188,35.0952696],[128.9852416,35.0953873],[128.985243,35.0954224],[128.9852453,35.0954924],[128.9852448,35.0955885],[128.9852305,35.0956672],[128.985221,35.0957197],[128.9852003,35.0958337],[128.9851718,35.0959871],[128.9851507,35.0961005],[128.9851583,35.0962304],[128.9850927,35.096314],[128.9850196,35.0964069],[128.9850453,35.0964461],[128.9851339,35.0964443],[128.9852298,35.0964423],[128.9853423,35.0964399],[128.9854954,35.0964368],[128.9856518,35.0964335],[128.9858079,35.0964302],[128.9859022,35.0964283],[128.9860221,35.0964258],[128.986066,35.0964248],[128.9861305,35.096624],[128.9861817,35.0967822],[128.9862145,35.0968835],[128.9862478,35.0969863],[128.986391,35.096954],[128.9865302,35.0969227],[128.986548,35.0969187],[128.9866595,35.0968936],[128.9867382,35.0968758],[128.9868763,35.0968468],[128.9869261,35.0968358],[128.9872281,35.0967691],[128.9873675,35.0967385],[128.9874108,35.096729],[128.9875503,35.0966983],[128.9876796,35.0966699],[128.9876905,35.0966675],[128.9878115,35.0966409],[128.9879179,35.0966175],[128.9880557,35.0965872],[128.9881438,35.0965781],[128.9882153,35.0965936],[128.9884123,35.0966475],[128.9888378,35.0967588],[128.9889937,35.0967996],[128.9891505,35.0968406],[128.989175,35.096847],[128.9893372,35.0968894],[128.989515,35.0969359],[128.9895445,35.096907],[128.9894917,35.0967445],[128.9894548,35.096631],[128.9894521,35.0966225],[128.9894493,35.096614],[128.9894148,35.0965077],[128.989388,35.0964251],[128.9893513,35.0963107],[128.9893271,35.0962365],[128.9892952,35.096138],[128.9892642,35.0960423],[128.9892289,35.0959332],[128.9892238,35.0959175],[128.9891935,35.0958239],[128.9891569,35.0957084],[128.9891435,35.0956676],[128.9891369,35.0956474],[128.9891064,35.0955541],[128.9890685,35.0954481],[128.9890441,35.0953725],[128.9890117,35.0952722],[128.9890022,35.0952429],[128.9889792,35.0951712],[128.9889512,35.095084],[128.9889231,35.0949965],[128.9888914,35.094898],[128.9888858,35.0948803],[128.988861,35.0948033],[128.9888231,35.094692],[128.9888086,35.0946469],[128.9887847,35.094573],[128.988745,35.0944501],[128.988519,35.0943062],[128.988507,35.0942432],[128.9884965,35.0941884],[128.9884797,35.0940958],[128.9884546,35.0940842],[128.9883663,35.094101],[128.9882921,35.0941139],[128.9882504,35.0941198],[128.9881387,35.0941358],[128.9881131,35.0941394],[128.9880266,35.0941518],[128.9878265,35.0942055],[128.987686,35.0942432],[128.987562,35.0942947],[128.9875439,35.0943022],[128.9875059,35.0943123],[128.987464,35.0943229],[128.9874312,35.0943312],[128.9873889,35.094338],[128.9873775,35.0943401],[128.9873658,35.0943405],[128.9872982,35.0943249],[128.9872693,35.0943183],[128.9871641,35.094294],[128.9870821,35.094275],[128.9868186,35.0943014],[128.9867495,35.0943078],[128.986579,35.0943196],[128.9865303,35.0943177],[128.9864195,35.0943048],[128.9863196,35.094278],[128.9861807,35.0942408],[128.9861468,35.0942318],[128.9861092,35.0942217],[128.9860187,35.094226],[128.9858694,35.0942325],[128.985761,35.0942373],[128.9856596,35.0943089],[128.9856177,35.0943395],[128.9855263,35.0944241],[128.9853896,35.0945068],[128.985251,35.0945884],[128.9851067,35.0946777],[128.9850376,35.0947232],[128.9850076,35.0947506],[128.9849805,35.0947832],[128.9849698,35.0948059],[128.9849676,35.0948277]]]},"properties":{"name":"괴정7 재개발정비구역","type":"재개발","admCode":"26380","mnum":"62600002638020210457UDT1000001001"}},{"type":"Feature","geometry":{"type":"Polygon","coordinates":[[[128.9668998,35.0827303],[128.9672208,35.0828525],[128.9675262,35.0829974],[128.9679971,35.0833133],[128.9683679,35.0835691],[128.9684158,35.0836075],[128.9685158,35.0837027],[128.9687684,35.0838756],[128.9688899,35.083946],[128.9690693,35.0840232],[128.9691535,35.0840765],[128.9692379,35.0841274],[128.969239,35.0841279],[128.9692699,35.0841431],[128.9693505,35.0841827],[128.969429,35.0842092],[128.9696659,35.0842821],[128.9698464,35.0843378],[128.969851,35.0843392],[128.9698518,35.0843394],[128.9698834,35.0843486],[128.9699284,35.0843618],[128.9699736,35.084371],[128.9700977,35.0843892],[128.9701913,35.0844015],[128.9702246,35.0844027],[128.9702679,35.0844018],[128.9703738,35.0843956],[128.9704759,35.0843888],[128.9705572,35.0843821],[128.9706401,35.0843745],[128.9707561,35.0843598],[128.9708228,35.0843497],[128.9708673,35.0843394],[128.9709092,35.0843269],[128.9709448,35.0843145],[128.9710272,35.084272],[128.9710851,35.0842399],[128.9714479,35.0840415],[128.9720838,35.0836937],[128.9723063,35.0835791],[128.9723321,35.0835688],[128.9723587,35.0835605],[128.9724035,35.083548],[128.9724109,35.0835476],[128.9725596,35.0835397],[128.9725531,35.083479],[128.9725488,35.0834182],[128.9725393,35.0832711],[128.9725288,35.083107],[128.9725285,35.0830835],[128.9725252,35.0830457],[128.9725243,35.0830323],[128.9725098,35.0828144],[128.9725091,35.0828038],[128.9725063,35.0827614],[128.9725063,35.0827586],[128.97243,35.0827256],[128.9723215,35.0826786],[128.9723009,35.0826697],[128.9722921,35.0826574],[128.9722782,35.082638],[128.9722047,35.0825356],[128.9721861,35.0825097],[128.972183,35.0825055],[128.9721263,35.0825075],[128.9717735,35.0825203],[128.9710435,35.0825395],[128.9709392,35.082542],[128.9708083,35.082546],[128.9705417,35.0825533],[128.9704761,35.0825552],[128.9704664,35.0825555],[128.9704173,35.0825578],[128.9703737,35.0825587],[128.9702029,35.0825643],[128.9699958,35.0825714],[128.9697978,35.0825777],[128.9696878,35.0825818],[128.9694734,35.0825884],[128.9694097,35.0825903],[128.9693673,35.0825917],[128.9692309,35.0825956],[128.969228,35.0825957],[128.9690569,35.0826012],[128.9689334,35.0826044],[128.9689238,35.0826047],[128.9688792,35.0826065],[128.9688177,35.0826085],[128.9687918,35.0826092],[128.9686925,35.0826118],[128.9686444,35.0826135],[128.9684984,35.0826189],[128.9684896,35.0826192],[128.9683684,35.0826228],[128.9682671,35.0826259],[128.9680678,35.0826329],[128.9677165,35.0826419],[128.967582,35.082647],[128.9674856,35.0826506],[128.9674538,35.0826518],[128.9672522,35.0826593],[128.9672387,35.0826599],[128.9671518,35.0826629],[128.9670699,35.0826662],[128.9669196,35.0826712],[128.9669261,35.0826745],[128.9668998,35.0827303]]]},"properties":{"name":"장림1 주택재개발 정비구역","type":"재개발","admCode":"26380","mnum":"62600002638020170280UDT1000001001"}},{"type":"Feature","geometry":{"type":"Polygon","coordinates":[[[128.9804126,35.0668493],[128.9808986,35.0672618],[128.9809779,35.0673295],[128.9811486,35.0673687],[128.9813168,35.067281],[128.9816511,35.0671374],[128.9821586,35.0673863],[128.9822744,35.0674123],[128.9824642,35.0674305],[128.982573,35.0672678],[128.9826975,35.0670815],[128.9811956,35.0661873],[128.981191,35.0661883],[128.9811522,35.066234],[128.9811114,35.0662769],[128.9810687,35.0663184],[128.981025,35.066359],[128.9809787,35.0663977],[128.9804126,35.0668493]]]},"properties":{"name":"다대4 재건축사업 정비구역","type":"재건축","admCode":"26380","mnum":"62600002638020230141UDT1000001001"}},{"type":"Feature","geometry":{"type":"Polygon","coordinates":[[[128.980666,35.0659685],[128.9807043,35.0659718],[128.9807978,35.0659578],[128.9808291,35.0659535],[128.9810104,35.0658574],[128.9814044,35.0647447],[128.981876,35.0641346],[128.9818905,35.0639706],[128.9818647,35.063917],[128.981788,35.0638626],[128.9816431,35.0638472],[128.9812634,35.0638098],[128.9810895,35.0637919],[128.980973,35.0638126],[128.9809187,35.0638166],[128.9807942,35.063827],[128.9807494,35.0638572],[128.9807353,35.0638726],[128.9807176,35.063891],[128.9806841,35.0639459],[128.980675,35.0639608],[128.9806053,35.0640758],[128.9806021,35.0641176],[128.9805779,35.0641251],[128.9804817,35.0642894],[128.9804665,35.0643154],[128.9803826,35.0644576],[128.9802897,35.0646153],[128.9802383,35.0647025],[128.9801961,35.0647743],[128.9800518,35.0650199],[128.9800439,35.0650332],[128.9798575,35.0653401],[128.9798667,35.0653844],[128.9798604,35.0653853],[128.9799038,35.0655483],[128.9798942,35.06555],[128.9799214,35.0656523],[128.9799016,35.0656559],[128.9799314,35.0658084],[128.9799813,35.0658104],[128.979989,35.0658459],[128.9800004,35.0658576],[128.9800148,35.0658556],[128.9800194,35.0658914],[128.9800688,35.0658052],[128.9801152,35.0657781],[128.9801797,35.0657905],[128.9803087,35.0658269],[128.9802671,35.0660165],[128.9802747,35.0661124],[128.980323,35.0661135],[128.980496,35.0661001],[128.9806722,35.0660814],[128.980666,35.0659685]]]},"properties":{"name":"정비구역","type":"기타","admCode":"26380","mnum":"62600002638020230473UDT1000001001"}},{"type":"Feature","geometry":{"type":"Polygon","coordinates":[[[128.9891072,35.0953585],[128.9893339,35.0960483],[128.989368,35.0961528],[128.9893798,35.096189],[128.9894123,35.0962888],[128.9894447,35.0963878],[128.9894563,35.0964234],[128.989487,35.096518],[128.989521,35.0966228],[128.9895294,35.0966487],[128.9895634,35.0967535],[128.9895901,35.0968359],[128.9896209,35.0969307],[128.9896594,35.0969542],[128.9897487,35.0969444],[128.9902738,35.0968909],[128.9908162,35.0968034],[128.9908231,35.0967988],[128.9908319,35.0967912],[128.9908559,35.0967658],[128.9908567,35.096697],[128.9908854,35.0966049],[128.9909226,35.096486],[128.9909532,35.0963885],[128.9909518,35.0963164],[128.990948,35.096117],[128.9909823,35.0960232],[128.9910328,35.0958851],[128.9912367,35.0953319],[128.9912979,35.0948985],[128.9912774,35.0948831],[128.9912402,35.094855],[128.990585,35.095],[128.9900826,35.0951112],[128.9900185,35.0951254],[128.9891364,35.0953198],[128.9891231,35.0953374],[128.9891072,35.0953585]]]},"properties":{"name":"정비구역","type":"기타","admCode":"26380","mnum":"62600002638020180370UDT1000001002"}},{"type":"Feature","geometry":{"type":"Polygon","coordinates":[[[128.9772195,35.1002507],[128.9772354,35.1002937],[128.9774176,35.1003486],[128.9776643,35.1004229],[128.9777881,35.1005036],[128.9778482,35.1005675],[128.9779324,35.1006556],[128.9780794,35.1008104],[128.9781811,35.1009175],[128.9785041,35.1012578],[128.9787878,35.1010782],[128.9788129,35.1010623],[128.9788217,35.1010567],[128.9790517,35.100911],[128.9791431,35.1008532],[128.9791782,35.1008309],[128.9790053,35.1005735],[128.9788949,35.1004117],[128.9788539,35.100351],[128.9788776,35.100336],[128.9790492,35.1002276],[128.9793332,35.1000501],[128.9793468,35.1000065],[128.9792476,35.0998189],[128.9792228,35.0997721],[128.9791966,35.0997224],[128.9791541,35.099642],[128.979101,35.0996308],[128.9789426,35.0995873],[128.9788529,35.0995678],[128.9787578,35.0995472],[128.9787199,35.099539],[128.9785903,35.0995109],[128.9785352,35.099499],[128.9785048,35.0994924],[128.978293,35.0994465],[128.9782575,35.0994388],[128.9780961,35.0994038],[128.9780435,35.099416],[128.9780318,35.099426],[128.977949,35.0994972],[128.9778626,35.0995716],[128.9777816,35.0996411],[128.9776718,35.0997356],[128.9772195,35.1002507]]]},"properties":{"name":"","type":"기타","admCode":"26380","mnum":"62600002638020070135UDT1000001001"}},{"type":"Feature","geometry":{"type":"Polygon","coordinates":[[[128.9710163,35.1070524],[128.9711075,35.1070986],[128.971077,35.1070507],[128.9710163,35.1070524]]]},"properties":{"name":"도-1","type":"기타","admCode":"26380","mnum":"62600002638020180324UDT9990001001"}},{"type":"Feature","geometry":{"type":"Polygon","coordinates":[[[128.9717471,35.1071935],[128.9717932,35.1072178],[128.9718105,35.1072466],[128.9718855,35.1073645],[128.9718692,35.1072221],[128.9718498,35.1071898],[128.9717471,35.1071935]]]},"properties":{"name":"도-2","type":"기타","admCode":"26380","mnum":"62600002638020180324UDT9990001002"}},{"type":"Feature","geometry":{"type":"Polygon","coordinates":[[[128.9753437,35.0945869],[128.9752893,35.0945644],[128.9750755,35.0944763],[128.9751781,35.0943037],[128.9750855,35.0942655],[128.9750221,35.0942379],[128.9748345,35.0941563],[128.9744055,35.0939716],[128.9742328,35.0938989],[128.9741543,35.0938636],[128.9741119,35.0938413],[128.9740775,35.0938204],[128.9740486,35.093799],[128.9740125,35.0937686],[128.9739775,35.0937372],[128.9738641,35.0936344],[128.9737306,35.0935084],[128.9736789,35.0934597],[128.9735228,35.0935887],[128.9734649,35.0936365],[128.9734765,35.0936469],[128.973255,35.0938078],[128.9732582,35.0938414],[128.9732986,35.0938852],[128.9733268,35.0939025],[128.9734405,35.0940117],[128.9734816,35.0940512],[128.9734856,35.094103],[128.9734864,35.0941129],[128.9735724,35.0941384],[128.9735897,35.0942188],[128.9736505,35.0942163],[128.9736832,35.0942487],[128.9738194,35.0942298],[128.9738205,35.0942297],[128.9739301,35.0942146],[128.9740012,35.0943975],[128.9739527,35.0943929],[128.9739479,35.094409],[128.9738954,35.0944386],[128.9738974,35.0944439],[128.9741814,35.0950887],[128.9743466,35.0950576],[128.9743953,35.0951926],[128.9745423,35.0952253],[128.9746203,35.0949993],[128.9748876,35.095045],[128.9748744,35.09512],[128.9748874,35.0951198],[128.9753126,35.0951124],[128.9753227,35.0948114],[128.9753011,35.0948068],[128.975353,35.0947438],[128.9753437,35.0945869]]]},"properties":{"name":"신평1 재건축사업 정비구역","type":"재건축","admCode":"26380","mnum":"62600002638020240263UDT1000001001"}},{"type":"Feature","geometry":{"type":"Polygon","coordinates":[[[128.9812952,35.0656337],[128.9814237,35.0656891],[128.9816393,35.0658044],[128.9815067,35.065954],[128.9815537,35.0659818],[128.9817449,35.0660959],[128.9817468,35.0660938],[128.9818073,35.066129],[128.9819039,35.0661889],[128.9819029,35.0661902],[128.9820673,35.0662878],[128.982266,35.0664055],[128.9823804,35.0664733],[128.9828983,35.0667809],[128.9830538,35.0665482],[128.9835462,35.0658091],[128.984794,35.0648674],[128.9848043,35.0644095],[128.9845505,35.0643417],[128.9843319,35.0642931],[128.9842217,35.0642656],[128.9836522,35.0639739],[128.9838449,35.0635792],[128.9836831,35.0635372],[128.9836696,35.0635337],[128.9833758,35.0634573],[128.9830468,35.0633718],[128.9830454,35.0633713],[128.9829876,35.0633528],[128.9828604,35.0635169],[128.9826955,35.0636321],[128.9825087,35.0638697],[128.9824712,35.0639135],[128.982438,35.0639503],[128.9823787,35.0640027],[128.982344,35.0640335],[128.9823022,35.0640691],[128.9822748,35.0640951],[128.9821906,35.0641516],[128.9818654,35.0643788],[128.9818333,35.0644174],[128.9817777,35.064477],[128.9817353,35.0645249],[128.981707,35.0645569],[128.9816592,35.0646078],[128.9816274,35.0646528],[128.9815776,35.0647203],[128.9815635,35.0647494],[128.9815334,35.0648119],[128.9815104,35.0648686],[128.9814892,35.0649311],[128.9814715,35.0649936],[128.9812952,35.0656337]]]},"properties":{"name":"","type":"기타","admCode":"26380","mnum":"33400002638020140058UDT1000001001"}},{"type":"Feature","geometry":{"type":"Polygon","coordinates":[[[129.1133995,35.2226603],[129.1133221,35.2225426],[129.1133129,35.2225282],[129.113223,35.222392],[129.1132205,35.2223882],[129.1131673,35.2223079],[129.1131082,35.2222187],[129.1130207,35.2220868],[129.1129841,35.2220226],[129.112898,35.2218906],[129.1127652,35.221687],[129.1126553,35.2215099],[129.1125622,35.2213656],[129.1125139,35.2212908],[129.1124895,35.2212533],[129.1124439,35.2211813],[129.1124382,35.2211721],[129.112429,35.2211573],[129.112396,35.2211063],[129.1123437,35.2210256],[129.1123015,35.2209644],[129.1122882,35.220947],[129.1122599,35.2209087],[129.1122131,35.2208502],[129.1121634,35.2207922],[129.1121482,35.2207771],[129.1120714,35.2206941],[129.1120603,35.2206815],[129.1119871,35.2206018],[129.1118718,35.2204751],[129.1118,35.2203976],[129.1117627,35.2203709],[129.1116426,35.2202981],[129.1116911,35.2202815],[129.1116503,35.2202374],[129.1115782,35.2201626],[129.1115566,35.2201385],[129.1115067,35.2200856],[129.1114508,35.2200241],[129.111316,35.2198742],[129.1112818,35.2198358],[129.1112771,35.2198305],[129.1112512,35.2198014],[129.1112466,35.2197963],[129.1112015,35.2197457],[129.1111238,35.2196587],[129.111118,35.2196525],[129.1111049,35.2196381],[129.1110981,35.2196309],[129.1109365,35.2194536],[129.110929,35.2194454],[129.1108659,35.2193705],[129.1107693,35.2192559],[129.1107482,35.2192311],[129.1106313,35.2190906],[129.110626,35.2190927],[129.110541,35.2191286],[129.1105052,35.2191445],[129.1103842,35.2191831],[129.1102699,35.2192136],[129.1102026,35.2192323],[129.11018,35.2192611],[129.1101768,35.2192618],[129.1101722,35.21927],[129.1101202,35.2193618],[129.1101113,35.2193832],[129.1100899,35.2194406],[129.1100951,35.2194447],[129.1100807,35.2194634],[129.1100593,35.2195058],[129.1099651,35.2196503],[129.1099604,35.2196554],[129.1099397,35.2196782],[129.1099482,35.219685],[129.1099513,35.2196862],[129.1099181,35.2197247],[129.1099156,35.2197267],[129.1098752,35.2197527],[129.1098516,35.2197622],[129.1098453,35.2197645],[129.1098012,35.2197822],[129.1097491,35.2197893],[129.1097162,35.2197973],[129.1096893,35.2198114],[129.109623,35.2198353],[129.1095898,35.219849],[129.1094359,35.2199164],[129.1094,35.2199322],[129.1093154,35.219972],[129.1092825,35.2199872],[129.1092768,35.2199917],[129.1092727,35.2199931],[129.109246,35.2200009],[129.1092201,35.2200095],[129.1091341,35.2200351],[129.1090168,35.2200639],[129.1088895,35.2201008],[129.1090317,35.2202518],[129.1090514,35.2202736],[129.1091349,35.2203632],[129.1092472,35.2204826],[129.1092975,35.2205351],[129.1093116,35.2205499],[129.1093559,35.2205967],[129.1093713,35.2206132],[129.1094527,35.2207021],[129.1095144,35.2207682],[129.1095736,35.2208313],[129.1096295,35.2208902],[129.1096371,35.2208985],[129.1096535,35.2209166],[129.1097205,35.2209891],[129.1097325,35.2210021],[129.1098119,35.2210876],[129.1098797,35.2211593],[129.1099831,35.2212679],[129.1101114,35.2214096],[129.1102578,35.2215638],[129.1103443,35.2216594],[129.1104114,35.2217322],[129.1104322,35.2217531],[129.1105002,35.2218262],[129.110514,35.2218403],[129.1105711,35.2219015],[129.1106315,35.2219666],[129.1106665,35.2220024],[129.1107745,35.2221169],[129.1108029,35.2221462],[129.1108255,35.2221697],[129.1109564,35.2223086],[129.111076,35.2224334],[129.1111874,35.2225471],[129.1112576,35.2226116],[129.1112796,35.2226317],[129.11135,35.2227001],[129.1114603,35.2228054],[129.1115073,35.2228517],[129.1115633,35.2229068],[129.1116355,35.2229772],[129.1117056,35.2230455],[129.1117124,35.2230521],[129.1117202,35.2230597],[129.1117337,35.2230728],[129.1117892,35.223127],[129.1118736,35.2232092],[129.1118883,35.2232235],[129.1118949,35.22323],[129.111984,35.2233168],[129.111997,35.2233295],[129.1120582,35.2233891],[129.1121168,35.2234462],[129.1121386,35.2234674],[129.1122007,35.223528],[129.1122848,35.2236099],[129.1123621,35.2236853],[129.1124259,35.2237487],[129.1124307,35.2237535],[129.1124414,35.223764],[129.1125678,35.2238881],[129.1126731,35.2239909],[129.1127,35.2240175],[129.1127675,35.2240831],[129.1128621,35.2241749],[129.1129421,35.2242529],[129.1135622,35.2248571],[129.1136276,35.2249205],[129.1136494,35.2249417],[129.113718,35.2250082],[129.1137916,35.2250795],[129.1138461,35.2251339],[129.113898,35.2251857],[129.1139953,35.2252804],[129.1140764,35.2253592],[129.1141295,35.2254109],[129.1142604,35.2255382],[129.1143347,35.225608],[129.1144114,35.2256825],[129.1144337,35.2257042],[129.114506,35.2257753],[129.1145813,35.2258493],[129.1146449,35.2259123],[129.114691,35.225958],[129.1147584,35.226004],[129.1149043,35.2261039],[129.1151267,35.2258867],[129.1151898,35.2258252],[129.1152534,35.2257631],[129.1153092,35.2257087],[129.115414,35.2256052],[129.1154769,35.225545],[129.1155557,35.2254653],[129.1156128,35.2254095],[129.115627,35.2253957],[129.1156847,35.2253395],[129.1157,35.2253245],[129.1157742,35.2252522],[129.1156517,35.2251675],[129.1155321,35.2250849],[129.1153991,35.224993],[129.1153113,35.2249323],[129.1152832,35.2249129],[129.1151954,35.2248522],[129.1151775,35.2248398],[129.1150669,35.2247635],[129.11498,35.2247034],[129.1149628,35.2246915],[129.1148948,35.2246443],[129.1147554,35.2245475],[129.1147222,35.2245247],[129.1146848,35.224499],[129.1145418,35.2243976],[129.1144409,35.224244],[129.1143788,35.2241496],[129.1142871,35.2240099],[129.1142159,35.2239013],[129.1141998,35.2238767],[129.1141444,35.2237928],[129.1140775,35.2236914],[129.1140665,35.2236746],[129.1140227,35.2236083],[129.114001,35.2235755],[129.1139443,35.2234886],[129.1139276,35.2234634],[129.113876,35.2233853],[129.113842,35.2233339],[129.113755,35.2232023],[129.1137134,35.2231369],[129.1136277,35.2230069],[129.1135465,35.2228835],[129.1133995,35.2226603]],[[129.1110296,35.2205253],[129.1109812,35.2204959],[129.1109366,35.220469],[129.1109394,35.2204027],[129.1109505,35.2204058],[129.110957,35.2204076],[129.1109618,35.2203843],[129.1109672,35.220358],[129.110993,35.220306],[129.1110163,35.2202679],[129.1110185,35.2202655],[129.1110572,35.2202244],[129.1110677,35.2202184],[129.1110816,35.2202104],[129.1111069,35.220196],[129.1111333,35.2201903],[129.1112093,35.2201738],[129.1112295,35.2201723],[129.1112574,35.2201708],[129.1113198,35.2201674],[129.1113808,35.2201679],[129.1113969,35.2201679],[129.1114187,35.220179],[129.111435,35.2201872],[129.1114446,35.2201916],[129.1114838,35.2202103],[129.1115229,35.2202329],[129.1115426,35.2202442],[129.1116038,35.2202802],[129.1116241,35.2202866],[129.1116426,35.2202981],[129.1115558,35.2204768],[129.1115473,35.220482],[129.1115386,35.220492],[129.111509,35.2205373],[129.1114649,35.2206046],[129.1114438,35.2206359],[129.1113863,35.2207184],[129.1113485,35.2207196],[129.1112554,35.220673],[129.1112433,35.2206515],[129.1112364,35.2206648],[129.1112316,35.2206742],[129.1111905,35.2206498],[129.1111932,35.2206444],[129.1112035,35.2206247],[129.111181,35.2206288],[129.1110782,35.2205475],[129.1110709,35.2205551],[129.1110296,35.2205253]]]},"properties":{"name":"","type":"기타","admCode":"26410","mnum":"62600002641020250301UDT1000001001"}},{"type":"Feature","geometry":{"type":"Polygon","coordinates":[[[129.0973166,35.2236769],[129.0973181,35.2236779],[129.0973206,35.2236797],[129.0973232,35.2236815],[129.0973276,35.2236848],[129.0973323,35.2236882],[129.0973374,35.2236921],[129.0973437,35.2236971],[129.0973482,35.2237007],[129.0973536,35.2237052],[129.0973587,35.2237096],[129.0973639,35.2237141],[129.0973707,35.2237204],[129.0973783,35.2237277],[129.0973826,35.223732],[129.0973873,35.2237369],[129.0973939,35.2237439],[129.0973986,35.2237491],[129.0974037,35.223755],[129.0974083,35.2237604],[129.0974127,35.2237659],[129.0974162,35.2237704],[129.0974213,35.2237772],[129.0974251,35.2237824],[129.0974294,35.2237886],[129.0974332,35.2237941],[129.0974366,35.2237995],[129.0974405,35.2238057],[129.097442,35.2238081],[129.0974443,35.2238119],[129.0974461,35.2238152],[129.0974477,35.2238179],[129.0974491,35.2238205],[129.09745,35.2238221],[129.0974515,35.2238249],[129.0974529,35.2238275],[129.0974551,35.2238318],[129.097456,35.2238336],[129.0974572,35.223836],[129.0974587,35.2238391],[129.0974598,35.2238413],[129.0974607,35.2238434],[129.0974618,35.2238457],[129.0974628,35.2238478],[129.0974639,35.2238505],[129.0974653,35.2238536],[129.097466,35.2238553],[129.0974674,35.2238587],[129.0974686,35.2238617],[129.0974696,35.2238643],[129.097471,35.2238679],[129.0974718,35.22387],[129.0974728,35.2238729],[129.0974739,35.2238758],[129.0974746,35.223878],[129.0974758,35.2238815],[129.0974766,35.2238839],[129.0974773,35.223886],[129.097478,35.2238885],[129.0974787,35.2238908],[129.0974796,35.2238937],[129.0974803,35.2238961],[129.0974811,35.2238991],[129.0974817,35.2239015],[129.0974822,35.2239033],[129.0974829,35.2239059],[129.0974836,35.2239087],[129.0974842,35.2239114],[129.097485,35.2239149],[129.0974854,35.2239169],[129.0974855,35.2239173],[129.0976281,35.2238825],[129.0976632,35.2238372],[129.0976892,35.2238292],[129.0977924,35.2238288],[129.0979105,35.2238201],[129.0979868,35.2238198],[129.0980308,35.2238284],[129.0981273,35.2238556],[129.0981615,35.2238603],[129.0981614,35.2238559],[129.0981606,35.2238328],[129.0981354,35.2238293],[129.09804,35.2238024],[129.0979906,35.2237928],[129.0979089,35.2237931],[129.0977909,35.2238018],[129.0976831,35.2238022],[129.0976413,35.2238151],[129.0976069,35.2238595],[129.0975905,35.2237902],[129.0975309,35.2238107],[129.0974804,35.2237792],[129.0974076,35.2237337],[129.0973484,35.2236968],[129.0973166,35.2236769]]]},"properties":{"name":"","type":"기타","admCode":"26410","mnum":"62600002641020220223UDT9990001001"}},{"type":"Feature","geometry":{"type":"Polygon","coordinates":[[[129.0953275,35.2272481],[129.0953433,35.2272301],[129.0953873,35.2271804],[129.095426,35.2271091],[129.0954356,35.2270897],[129.0954395,35.2270834],[129.0955328,35.2270625],[129.0955422,35.2270665],[129.0956787,35.2271239],[129.0956913,35.2271298],[129.0957382,35.2271518],[129.0958032,35.2271631],[129.0958112,35.2271517],[129.0959354,35.2269725],[129.0959706,35.2269218],[129.0959804,35.2269077],[129.0961312,35.2266904],[129.0961985,35.2265942],[129.0962208,35.2265606],[129.0962987,35.2264715],[129.096307,35.2264623],[129.096487,35.2265479],[129.0965261,35.2265664],[129.0965986,35.2265849],[129.0966773,35.2265763],[129.0966865,35.2265657],[129.096766,35.2266383],[129.0968442,35.2267086],[129.0968895,35.2267375],[129.0970051,35.2268353],[129.0970604,35.2268821],[129.0971156,35.2269288],[129.0971659,35.2269713],[129.0972453,35.2270428],[129.0972745,35.2270691],[129.0973979,35.2269674],[129.0973504,35.2269548],[129.0973086,35.2269438],[129.0972511,35.2268962],[129.0973109,35.226851],[129.0972601,35.2268074],[129.0972099,35.2267645],[129.0971528,35.2267156],[129.0970352,35.2266157],[129.0970657,35.2265737],[129.0970995,35.2265804],[129.0971453,35.226551],[129.0971619,35.2265207],[129.0971689,35.226508],[129.0971771,35.2265016],[129.0971982,35.2264744],[129.0972176,35.2264493],[129.0971979,35.2264344],[129.0971902,35.2264115],[129.0971823,35.2263878],[129.0972348,35.2263656],[129.097257,35.2263383],[129.0972639,35.2263341],[129.0972758,35.2263269],[129.097287,35.2263183],[129.0973459,35.2263273],[129.0973818,35.2263272],[129.0974022,35.2263271],[129.0974147,35.2263075],[129.0974324,35.2262935],[129.0974665,35.2262808],[129.097471,35.2262791],[129.0974875,35.2262784],[129.0974957,35.2262769],[129.097587,35.2262281],[129.0976496,35.226248],[129.0977483,35.2261694],[129.0977337,35.2261601],[129.0977008,35.2261457],[129.0976593,35.2261413],[129.0976121,35.2261295],[129.0975742,35.2261107],[129.0975506,35.2260779],[129.0975715,35.2259748],[129.0975708,35.2259379],[129.0975659,35.2259175],[129.0975588,35.2258982],[129.0975454,35.2258728],[129.0974793,35.2258204],[129.0974613,35.2258006],[129.0974058,35.2257831],[129.0974212,35.2257598],[129.0974154,35.2257241],[129.097458,35.2257174],[129.0976499,35.2256872],[129.097644,35.2256594],[129.097656,35.225648],[129.0976942,35.2256114],[129.0977321,35.2255575],[129.0977505,35.2255366],[129.0978538,35.2255603],[129.0979569,35.2255851],[129.0979834,35.2255868],[129.0980501,35.225591],[129.0982899,35.2257127],[129.0983395,35.2258092],[129.0983433,35.2257982],[129.0983636,35.2257498],[129.0983776,35.2257249],[129.098402,35.2256816],[129.0984537,35.2256042],[129.0984668,35.2255874],[129.0983761,35.2255975],[129.0982172,35.2255174],[129.098084,35.2254503],[129.0980936,35.2254366],[129.0981052,35.2254202],[129.0980592,35.2253979],[129.0980471,35.2253628],[129.098026,35.2253519],[129.0979225,35.225299],[129.0979347,35.2252773],[129.0978988,35.2252581],[129.0978445,35.2252292],[129.0977246,35.2251726],[129.0977405,35.2251516],[129.0977811,35.2251018],[129.0976925,35.2250532],[129.0976595,35.2249852],[129.0976628,35.2249537],[129.0977286,35.2248696],[129.0977763,35.2248188],[129.0977962,35.2247666],[129.0978012,35.2247216],[129.0977175,35.2247125],[129.0976574,35.2247043],[129.0975935,35.2246878],[129.0975445,35.2246703],[129.0974522,35.22467],[129.0974139,35.2246698],[129.0973437,35.2246578],[129.0973333,35.224656],[129.0973244,35.2246545],[129.0973114,35.2246202],[129.0973699,35.224428],[129.0973978,35.2243525],[129.0976864,35.2243782],[129.0977706,35.2244034],[129.0978662,35.2244146],[129.0978996,35.2244213],[129.0979313,35.2244276],[129.0979937,35.2244359],[129.0980264,35.2244392],[129.0985301,35.2247541],[129.0985506,35.224732],[129.0987158,35.224554],[129.0984776,35.2243995],[129.0982632,35.2242678],[129.0981146,35.2241693],[129.0980052,35.224105],[129.0980048,35.2241041],[129.0979932,35.2240605],[129.0979961,35.2240508],[129.0980059,35.2240241],[129.0981664,35.2240013],[129.0981614,35.2238559],[129.0981606,35.2238328],[129.0981354,35.2238293],[129.09804,35.2238024],[129.0979906,35.2237928],[129.0979089,35.2237931],[129.0977909,35.2238018],[129.0976831,35.2238022],[129.0976413,35.2238151],[129.0976069,35.2238595],[129.0975905,35.2237902],[129.0975309,35.2238107],[129.0974804,35.2237792],[129.0974076,35.2237337],[129.0973484,35.2236968],[129.0972053,35.2236075],[129.0971367,35.2235573],[129.0970056,35.2234613],[129.0968585,35.223399],[129.0968411,35.2234071],[129.0968251,35.2233972],[129.0967338,35.2233405],[129.0967181,35.2233308],[129.0965809,35.2232456],[129.0965821,35.2232425],[129.0965886,35.2232257],[129.0965634,35.2231887],[129.0965436,35.2231743],[129.0964911,35.2231605],[129.0964646,35.2231535],[129.0964318,35.2231332],[129.096373,35.2230966],[129.0961639,35.2229668],[129.0959118,35.2228103],[129.0959122,35.2229374],[129.0958577,35.2229471],[129.0957899,35.2229803],[129.0957396,35.2230272],[129.095745,35.2231107],[129.0957398,35.2231345],[129.0957022,35.2231448],[129.0957274,35.2231876],[129.0957701,35.2232381],[129.0958041,35.2232567],[129.0958263,35.2232669],[129.0958164,35.2232744],[129.0957745,35.223306],[129.0957281,35.2233792],[129.0957079,35.2234284],[129.0957179,35.2234866],[129.0957447,35.2235332],[129.0957211,35.2235403],[129.095748,35.2236173],[129.0957438,35.2236179],[129.0957224,35.2236226],[129.0957161,35.223624],[129.0956674,35.2236346],[129.0956481,35.2236477],[129.0954162,35.2236875],[129.0954181,35.223697],[129.095421,35.2237095],[129.0954263,35.2237404],[129.0954264,35.2237434],[129.0954277,35.223774],[129.0953496,35.2237889],[129.0952335,35.2238184],[129.0951042,35.2238512],[129.0949984,35.2238778],[129.0948612,35.2239109],[129.0947322,35.2239426],[129.0945942,35.2239764],[129.0944583,35.22401],[129.094302,35.2240491],[129.0941832,35.2240788],[129.0940431,35.2241133],[129.0939665,35.2241307],[129.0938392,35.2241619],[129.0937252,35.2241899],[129.0935934,35.2242235],[129.0934593,35.2242563],[129.0933135,35.2242919],[129.0931553,35.2243299],[129.0929899,35.2243709],[129.0928666,35.2244015],[129.0927735,35.2244245],[129.092653,35.2244544],[129.0925671,35.2244757],[129.0924292,35.2245099],[129.0922753,35.2245477],[129.0921761,35.2245721],[129.0921038,35.2245899],[129.0920294,35.2246079],[129.0919447,35.2246284],[129.0917661,35.2246722],[129.0916392,35.2247033],[129.0916099,35.224744],[129.0916432,35.2248345],[129.0916477,35.2248466],[129.091703,35.2247905],[129.0919796,35.2247233],[129.0920298,35.2247452],[129.0921132,35.2247246],[129.0921391,35.2246848],[129.0924607,35.2246054],[129.0925109,35.2246236],[129.0925738,35.2246077],[129.0926039,35.22457],[129.0931482,35.2244354],[129.0932215,35.2244752],[129.0932254,35.2245047],[129.0932373,35.2245951],[129.0932408,35.2246218],[129.0932534,35.2247168],[129.0932687,35.2248317],[129.0932724,35.2248591],[129.0932876,35.2249741],[129.0933002,35.2250675],[129.0933105,35.2251439],[129.093326,35.2252582],[129.0932171,35.2253326],[129.0931301,35.2253922],[129.0930916,35.2254185],[129.0930798,35.2254258],[129.0930801,35.2254287],[129.0930868,35.2254937],[129.0931004,35.225626],[129.0931007,35.2256289],[129.0931042,35.2256631],[129.0931601,35.2256584],[129.0932244,35.2256531],[129.0934391,35.2256352],[129.0935797,35.2256234],[129.0936504,35.2256175],[129.093715,35.2256121],[129.0937992,35.2256051],[129.0939524,35.2255923],[129.094002,35.2255882],[129.0940717,35.2255825],[129.0942345,35.2255693],[129.0942644,35.2255669],[129.0945159,35.2255465],[129.0945415,35.2255444],[129.0945929,35.2255402],[129.0946524,35.2255354],[129.0947629,35.2255264],[129.0947883,35.2257234],[129.0947966,35.2257871],[129.0948063,35.225865],[129.0948156,35.2259391],[129.0948269,35.2260291],[129.0948382,35.2261191],[129.0948592,35.2262836],[129.0948719,35.226383],[129.0948825,35.2264656],[129.0948971,35.2265808],[129.0949142,35.2267146],[129.0949245,35.2267951],[129.094935,35.2268778],[129.0949454,35.2269603],[129.0949558,35.2270415],[129.0949661,35.227122],[129.0949731,35.2271769],[129.0950164,35.2272066],[129.0951688,35.2271986],[129.0951705,35.2272101],[129.0952071,35.2272137],[129.0953,35.2272451],[129.0953275,35.2272481]]]},"properties":{"name":"부곡2주택재개발정비구역","type":"재개발","admCode":"26410","mnum":"62600002641020220223UDT1000001001"}},{"type":"Feature","geometry":{"type":"Polygon","coordinates":[[[129.0856765,35.2246744],[129.0856827,35.2247305],[129.085696,35.2248191],[129.0857157,35.2249507],[129.0857162,35.2249547],[129.0857197,35.2249799],[129.0857318,35.2250676],[129.0857521,35.225214],[129.0857688,35.2252931],[129.0857887,35.2254689],[129.0858187,35.2257336],[129.0858273,35.2258099],[129.0858483,35.2259955],[129.0858495,35.2260134],[129.0858612,35.2261084],[129.0858673,35.2261691],[129.0858688,35.2261788],[129.0858849,35.2263526],[129.0859119,35.2265888],[129.0859559,35.2269019],[129.0859543,35.2269024],[129.0859681,35.2270155],[129.0859819,35.2271286],[129.0859848,35.227152],[129.0859888,35.2271853],[129.085995,35.2272339],[129.0859982,35.2272591],[129.0859913,35.2272595],[129.0860155,35.2274323],[129.0860248,35.2274985],[129.0860307,35.227541],[129.086057,35.227729],[129.0860815,35.2279125],[129.0860973,35.2280281],[129.0861039,35.2280767],[129.086121,35.2281864],[129.0861891,35.2282052],[129.0863787,35.2281316],[129.0864267,35.2281137],[129.0865435,35.2280683],[129.086669,35.2280196],[129.0866996,35.2280077],[129.0868101,35.2279648],[129.0868309,35.2279568],[129.0868527,35.2279483],[129.0869437,35.227913],[129.0870841,35.2278584],[129.0872263,35.2278032],[129.0873226,35.2277658],[129.0874882,35.227697],[129.0875077,35.2276916],[129.087685,35.2276274],[129.0878492,35.227568],[129.087983,35.2275195],[129.088041,35.2274969],[129.0881299,35.2274631],[129.0882294,35.2274253],[129.0883054,35.2273965],[129.0884759,35.2273332],[129.0885117,35.2273202],[129.0885452,35.2272331],[129.0884666,35.2266569],[129.0884499,35.2264526],[129.088458,35.2264495],[129.0884485,35.2263209],[129.0884408,35.226228],[129.0884331,35.2261351],[129.0884217,35.2261415],[129.0883595,35.2257158],[129.088357,35.2256941],[129.0882652,35.2250207],[129.0882499,35.2249152],[129.0881593,35.2246576],[129.0881103,35.2245665],[129.0880073,35.2243747],[129.0879549,35.2242766],[129.0878957,35.2241533],[129.0876945,35.2237581],[129.0876849,35.2237381],[129.0876307,35.22363],[129.0876048,35.2235784],[129.0875935,35.2235646],[129.0875607,35.2235002],[129.0875425,35.2234491],[129.0875339,35.2234294],[129.0875107,35.2233747],[129.0874946,35.2233694],[129.087473,35.2234103],[129.087432,35.223491],[129.0874146,35.2235282],[129.0873985,35.2235535],[129.0873726,35.2235934],[129.0873617,35.2236101],[129.0873549,35.223626],[129.0873531,35.2236302],[129.0873506,35.2236361],[129.0873222,35.223702],[129.0873097,35.2237298],[129.0873019,35.2237463],[129.0872944,35.2237624],[129.0872836,35.223786],[129.0872729,35.2238094],[129.0872328,35.2238975],[129.0872188,35.223917],[129.087207,35.2239336],[129.0871732,35.2239723],[129.0871651,35.2239819],[129.0871406,35.2240099],[129.0870686,35.2240922],[129.0869663,35.2241944],[129.0868884,35.2242611],[129.086765,35.224303],[129.0865267,35.2243756],[129.0860866,35.2245155],[129.0859188,35.2245675],[129.0857287,35.2246252],[129.0856863,35.2246659],[129.0856765,35.2246744]]]},"properties":{"name":"장전3주택재개발정비구역","type":"재개발","admCode":"26410","mnum":"62600002641020070202UDT1000001001"}},{"type":"Feature","geometry":{"type":"Polygon","coordinates":[[[129.0926324,35.217603],[129.0926447,35.2176289],[129.0926455,35.2176307],[129.0926878,35.2177196],[129.0927379,35.217825],[129.0928262,35.2180069],[129.0928348,35.2180246],[129.0928359,35.2180833],[129.0928367,35.2181763],[129.0928415,35.218412],[129.092843,35.2185732],[129.0929945,35.2185999],[129.0932126,35.2184681],[129.093443,35.2183508],[129.0936824,35.218232],[129.0939754,35.2180831],[129.0942685,35.2179341],[129.0946076,35.2177575],[129.0949467,35.2175809],[129.0953474,35.2173651],[129.0953187,35.2173298],[129.0953052,35.2173132],[129.0952662,35.217265],[129.0952257,35.217215],[129.0952143,35.2171996],[129.0951738,35.2171502],[129.0951336,35.2171013],[129.0950893,35.2170468],[129.0951594,35.2170087],[129.0951194,35.2169594],[129.0950803,35.2169112],[129.0950684,35.2168961],[129.0951381,35.2168588],[129.0950989,35.2168103],[129.0950582,35.2167598],[129.0951264,35.2167231],[129.0951162,35.2167077],[129.0950732,35.2166561],[129.0950432,35.2166201],[129.0950214,35.2165923],[129.0949813,35.2165427],[129.0949423,35.2164946],[129.0944969,35.2167469],[129.0944918,35.2167499],[129.0944831,35.2167555],[129.0944749,35.2167615],[129.0944671,35.2167678],[129.0944598,35.2167745],[129.0944529,35.2167816],[129.0944466,35.2167889],[129.0944408,35.2167966],[129.0944355,35.2168045],[129.0944308,35.2168126],[129.0944281,35.2168182],[129.0944256,35.2168151],[129.0943865,35.216766],[129.0943741,35.2167505],[129.0943333,35.2166991],[129.094307,35.216666],[129.0942905,35.2166452],[129.0942197,35.2166832],[129.0942069,35.2166677],[129.0941672,35.2166191],[129.0941283,35.2165714],[129.094115,35.2165559],[129.094075,35.2165087],[129.0940329,35.216459],[129.0939638,35.2164975],[129.0939277,35.2165176],[129.0939417,35.2165445],[129.0939117,35.2165583],[129.0938816,35.2165721],[129.0938199,35.2165762],[129.0937545,35.2166134],[129.0936851,35.2166528],[129.093617,35.2166915],[129.0935795,35.2167162],[129.0935388,35.2166682],[129.0934878,35.2166968],[129.0934331,35.2167275],[129.0933216,35.21679],[129.0933636,35.2168384],[129.0933744,35.2168537],[129.0933199,35.2168844],[129.0933575,35.2169292],[129.0933601,35.2169836],[129.093346,35.2169936],[129.0933474,35.2170223],[129.0933509,35.2170892],[129.0933513,35.2170979],[129.0933302,35.2171641],[129.0933224,35.2171886],[129.0933025,35.2172509],[129.0932868,35.217249],[129.0932753,35.2173183],[129.0930412,35.2174821],[129.0930292,35.2174905],[129.0930234,35.2175076],[129.092984,35.2175293],[129.092996,35.2175356],[129.0930406,35.2175295],[129.0930682,35.2175673],[129.0930954,35.2176202],[129.0930767,35.2176195],[129.0929283,35.217614],[129.0929171,35.2176136],[129.0928307,35.2176104],[129.0927135,35.217606],[129.0926324,35.217603]]]},"properties":{"name":"","type":"기타","admCode":"26410","mnum":"62600002641020160452UDT1000001001"}},{"type":"Feature","geometry":{"type":"Polygon","coordinates":[[[129.0778298,35.2273852],[129.0779642,35.2274103],[129.0779639,35.2274888],[129.0779647,35.2275709],[129.0780624,35.227495],[129.0781438,35.2274997],[129.0782644,35.2275066],[129.0783604,35.2275093],[129.078498,35.2275135],[129.0785611,35.2275731],[129.0785567,35.2276312],[129.0785433,35.2277673],[129.0785795,35.2277703],[129.0785753,35.2278587],[129.0785531,35.228086],[129.0785343,35.2282299],[129.0784879,35.2287804],[129.0784589,35.2291052],[129.0784907,35.2295186],[129.0785395,35.2295522],[129.0786021,35.2295693],[129.0788893,35.2295152],[129.0789411,35.2295112],[129.0790185,35.2295373],[129.0791109,35.2295845],[129.0791816,35.2296262],[129.0792524,35.2296873],[129.0792996,35.2297419],[129.0793107,35.2297663],[129.0794261,35.2300199],[129.0794349,35.2301384],[129.0794255,35.2302038],[129.0794485,35.2302283],[129.0795069,35.2302901],[129.0795457,35.2303314],[129.0799993,35.2302615],[129.0800153,35.2302586],[129.0800641,35.2302422],[129.0801471,35.2302145],[129.0802237,35.2301888],[129.0802403,35.2302093],[129.0802521,35.2302238],[129.0802545,35.2302274],[129.0802655,35.230244],[129.0803149,35.2302294],[129.0803377,35.230247],[129.0803493,35.2302506],[129.0803998,35.2302301],[129.0804432,35.230197],[129.0804412,35.2301881],[129.080489,35.2301473],[129.0805487,35.2300868],[129.0805571,35.2300778],[129.080604,35.2300617],[129.0806253,35.230055],[129.0807037,35.230037],[129.0807217,35.2300412],[129.0807801,35.2300332],[129.0808783,35.2300165],[129.0809347,35.2300068],[129.0810335,35.2299796],[129.0811033,35.2299453],[129.0811532,35.2299652],[129.0811625,35.2299604],[129.0811759,35.2299729],[129.0812476,35.2300627],[129.081321,35.2301565],[129.0813371,35.2301763],[129.0813187,35.230205],[129.0813083,35.2302395],[129.0813149,35.2302573],[129.0813553,35.2303659],[129.0814654,35.2304323],[129.0814579,35.2304663],[129.0814973,35.230507],[129.0815488,35.2305319],[129.0816508,35.2305854],[129.0816824,35.2306094],[129.0817008,35.23063],[129.0817169,35.2306359],[129.0817571,35.2306032],[129.0818247,35.230577],[129.08198,35.2305171],[129.0820338,35.2304974],[129.0821253,35.2304639],[129.0821782,35.2303999],[129.0821886,35.2303873],[129.0822153,35.2302973],[129.0822265,35.230262],[129.0822518,35.2302315],[129.0823696,35.2301412],[129.0824623,35.2300993],[129.0825068,35.2300258],[129.0825908,35.22998],[129.0825959,35.2299751],[129.0826303,35.2299424],[129.08274,35.2298958],[129.0828006,35.229869],[129.0828259,35.2298633],[129.0829499,35.2296687],[129.0833479,35.2294957],[129.0835477,35.2293833],[129.0837201,35.2293046],[129.0843896,35.2289867],[129.0842037,35.2286981],[129.084015,35.2284407],[129.0839625,35.2283741],[129.083769,35.2281141],[129.0836372,35.2279235],[129.0833866,35.2275404],[129.0831785,35.2272369],[129.0830434,35.2270427],[129.0830194,35.2270005],[129.082907,35.2268349],[129.0826902,35.2265088],[129.0824892,35.2262116],[129.0822239,35.2253931],[129.0822099,35.2253559],[129.0819328,35.2254252],[129.0810086,35.2256628],[129.0804818,35.2257874],[129.0802789,35.2258195],[129.080055,35.2258417],[129.0799243,35.2258414],[129.0793946,35.2258372],[129.0792484,35.2258413],[129.0791072,35.2258675],[129.0783863,35.2260224],[129.0781258,35.2260867],[129.0778834,35.2266093],[129.0778477,35.226788],[129.0778454,35.2267998],[129.0778365,35.2272419],[129.0778298,35.2273852]]]},"properties":{"name":"장전1주택재개발정비구역","type":"재개발","admCode":"26410","mnum":"62600002641020090321UDT1000819001"}},{"type":"Feature","geometry":{"type":"Polygon","coordinates":[[[129.0973978,35.2243525],[129.0976864,35.2243782],[129.0977706,35.2244034],[129.0978662,35.2244146],[129.0978996,35.2244213],[129.0979313,35.2244276],[129.0979937,35.2244359],[129.0980264,35.2244392],[129.0985301,35.2247541],[129.0985501,35.2247326],[129.0980393,35.2244133],[129.0979983,35.2244091],[129.0979378,35.2244011],[129.0979074,35.224395],[129.0978725,35.224388],[129.0977787,35.224377],[129.0976939,35.2243516],[129.0974058,35.224326],[129.0973978,35.2243525]]]},"properties":{"name":"구거","type":"기타","admCode":"26410","mnum":"62600002641020220223UDT9990001002"}},{"type":"Feature","geometry":{"type":"Polygon","coordinates":[[[129.0878146,35.2561846],[129.0882221,35.2562253],[129.0886934,35.2562731],[129.0894108,35.2563464],[129.0895779,35.256363],[129.0902753,35.2564332],[129.0903174,35.2564078],[129.0903227,35.2553158],[129.0903237,35.2548789],[129.0902831,35.2548464],[129.0898566,35.2548459],[129.0895814,35.2548453],[129.0894188,35.254835],[129.089054,35.2547968],[129.0886998,35.2547597],[129.0878167,35.2546671],[129.0878164,35.2549271],[129.0878162,35.2552367],[129.0878159,35.2554886],[129.0878155,35.2558828],[129.0878149,35.2560782],[129.0878146,35.2561846]]]},"properties":{"name":"구서5 재건축 정비구역","type":"재건축","admCode":"26410","mnum":"62600002641020200262UDT1000001001"}},{"type":"Feature","geometry":{"type":"Polygon","coordinates":[[[129.1025346,35.2122034],[129.1025453,35.2122244],[129.1026386,35.2122029],[129.1026338,35.2121893],[129.102655,35.2121846],[129.1027691,35.2121595],[129.1028837,35.2121342],[129.1029289,35.2121239],[129.1028974,35.212024],[129.1030149,35.2119982],[129.1031245,35.2119742],[129.1030837,35.2118553],[129.1031785,35.2118321],[129.1032064,35.2118252],[129.1032504,35.2118151],[129.1033835,35.2117812],[129.1033787,35.2117653],[129.1035195,35.2117224],[129.1035716,35.2118566],[129.1036152,35.2118407],[129.1036546,35.2119526],[129.1036963,35.2120708],[129.1037265,35.2121565],[129.1038356,35.2121237],[129.1038811,35.2122553],[129.1039028,35.2122988],[129.1039306,35.2122894],[129.1039662,35.2123941],[129.1041196,35.2123574],[129.1041362,35.2124096],[129.1041803,35.2123954],[129.1042088,35.2124872],[129.1042331,35.2125648],[129.1042383,35.2125814],[129.1042682,35.2126779],[129.1043017,35.2127858],[129.1044353,35.2127434],[129.1045397,35.2127103],[129.1045684,35.2127012],[129.1046364,35.2126589],[129.1046119,35.2125704],[129.1045831,35.2124662],[129.1045778,35.2124469],[129.1045498,35.212346],[129.1045423,35.2123186],[129.1045143,35.2122177],[129.1044842,35.2121087],[129.1044831,35.2121053],[129.1044741,35.2120775],[129.104435,35.2119567],[129.1043968,35.2118386],[129.1043613,35.211729],[129.1043388,35.2116593],[129.1043395,35.2116408],[129.1043211,35.2115907],[129.1043209,35.2115887],[129.1043175,35.2115619],[129.1043159,35.211549],[129.1042896,35.2114706],[129.1042869,35.2114627],[129.1042613,35.211382],[129.1042307,35.2112854],[129.1042297,35.2112821],[129.1042033,35.211199],[129.1041907,35.2111592],[129.1041768,35.2111153],[129.1041394,35.2110001],[129.1041081,35.2109036],[129.1040997,35.2108777],[129.1040465,35.210686],[129.1040388,35.2106924],[129.1040355,35.2106816],[129.1040116,35.2106973],[129.1038555,35.2107948],[129.1037657,35.2108508],[129.1036739,35.2109081],[129.1036132,35.210946],[129.1035737,35.2109586],[129.1034729,35.2109906],[129.1033687,35.2110238],[129.1032672,35.2110561],[129.1031671,35.211088],[129.10304,35.2111265],[129.1029148,35.2111645],[129.1028007,35.2111991],[129.1026831,35.2112347],[129.102565,35.2112705],[129.1024462,35.2113065],[129.1023297,35.2113419],[129.1023471,35.2114196],[129.1023564,35.2114557],[129.1024048,35.2116616],[129.1024297,35.2117652],[129.1024544,35.2118677],[129.1024786,35.2119677],[129.102487,35.2120047],[129.1025108,35.2121041],[129.1025346,35.2122034]]]},"properties":{"name":"명서1 재개발사업 정비구역","type":"재개발","admCode":"26410","mnum":"62600002641020240017UDT1000001001"}},{"type":"Feature","geometry":{"type":"Polygon","coordinates":[[[129.0876493,35.2561657],[129.0876505,35.2560017],[129.0876505,35.2558027],[129.0876505,35.2557782],[129.0876505,35.2557557],[129.0876505,35.2557292],[129.0876507,35.2556418],[129.0876508,35.2555962],[129.0876511,35.2554624],[129.0876515,35.2553256],[129.0876515,35.2552983],[129.0876517,35.2551603],[129.087652,35.255024],[129.087652,35.254997],[129.0876526,35.2548843],[129.0876525,35.2547708],[129.0876524,35.2546631],[129.0874189,35.2546497],[129.0872861,35.2546421],[129.0870786,35.2546299],[129.0869598,35.2546229],[129.0867952,35.2546132],[129.0866579,35.2546062],[129.0866133,35.254604],[129.0865099,35.2545997],[129.0864711,35.2546288],[129.0864712,35.2547142],[129.0864713,35.254809],[129.0864714,35.2549115],[129.0864714,35.2550126],[129.0864713,35.2551148],[129.0864714,35.2552162],[129.0864715,35.2553185],[129.0864716,35.2554199],[129.0864716,35.2554266],[129.0864716,35.2555215],[129.0864716,35.2556236],[129.0864716,35.2556898],[129.0864717,35.2557228],[129.0864717,35.2557459],[129.0864717,35.2557672],[129.0864717,35.2557953],[129.0864728,35.2558266],[129.0864728,35.2559105],[129.0864731,35.2561501],[129.0864719,35.2562728],[129.086472,35.2563854],[129.086472,35.2565022],[129.086472,35.2565929],[129.0864721,35.2567017],[129.0864721,35.2568189],[129.0864722,35.256922],[129.0865101,35.2569537],[129.086583,35.2569564],[129.0866913,35.256959],[129.0867828,35.2569612],[129.0869564,35.2569633],[129.0874733,35.2569857],[129.0876471,35.2569932],[129.0876474,35.2568152],[129.0876478,35.2566526],[129.0876479,35.2565923],[129.0876481,35.2564908],[129.0876483,35.2563836],[129.0876488,35.2562748],[129.0876493,35.2561657]]]},"properties":{"name":"정비구역","type":"기타","admCode":"26410","mnum":"62600002641020240057UDT1000001001"}},{"type":"Feature","geometry":{"type":"Polygon","coordinates":[[[129.0782481,35.2256899],[129.07825,35.2257231],[129.0782502,35.225733],[129.0782645,35.2257421],[129.0782787,35.2257512],[129.0783487,35.2257957],[129.0784186,35.2258402],[129.078458,35.2258652],[129.0784973,35.2258902],[129.0785229,35.2259037],[129.0786827,35.2258622],[129.0788426,35.2258207],[129.0789844,35.2257845],[129.0790319,35.2257743],[129.0790946,35.2257609],[129.0791572,35.2257474],[129.0791935,35.2257403],[129.0792298,35.2257333],[129.0792656,35.2257289],[129.0792764,35.2257276],[129.079296,35.2257264],[129.0793157,35.2257252],[129.0793309,35.2257237],[129.079346,35.2257221],[129.0794103,35.2257208],[129.0794746,35.2257195],[129.0794859,35.2257193],[129.0794972,35.2257191],[129.07953,35.2257184],[129.0796262,35.225717],[129.0797223,35.2257156],[129.0797583,35.225715],[129.0797943,35.2257145],[129.0798636,35.2257135],[129.0799329,35.2257124],[129.0799463,35.225712],[129.0799854,35.225673],[129.0800228,35.2256358],[129.0800166,35.2256173],[129.0800105,35.2255989],[129.0799927,35.2255458],[129.0799749,35.2254927],[129.0799606,35.2254499],[129.0799515,35.2254247],[129.0799425,35.2253996],[129.0799424,35.2253993],[129.0799423,35.225399],[129.0798934,35.2252697],[129.0798445,35.2251404],[129.0798314,35.2251009],[129.0798183,35.2250613],[129.0798164,35.2250559],[129.0799243,35.2250178],[129.0799966,35.2249922],[129.0803549,35.2248655],[129.0807131,35.2247387],[129.0807885,35.2247143],[129.0808639,35.2246898],[129.0808895,35.22468],[129.0809151,35.2246701],[129.0810123,35.2246335],[129.0811094,35.224597],[129.0812139,35.2245618],[129.0812353,35.2245546],[129.0812868,35.2245371],[129.0812591,35.2245014],[129.0812504,35.2244658],[129.0812641,35.2244585],[129.0812686,35.2244561],[129.0812772,35.224441],[129.081285,35.224432],[129.0812941,35.2244248],[129.0813076,35.2244176],[129.0813194,35.2244126],[129.0813225,35.2244117],[129.0813098,35.2243757],[129.0812963,35.2243375],[129.0813055,35.2243314],[129.0813148,35.2243253],[129.0813205,35.2243191],[129.0813263,35.2243128],[129.081369,35.2242902],[129.0814118,35.2242676],[129.0814703,35.2242366],[129.0814773,35.2242329],[129.081524,35.2242082],[129.0815191,35.224199],[129.0815241,35.2241964],[129.0815041,35.2241796],[129.0814483,35.2241076],[129.0813998,35.2240452],[129.0815464,35.2239833],[129.0815349,35.2239624],[129.0815067,35.2239114],[129.0814785,35.2238604],[129.0813924,35.2239079],[129.081355,35.2239284],[129.0813184,35.2239486],[129.0812662,35.2238924],[129.0812576,35.2238831],[129.0812042,35.2238241],[129.0811994,35.2238189],[129.0811904,35.2238089],[129.0812306,35.2237862],[129.0813389,35.2237217],[129.0813015,35.2236747],[129.0812641,35.2236276],[129.0812456,35.2236045],[129.0812271,35.2235813],[129.081217,35.223551],[129.0812034,35.2235648],[129.0810902,35.2236345],[129.08092,35.2236984],[129.0806796,35.2239067],[129.0804922,35.2240333],[129.0804119,35.224116],[129.0803402,35.2241904],[129.0802222,35.224264],[129.0799833,35.2242804],[129.0797283,35.2242835],[129.0796668,35.2243742],[129.0796149,35.2245107],[129.0795165,35.2246064],[129.0794064,35.2246698],[129.0793307,35.2247935],[129.0791158,35.2250119],[129.0790598,35.2250913],[129.0789451,35.2251857],[129.0789224,35.2252044],[129.0789164,35.2252068],[129.0786748,35.2253073],[129.0786523,35.2253501],[129.0785982,35.2253945],[129.0784174,35.2254789],[129.0782898,35.2255441],[129.0782481,35.2256899]]]},"properties":{"name":"온천4주택재개발정비구역","type":"재개발","admCode":"26410","mnum":"62600002641020200207UDT1000616001"}},{"type":"Feature","geometry":{"type":"Polygon","coordinates":[[[129.0895337,35.257889],[129.089573,35.2579218],[129.08966,35.2579218],[129.0897767,35.2579219],[129.0898941,35.2579219],[129.0899449,35.257922],[129.0899505,35.257922],[129.0899709,35.257922],[129.0901256,35.2579225],[129.0902733,35.2579229],[129.0903132,35.2578917],[129.0903133,35.2578791],[129.0903133,35.2578235],[129.0903135,35.2577157],[129.0903137,35.2576116],[129.0903138,35.2575844],[129.0903141,35.2574806],[129.0903144,35.2574047],[129.0903146,35.2573285],[129.0903149,35.2572534],[129.0903151,35.2571773],[129.0903152,35.2571501],[129.0903155,35.2570504],[129.0903157,35.2569666],[129.0903158,35.2569407],[129.090316,35.2568566],[129.0903162,35.2567733],[129.0903163,35.256746],[129.0903165,35.2566619],[129.0903168,35.2565622],[129.0902824,35.256524],[129.0899457,35.2564903],[129.0895762,35.2564534],[129.0895379,35.2564898],[129.0895379,35.2565072],[129.0895373,35.2568879],[129.0895371,35.2569754],[129.0895368,35.2570621],[129.0895366,35.2571505],[129.0895364,35.2572379],[129.0895361,35.2573497],[129.0895355,35.2574617],[129.0895354,35.2574889],[129.0895349,35.2576015],[129.0895345,35.2577139],[129.089534,35.2578213],[129.0895337,35.2578796],[129.0895337,35.257889]]]},"properties":{"name":"","type":"기타","admCode":"26410","mnum":"62600002641020170159UDT1000001000"}},{"type":"Feature","geometry":{"type":"Polygon","coordinates":[[[129.0841215,35.2449124],[129.0841436,35.2449544],[129.0841848,35.2450326],[129.0842478,35.2451438],[129.0842558,35.245164],[129.0842676,35.2451856],[129.0843101,35.24526],[129.0843126,35.2452646],[129.0843503,35.2453329],[129.0843838,35.2454119],[129.08439,35.2454247],[129.0844218,35.2454859],[129.0844608,35.2455605],[129.0844638,35.2455661],[129.084501,35.2456331],[129.0845421,35.245624],[129.0846115,35.2456087],[129.0846333,35.2456039],[129.0846587,35.2455978],[129.0847002,35.2455887],[129.0847954,35.2455678],[129.0849168,35.2455412],[129.0849647,35.2455306],[129.0849938,35.2455239],[129.0850923,35.2455012],[129.085177,35.2454816],[129.0852862,35.2454564],[129.0853067,35.2454538],[129.0854684,35.2454166],[129.0856027,35.2453861],[129.0856197,35.2453807],[129.0857724,35.2453435],[129.0859064,35.2452921],[129.0859276,35.2452839],[129.0859806,35.2452634],[129.0860715,35.2452277],[129.0862099,35.245171],[129.0862295,35.2451664],[129.0863676,35.2451119],[129.0864998,35.2450618],[129.0865404,35.2450456],[129.0865918,35.2450254],[129.0866354,35.2450301],[129.086637,35.2450302],[129.0867087,35.2450049],[129.0867278,35.2449979],[129.0867318,35.2450023],[129.086868,35.244919],[129.0869945,35.2448416],[129.0869359,35.2447753],[129.086871,35.244702],[129.0868519,35.2446803],[129.0867811,35.2446003],[129.0867104,35.2445203],[129.0866046,35.2444007],[129.0864927,35.2442762],[129.0863532,35.2441195],[129.086299,35.2440585],[129.0861894,35.2439354],[129.0861502,35.2438914],[129.0861313,35.2438702],[129.0860755,35.2438073],[129.0860214,35.2437466],[129.0860088,35.2437324],[129.0859084,35.2436195],[129.0858166,35.2435162],[129.0857822,35.2435047],[129.0857055,35.2434788],[129.0854381,35.2434948],[129.0853729,35.2435255],[129.0853223,35.2435535],[129.0847212,35.2440361],[129.0847191,35.2440901],[129.084613,35.2442727],[129.0845623,35.2442818],[129.0844182,35.2444942],[129.0844296,35.2445438],[129.084445,35.244641],[129.0844249,35.2446767],[129.0843931,35.244758],[129.0842407,35.2448436],[129.0842333,35.2448482],[129.0841215,35.2449124]]]},"properties":{"name":"구서2 주택재건축정비구역","type":"재건축","admCode":"26410","mnum":"62600002641020080119UDT1000409001"}},{"type":"Feature","geometry":{"type":"Polygon","coordinates":[[[129.0928187,35.2743933],[129.0928343,35.2744026],[129.0928885,35.2744369],[129.0928974,35.2744422],[129.0929907,35.2744979],[129.0930229,35.2745197],[129.093203,35.2746306],[129.0936972,35.2749337],[129.0937103,35.2749345],[129.0937751,35.2748957],[129.0938604,35.2748946],[129.093928,35.2748819],[129.0939365,35.2748863],[129.0941239,35.2747942],[129.0940802,35.273503],[129.0935698,35.2733517],[129.0935614,35.2734299],[129.0935538,35.2735019],[129.0935457,35.2735773],[129.093536,35.2735776],[129.0935205,35.273595],[129.0933757,35.2735813],[129.0933711,35.2735814],[129.0933629,35.2736708],[129.0933503,35.2737324],[129.0933313,35.2737747],[129.0933078,35.2738982],[129.0932956,35.2739921],[129.0932892,35.2740304],[129.0932766,35.2741009],[129.0932781,35.2741624],[129.0932428,35.2741728],[129.093198,35.2741488],[129.093119,35.2741384],[129.0930975,35.2742393],[129.0930791,35.2742807],[129.0930679,35.2743061],[129.0930255,35.2743323],[129.0929876,35.2743368],[129.0929795,35.2743252],[129.0929538,35.2743491],[129.0929278,35.2743536],[129.0928968,35.274334],[129.092821,35.2742888],[129.0928193,35.274322],[129.0928187,35.2743933]]]},"properties":{"name":"재건축정비구역","type":"재건축","admCode":"26410","mnum":"62600002641020210050UDT1000001001"}},{"type":"Feature","geometry":{"type":"Polygon","coordinates":[[[129.0882819,35.249099],[129.0883411,35.2491406],[129.088488,35.2490633],[129.0885648,35.249108],[129.0886452,35.2492123],[129.0887255,35.2493166],[129.0888836,35.2493121],[129.0890891,35.2492047],[129.0892473,35.249122],[129.0893859,35.2490496],[129.0895167,35.2489813],[129.0896468,35.2489131],[129.0898153,35.2488246],[129.0899301,35.2487622],[129.0902205,35.2486097],[129.0900945,35.2485375],[129.0899831,35.2484739],[129.0899109,35.2484327],[129.0897601,35.2483475],[129.0895672,35.2482369],[129.0894579,35.2481742],[129.0892107,35.2480323],[129.0892037,35.2479285],[129.0889946,35.247932],[129.0889968,35.2479261],[129.0888782,35.2479003],[129.0887505,35.2478725],[129.0887439,35.2478899],[129.0887272,35.2479337],[129.0887105,35.2479775],[129.0887038,35.247995],[129.0886629,35.2481018],[129.0885862,35.2483021],[129.0885568,35.2483789],[129.0884904,35.2485531],[129.0884836,35.2485707],[129.0884202,35.2487369],[129.0884136,35.248754],[129.0883863,35.2488278],[129.0883714,35.2488671],[129.0883573,35.2489029],[129.0883277,35.2489798],[129.0882819,35.249099]]]},"properties":{"name":"구서3 재건축 정비구역","type":"재건축","admCode":"26410","mnum":"62600002641020230268UDT1000001001"}},{"type":"Feature","geometry":{"type":"Polygon","coordinates":[[[129.0915653,35.2592452],[129.091839,35.2592594],[129.0918397,35.2592633],[129.0918843,35.259311],[129.0920183,35.2593155],[129.0920229,35.259269],[129.0921878,35.2592777],[129.0923543,35.2592859],[129.0925176,35.2592947],[129.0927065,35.2593045],[129.0927251,35.2592627],[129.0927523,35.2591895],[129.0927607,35.2591669],[129.0927645,35.259113],[129.0927651,35.2590794],[129.0928721,35.2588835],[129.0930328,35.2585815],[129.0931979,35.2582725],[129.0932086,35.2582525],[129.0932984,35.2580834],[129.0932505,35.2580929],[129.0932221,35.2580965],[129.0931507,35.25811],[129.0930819,35.2581043],[129.0929382,35.2580928],[129.0928393,35.2580849],[129.0928069,35.2580804],[129.0927685,35.2580753],[129.0926413,35.2580591],[129.0924837,35.2580377],[129.092431,35.258032],[129.0923966,35.2580284],[129.092116,35.2579956],[129.0920749,35.2579906],[129.0920377,35.2580098],[129.0920143,35.2580268],[129.0920014,35.2580372],[129.0919855,35.2580528],[129.0919823,35.2580559],[129.0919596,35.2580771],[129.0919387,35.2581106],[129.0918748,35.2582675],[129.0918573,35.2583619],[129.0918359,35.258486],[129.0918122,35.2586319],[129.0918216,35.2588221],[129.0918325,35.2590642],[129.0918235,35.2590774],[129.0918389,35.2590852],[129.0918473,35.2590895],[129.0918426,35.2591387],[129.0918419,35.2591422],[129.0915663,35.2591279],[129.0915659,35.2592273],[129.0915653,35.2592452]]]},"properties":{"name":"","type":"기타","admCode":"26410","mnum":"62600002641020160199UDT1000001001"}},{"type":"Feature","geometry":{"type":"Polygon","coordinates":[[[129.0938831,35.2289134],[129.0939617,35.2295246],[129.0940014,35.2295533],[129.0940066,35.2295528],[129.094149,35.2295382],[129.0941506,35.22955],[129.0941703,35.229553],[129.0942618,35.2295575],[129.0943153,35.229572],[129.0943732,35.2296262],[129.0943575,35.229655],[129.0943534,35.2296835],[129.0943281,35.2297225],[129.0941515,35.2297536],[129.0941632,35.2298897],[129.0941809,35.230131],[129.0941854,35.2301865],[129.0944273,35.2302105],[129.095248,35.2302975],[129.0951181,35.2292524],[129.0951581,35.2292398],[129.0950141,35.2292013],[129.0949132,35.2291504],[129.0948936,35.2290848],[129.0948895,35.2289755],[129.0950493,35.2287529],[129.0948571,35.2287597],[129.0948056,35.2287859],[129.0947899,35.2287831],[129.0947709,35.2287647],[129.0946476,35.2287691],[129.094607,35.2288177],[129.0945753,35.2288344],[129.0945619,35.228827],[129.094542,35.2288395],[129.0944946,35.228869],[129.0943299,35.2288847],[129.0943042,35.2288928],[129.0942302,35.228897],[129.0941605,35.2288957],[129.0940593,35.2289059],[129.094058,35.2288973],[129.0940058,35.2289021],[129.0938831,35.2289134]]]},"properties":{"name":"부곡금강아파트 주택재건축정비구역","type":"재건축","admCode":"26410","mnum":"62600002641020050066UDT1000309001"}},{"type":"Feature","geometry":{"type":"Polygon","coordinates":[[[129.0919222,35.1740598],[129.0919226,35.1740627],[129.0919376,35.1741581],[129.0919389,35.1741651],[129.0919503,35.1742275],[129.0919542,35.1742487],[129.0919551,35.174253],[129.0920234,35.1742449],[129.0920276,35.1742721],[129.0920098,35.1742745],[129.092026,35.1743702],[129.0920155,35.1743717],[129.0920386,35.1745045],[129.0920494,35.1745662],[129.0920378,35.1745758],[129.0919983,35.1745808],[129.0919385,35.1745883],[129.0918122,35.1746044],[129.0917157,35.1746163],[129.0915595,35.1746362],[129.0915312,35.1746395],[129.0914046,35.1746556],[129.0911418,35.1746888],[129.0909388,35.1747152],[129.0908378,35.174728],[129.090802,35.1747325],[129.0904154,35.1747822],[129.0902819,35.1747987],[129.09023,35.1747362],[129.0902272,35.1747205],[129.0902037,35.1747245],[129.0901553,35.174703],[129.090149,35.174671],[129.0901569,35.1746096],[129.0901378,35.1745704],[129.0901281,35.1745489],[129.0901265,35.1745457],[129.0901282,35.174544],[129.0901589,35.1745111],[129.0901877,35.1744877],[129.0901793,35.1743111],[129.0900513,35.1743279],[129.0899094,35.1743442],[129.0898921,35.1743482],[129.0897682,35.1743624],[129.089645,35.1743733],[129.0894091,35.1744041],[129.0893624,35.1744111],[129.0891636,35.1744351],[129.0890339,35.1744522],[129.0888806,35.1744716],[129.0887842,35.1744839],[129.0884554,35.1745116],[129.088334,35.1745219],[129.0882282,35.174539],[129.0881343,35.1745497],[129.0880073,35.1745677],[129.0878792,35.1745855],[129.0878544,35.1745878],[129.0876657,35.1746171],[129.0875156,35.1746382],[129.0874217,35.1746635],[129.0874205,35.1746638],[129.0873781,35.1746783],[129.0873323,35.1746974],[129.0872308,35.1747423],[129.0872232,35.1747457],[129.0872092,35.174752],[129.0871991,35.1747566],[129.0871786,35.1747658],[129.0871711,35.1747692],[129.0871274,35.1747902],[129.0871077,35.1748014],[129.0870804,35.1748164],[129.0870057,35.1748589],[129.0869573,35.1748898],[129.0869218,35.1749124],[129.086898,35.1749287],[129.0868199,35.1749814],[129.0867976,35.1749999],[129.0867324,35.1750539],[129.0866761,35.1751062],[129.0866722,35.175116],[129.0866506,35.1751393],[129.0866346,35.1751622],[129.0866278,35.1751729],[129.0866131,35.175196],[129.0865088,35.1754502],[129.0864873,35.1755026],[129.0864371,35.1756252],[129.0864511,35.1756302],[129.0864692,35.1756369],[129.086512,35.17565],[129.0865834,35.1756719],[129.0866706,35.1756992],[129.0867325,35.1757185],[129.0868144,35.175744],[129.0869103,35.1757739],[129.0869494,35.1757862],[129.0870073,35.1758045],[129.0870473,35.175817],[129.0870517,35.1758184],[129.0870717,35.1758246],[129.0871167,35.1758386],[129.0871385,35.1758455],[129.0871607,35.1758524],[129.0871923,35.1758621],[129.0872364,35.1758757],[129.087259,35.1758827],[129.0873514,35.1759112],[129.0874791,35.1759509],[129.0876171,35.1760586],[129.0876494,35.1760838],[129.0876587,35.1760911],[129.0877495,35.1761125],[129.0877548,35.1761137],[129.0879274,35.1761536],[129.0880086,35.1761725],[129.0881418,35.1761713],[129.0882292,35.1761704],[129.0882944,35.1761698],[129.088363,35.1761929],[129.0886313,35.1762778],[129.0887862,35.176325],[129.0888158,35.176334],[129.0888631,35.1763484],[129.088958,35.1763859],[129.0889738,35.1763922],[129.0889801,35.1763947],[129.0890042,35.176604],[129.0890155,35.1766817],[129.0890248,35.1767458],[129.0890348,35.1768148],[129.089046,35.1768912],[129.0890645,35.1770187],[129.0892163,35.1770182],[129.0892873,35.177018],[129.0893078,35.1770013],[129.0893584,35.1769601],[129.0893715,35.1769494],[129.0894353,35.1768965],[129.0895048,35.1768368],[129.0895627,35.1767875],[129.0896277,35.176734],[129.0896919,35.1766797],[129.0897775,35.1766075],[129.0898625,35.176535],[129.0899487,35.1764619],[129.0900446,35.1763808],[129.0900597,35.1763678],[129.0900647,35.1763635],[129.090158,35.1762849],[129.0902317,35.1762227],[129.0902466,35.1762102],[129.0903221,35.1761463],[129.0903964,35.1760837],[129.090411,35.1760711],[129.0904863,35.1760072],[129.0905456,35.1759569],[129.0906537,35.1758684],[129.0907171,35.1758148],[129.0908008,35.175744],[129.0908233,35.175725],[129.0909062,35.1756551],[129.0909764,35.1755956],[129.0909921,35.1755826],[129.0910585,35.1755267],[129.0910739,35.1755138],[129.0911407,35.1754573],[129.0911564,35.1754442],[129.0912007,35.175407],[129.0912309,35.1753816],[129.0912457,35.1753691],[129.091317,35.175309],[129.0913305,35.175297],[129.0914061,35.1752325],[129.0914197,35.1752211],[129.0914932,35.1751587],[129.0915078,35.1751465],[129.0915771,35.1750881],[129.0916857,35.1750015],[129.0917414,35.1749542],[129.0917494,35.1749474],[129.0918265,35.1748826],[129.0919039,35.1748171],[129.0920927,35.1746582],[129.0921585,35.1746032],[129.0921753,35.1745646],[129.0922166,35.1744814],[129.0922345,35.174444],[129.0922169,35.1743473],[129.0921989,35.1742503],[129.0921955,35.1742326],[129.0921819,35.174158],[129.0921471,35.1741393],[129.0920562,35.1740895],[129.0919899,35.1740534],[129.0919522,35.1740586],[129.0919222,35.1740598]]]},"properties":{"name":"연산14 재개발사업 정비구역","type":"재개발","admCode":"26470","mnum":"33700002647020260113UDT1000001001"}},{"type":"Feature","geometry":{"type":"Polygon","coordinates":[[[129.0716445,35.1854758],[129.0716975,35.1855512],[129.0717135,35.1855708],[129.0717231,35.1855795],[129.0717615,35.1856191],[129.0717931,35.1856465],[129.0718182,35.1856808],[129.0719382,35.1858411],[129.0719955,35.1859188],[129.0719987,35.1859231],[129.072027,35.185961],[129.0721038,35.1860635],[129.0721555,35.1861299],[129.0728698,35.1858478],[129.0729313,35.1858241],[129.0733405,35.1856635],[129.0735812,35.1860361],[129.0744311,35.1857176],[129.0744854,35.1856968],[129.0739245,35.184913],[129.0735539,35.1843944],[129.0735322,35.1844038],[129.0734916,35.1844225],[129.0733219,35.1844972],[129.0731551,35.1845713],[129.0731198,35.1845868],[129.0730132,35.1843947],[129.0729788,35.1843328],[129.0728909,35.1841915],[129.072856,35.1841358],[129.072839,35.1841088],[129.072806,35.1840548],[129.0727149,35.184102],[129.0726118,35.1841555],[129.0725119,35.1842073],[129.0724118,35.1842607],[129.0723122,35.1843145],[129.0722332,35.1843535],[129.0722089,35.1843627],[129.0721657,35.1843763],[129.0721199,35.184434],[129.0723055,35.184686],[129.0724504,35.1848828],[129.0724371,35.1848887],[129.072421,35.1848957],[129.0723677,35.184918],[129.071998,35.1850736],[129.0717478,35.1851847],[129.0716445,35.1854758]]]},"properties":{"name":"","type":"기타","admCode":"26470","mnum":"62600002647020260115UDT1000001001"}},{"type":"Feature","geometry":{"type":"Polygon","coordinates":[[[129.0777474,35.1786203],[129.0780842,35.1790343],[129.0780871,35.1790319],[129.078155,35.1789751],[129.0782055,35.1789325],[129.0782529,35.178893],[129.0783347,35.1788239],[129.0784039,35.1787657],[129.0784484,35.1787275],[129.0785207,35.1786653],[129.0785362,35.1786519],[129.0785532,35.1786371],[129.0786055,35.178613],[129.0786475,35.1786654],[129.0786757,35.1786995],[129.07873,35.1787636],[129.0787407,35.1787771],[129.0788166,35.1787323],[129.0788858,35.1786914],[129.0789251,35.1787328],[129.0789457,35.1787615],[129.078966,35.1787189],[129.0790547,35.1786736],[129.0791468,35.1786284],[129.0792246,35.1785875],[129.0792606,35.1785689],[129.0793458,35.1785251],[129.0793704,35.1785125],[129.0795965,35.1783946],[129.0796708,35.1783559],[129.0797145,35.1783331],[129.0797887,35.1782946],[129.0797299,35.1782583],[129.0797236,35.1782545],[129.0796332,35.1782049],[129.0795812,35.1781758],[129.0795282,35.1781191],[129.0794679,35.1780811],[129.0794113,35.1780459],[129.0793635,35.1780163],[129.0793254,35.1780417],[129.0792826,35.1780252],[129.0792666,35.177974],[129.0792587,35.1779282],[129.0792521,35.1778919],[129.0792399,35.1778627],[129.0792282,35.1778331],[129.0792032,35.1778041],[129.0791761,35.1777767],[129.079147,35.1777545],[129.0791109,35.1777273],[129.0790781,35.1777024],[129.0790365,35.1776801],[129.0789966,35.177659],[129.0789534,35.1776279],[129.0789353,35.1776156],[129.0789179,35.1776037],[129.0788127,35.1776625],[129.0787826,35.1776799],[129.0787733,35.1776846],[129.0787451,35.1777011],[129.0786818,35.1777379],[129.0786396,35.1777612],[129.0786298,35.1777674],[129.078613,35.177778],[129.0785777,35.1778001],[129.0785501,35.1778178],[129.0785404,35.1778245],[129.0784941,35.1778837],[129.0784766,35.1779085],[129.0784249,35.1779637],[129.0784018,35.1779878],[129.0783961,35.1779959],[129.078396,35.1780084],[129.0783683,35.1780439],[129.0783256,35.1780985],[129.0782996,35.1781318],[129.0782577,35.1781845],[129.0781045,35.1783719],[129.0780656,35.1784063],[129.0780089,35.1784505],[129.0779138,35.1785107],[129.0778341,35.17854],[129.0777622,35.1785677],[129.0777474,35.1786203]]]},"properties":{"name":"연산5 재개발사업 정비구역","type":"재개발","admCode":"26470","mnum":"62600002647020250327UDT1000001001"}},{"type":"Feature","geometry":{"type":"Polygon","coordinates":[[[129.074943,35.1981842],[129.075395,35.1983491],[129.0754535,35.1983703],[129.0759233,35.1985396],[129.0763356,35.19869],[129.0765062,35.1987524],[129.0765372,35.1987639],[129.0766514,35.1988059],[129.076714,35.1988286],[129.076733,35.1988353],[129.0768893,35.1988922],[129.0769072,35.1988987],[129.0769945,35.1989303],[129.0770844,35.1989633],[129.0771844,35.1989993],[129.0772145,35.1990102],[129.0773156,35.199047],[129.0774804,35.1991071],[129.0774811,35.1991073],[129.0775006,35.1991142],[129.0775144,35.1991191],[129.0777012,35.1991867],[129.0778494,35.1992404],[129.0779216,35.1992667],[129.0780127,35.1992394],[129.0780559,35.1991614],[129.0780628,35.1991486],[129.0780721,35.1991318],[129.0781126,35.1990592],[129.0782189,35.1988658],[129.0782295,35.1988464],[129.0782727,35.1987682],[129.078286,35.1987434],[129.0782974,35.1987225],[129.0783001,35.1987174],[129.0783086,35.1987018],[129.0783124,35.198695],[129.0783576,35.1986121],[129.0783794,35.1985731],[129.078433,35.198471],[129.0784705,35.1984107],[129.0784728,35.1984072],[129.0785013,35.1983624],[129.0784177,35.1983846],[129.078027,35.1982238],[129.0779119,35.1981735],[129.0779118,35.1981735],[129.0779117,35.198172],[129.0776006,35.1980412],[129.0775439,35.1980186],[129.0774618,35.197984],[129.0773167,35.1979233],[129.0771012,35.1978214],[129.0770972,35.1978195],[129.0767433,35.197673],[129.0765884,35.1976093],[129.0764484,35.1975523],[129.0764009,35.1975323],[129.0762971,35.1974867],[129.076136,35.1974157],[129.0759233,35.1973251],[129.0757907,35.1972769],[129.0757266,35.1972553],[129.0755605,35.1971983],[129.0754866,35.1971709],[129.0754712,35.1972037],[129.0754534,35.1972372],[129.0754126,35.1973133],[129.0753705,35.1973915],[129.0753263,35.197474],[129.0753156,35.1974936],[129.0752685,35.1975818],[129.0752131,35.1976851],[129.0751877,35.1977354],[129.0751352,35.1978316],[129.074943,35.1981842]]]},"properties":{"name":"거제1 재건축사업 정비구역","type":"재건축","admCode":"26470","mnum":"62600002647020250305UDT1000001001"}},{"type":"Feature","geometry":{"type":"Polygon","coordinates":[[[129.0738315,35.1875326],[129.073874,35.1875109],[129.074012,35.1874399],[129.0741692,35.1873592],[129.074275,35.187305],[129.0744092,35.1872359],[129.0745415,35.1871676],[129.0746705,35.1871008],[129.0747139,35.187078],[129.0744682,35.18677],[129.0742884,35.1865458],[129.0743918,35.1864911],[129.0745578,35.1864034],[129.0746582,35.1863513],[129.074759,35.1862969],[129.0748338,35.1862566],[129.0748936,35.1862694],[129.0748032,35.1861412],[129.0747696,35.1860941],[129.0746811,35.1859702],[129.0744854,35.1856968],[129.0744311,35.1857176],[129.0735812,35.1860361],[129.0733405,35.1856635],[129.0729313,35.1858241],[129.0728698,35.1858478],[129.0721555,35.1861299],[129.0722205,35.1862129],[129.0724146,35.1864656],[129.0725574,35.1866489],[129.0726232,35.186733],[129.0726666,35.1867889],[129.0727977,35.1868041],[129.0730795,35.1866912],[129.0731704,35.1866547],[129.0732358,35.1867561],[129.0732588,35.186759],[129.0733245,35.1867534],[129.0733685,35.1867504],[129.073431,35.1868716],[129.0735186,35.1870174],[129.0736971,35.187315],[129.0737792,35.1874518],[129.0738315,35.1875326]]]},"properties":{"name":"거제3 재건축사업 정비구역","type":"재건축","admCode":"26470","mnum":"62600002647020250260UDT1000001001"}},{"type":"Feature","geometry":{"type":"Polygon","coordinates":[[[129.1005633,35.1896261],[129.100567,35.1896177],[129.1005774,35.1896207],[129.1005928,35.1896252],[129.100598,35.1896267],[129.1005943,35.1896352],[129.1005906,35.1896437],[129.1006734,35.1896681],[129.1006899,35.1896306],[129.1007992,35.189663],[129.1009011,35.1896932],[129.1009834,35.1897176],[129.1009311,35.1898364],[129.1008737,35.189967],[129.1004337,35.1909676],[129.1004611,35.1909924],[129.1014578,35.1907734],[129.1024368,35.190593],[129.1025898,35.1905666],[129.1027389,35.190542],[129.102913,35.1905132],[129.1031412,35.1904893],[129.1042087,35.1903777],[129.1043159,35.1903665],[129.1044696,35.1903504],[129.1062606,35.1901588],[129.1062941,35.1901282],[129.1063019,35.1899194],[129.1063129,35.1896231],[129.1063175,35.1894971],[129.1063264,35.1892546],[129.1063276,35.1892215],[129.1064152,35.1892245],[129.1064204,35.1890856],[129.106454,35.1890598],[129.1063008,35.1890544],[129.1045395,35.1889935],[129.1043858,35.1889881],[129.1026754,35.188929],[129.1025219,35.1889235],[129.1013726,35.1888839],[129.101343,35.1889],[129.1012488,35.1891145],[129.1011659,35.1893031],[129.1011084,35.1894337],[129.1010861,35.1894844],[129.1010036,35.1894599],[129.1008995,35.1894291],[129.1007927,35.1893975],[129.1008005,35.1893797],[129.1006902,35.1893469],[129.100551,35.1893054],[129.1005398,35.1893308],[129.1005002,35.1894209],[129.1004639,35.1895034],[129.1004276,35.189586],[129.1005633,35.1896261]]]},"properties":{"name":"연산6 재건축사업 정비구역","type":"재건축","admCode":"26470","mnum":"62600002647020250236UDT1000001001"}},{"type":"Feature","geometry":{"type":"Polygon","coordinates":[[[129.0809189,35.1776313],[129.0809273,35.1776806],[129.080942,35.1777634],[129.0809524,35.1778227],[129.0809767,35.1779514],[129.080994,35.1780539],[129.0810104,35.1781529],[129.0810238,35.1782336],[129.0810258,35.1782459],[129.0810363,35.1783086],[129.0810448,35.1783614],[129.0810667,35.1784865],[129.0810782,35.1785579],[129.0810797,35.1785663],[129.0810798,35.1785671],[129.081095,35.1786637],[129.0811117,35.178754],[129.0811272,35.1788426],[129.0811769,35.1788717],[129.0812514,35.1788597],[129.0813604,35.1788419],[129.0813721,35.17884],[129.0813818,35.1788383],[129.0815024,35.1788192],[129.0816038,35.1788028],[129.0817054,35.1787863],[129.0816711,35.1786024],[129.081569,35.1786137],[129.0815436,35.1786157],[129.0815346,35.1785668],[129.0815238,35.1785077],[129.081504,35.1784002],[129.0814956,35.178347],[129.0815162,35.1783448],[129.0816091,35.1783349],[129.0816736,35.1783279],[129.0817464,35.1783202],[129.0817654,35.1783179],[129.081917,35.1783015],[129.0820406,35.1782876],[129.0821259,35.1782781],[129.0821467,35.1782759],[129.0822453,35.1782655],[129.0823231,35.1782572],[129.0824645,35.1782415],[129.0825696,35.1782305],[129.0826075,35.1781875],[129.0826806,35.1780785],[129.0827839,35.1779047],[129.0828377,35.1778134],[129.0828846,35.1777334],[129.082929,35.1776577],[129.0829696,35.1775886],[129.0829763,35.1775771],[129.0829833,35.1775654],[129.0830465,35.1774585],[129.0830946,35.1773767],[129.08314,35.1772998],[129.0832112,35.1771797],[129.0832779,35.1770651],[129.0833475,35.176946],[129.0833587,35.1769271],[129.0834209,35.1768218],[129.0834352,35.1767962],[129.0834328,35.1767628],[129.083431,35.1767381],[129.0834174,35.1767236],[129.0834042,35.1767094],[129.0833613,35.176664],[129.0833221,35.1766219],[129.0832498,35.1765989],[129.083236,35.1766004],[129.0830988,35.1766161],[129.0829686,35.1766309],[129.0829558,35.1766339],[129.082828,35.176651],[129.0828083,35.176653],[129.0827003,35.1766654],[129.0826074,35.1766759],[129.0824307,35.1766956],[129.0822797,35.1767123],[129.0822351,35.1767175],[129.0821535,35.1767266],[129.0820383,35.1767397],[129.0820198,35.1767416],[129.0819049,35.1767546],[129.0818237,35.1767639],[129.0817665,35.1767704],[129.0817607,35.1767713],[129.081605,35.1767887],[129.0815985,35.1767894],[129.0814652,35.1768042],[129.0814559,35.1768053],[129.0814467,35.1768063],[129.0813054,35.1768217],[129.081163,35.1768375],[129.0811515,35.1768388],[129.0811404,35.1768402],[129.0809956,35.1768561],[129.080921,35.1768643],[129.0808346,35.1768739],[129.0807957,35.1769157],[129.0808035,35.1769624],[129.0808155,35.1770337],[129.0808287,35.177112],[129.0808312,35.1771281],[129.0808478,35.1772276],[129.0808604,35.1773045],[129.0808841,35.1774316],[129.0808971,35.1775065],[129.080899,35.1775189],[129.0809189,35.1776313]]]},"properties":{"name":"연산13 재개발사업 정비구역","type":"재개발","admCode":"26470","mnum":"62600002647020250220UDT1000001001"}},{"type":"Feature","geometry":{"type":"Polygon","coordinates":[[[129.0842859,35.1812068],[129.0843561,35.1812101],[129.0843767,35.1812621],[129.0844288,35.181298],[129.0844358,35.1813131],[129.0843707,35.1814839],[129.0843666,35.1814856],[129.0843337,35.1815825],[129.0843113,35.1816483],[129.0843108,35.1816476],[129.0842862,35.1817125],[129.0842755,35.1817398],[129.0842375,35.1818383],[129.084173,35.1820101],[129.0841731,35.1820106],[129.0841629,35.1820367],[129.0840502,35.182103],[129.0840233,35.182119],[129.0839353,35.1821705],[129.0839097,35.1821826],[129.0837951,35.1822371],[129.0836658,35.1822982],[129.0836334,35.1823124],[129.0836224,35.1823177],[129.0835955,35.1822769],[129.0835901,35.1822898],[129.0835681,35.1823434],[129.0835156,35.1824713],[129.0834743,35.1825786],[129.0834513,35.1826344],[129.0834605,35.1826366],[129.0836243,35.1826745],[129.0836672,35.1826836],[129.0836771,35.1826856],[129.0838239,35.1827166],[129.0839899,35.1827492],[129.0840029,35.1827522],[129.0840239,35.1827569],[129.0840626,35.1827656],[129.0841338,35.1827817],[129.0841907,35.1827946],[129.0842799,35.1828149],[129.0843048,35.1828206],[129.0843485,35.1828305],[129.0843922,35.1828404],[129.0844343,35.18285],[129.0844582,35.1828554],[129.084526,35.1828708],[129.0846804,35.1828918],[129.0847007,35.1828915],[129.0847443,35.182891],[129.0848387,35.1828898],[129.0849282,35.1828887],[129.08502,35.1829203],[129.0850398,35.1829195],[129.0850579,35.1829191],[129.0851823,35.1829146],[129.0852721,35.1829112],[129.0854191,35.1829059],[129.0854538,35.1829045],[129.0856049,35.1828989],[129.0857196,35.1828945],[129.0857787,35.1828925],[129.0858164,35.1829269],[129.0858268,35.1828911],[129.0858596,35.1827452],[129.085881,35.1826532],[129.0859045,35.1825535],[129.0859292,35.1824484],[129.0859314,35.1824389],[129.0859331,35.182431],[129.0859578,35.1823262],[129.0859814,35.1822128],[129.0859829,35.1822058],[129.085985,35.1821958],[129.0859912,35.1821691],[129.0860114,35.1820826],[129.0860486,35.1819229],[129.086052,35.1819083],[129.0860755,35.1818082],[129.0860978,35.1817111],[129.0861017,35.1816944],[129.0861382,35.1815372],[129.0861486,35.1814915],[129.0861774,35.1813647],[129.0861819,35.1813446],[129.0861999,35.1812662],[129.08622,35.181179],[129.0862231,35.1811659],[129.0862457,35.1810678],[129.0862473,35.1810601],[129.0862494,35.1810511],[129.0862703,35.1809603],[129.0862916,35.1808687],[129.0862936,35.1808602],[129.0862952,35.1808528],[129.0863147,35.1807684],[129.0863164,35.1807606],[129.0863205,35.1807396],[129.0863211,35.1807368],[129.086323,35.1807325],[129.0863568,35.1805846],[129.0863777,35.1804951],[129.086379,35.1804889],[129.0863806,35.1804814],[129.086396,35.1804151],[129.086414,35.180334],[129.0864414,35.1802143],[129.086446,35.1801955],[129.0864675,35.180102],[129.0864928,35.1799916],[129.0865144,35.1798967],[129.0864831,35.179867],[129.0863986,35.1798673],[129.0862697,35.1798671],[129.0861548,35.1798674],[129.0861364,35.1798671],[129.0859992,35.1798673],[129.0858702,35.1798671],[129.0857446,35.179867],[129.0857164,35.1798669],[129.0856164,35.1798668],[129.0854342,35.1798659],[129.085377,35.1798656],[129.0852717,35.1798651],[129.0852343,35.1798649],[129.0851082,35.1798643],[129.085,35.1798501],[129.0850235,35.1798928],[129.0849892,35.1799687],[129.0849386,35.1800807],[129.084935,35.1800886],[129.0849322,35.1800954],[129.0848931,35.1801814],[129.0848495,35.1802773],[129.0848201,35.180342],[129.0848087,35.1803672],[129.0847683,35.1804566],[129.0846887,35.1806343],[129.0845173,35.1810179],[129.0844623,35.1810389],[129.0842817,35.1809905],[129.0842158,35.1809729],[129.0841416,35.180953],[129.0841208,35.1810041],[129.0840527,35.1811698],[129.0840753,35.1811758],[129.0842859,35.1812068]]]},"properties":{"name":"연산11 재개발사업 정비구역","type":"재개발","admCode":"26470","mnum":"62600002647020250221UDT1000001001"}},{"type":"Feature","geometry":{"type":"Polygon","coordinates":[[[129.0864692,35.1756369],[129.0864511,35.1756302],[129.0864371,35.1756252],[129.0864216,35.1756599],[129.0863468,35.1758412],[129.086416,35.1758607],[129.0864246,35.1758413],[129.0865201,35.1758667],[129.0865253,35.1758681],[129.0867141,35.1759184],[129.0867086,35.1759316],[129.0866766,35.1760102],[129.0866293,35.1761262],[129.0866224,35.176143],[129.0866157,35.1761591],[129.0865957,35.1762071],[129.0865552,35.176305],[129.0865243,35.1763805],[129.0864894,35.1764651],[129.0864377,35.1765889],[129.0864105,35.1766603],[129.08637,35.1767591],[129.0863693,35.1767608],[129.0863289,35.1768564],[129.0863238,35.176869],[129.0862811,35.1769713],[129.086264,35.1770115],[129.0862144,35.177134],[129.0861817,35.1772144],[129.0861737,35.1772332],[129.0861293,35.1773426],[129.0860741,35.1774774],[129.0860495,35.177538],[129.0859998,35.1776577],[129.0859804,35.1777069],[129.0859515,35.1777783],[129.0859043,35.1778944],[129.0858978,35.1779102],[129.085865,35.1779907],[129.0858203,35.1781013],[129.0857697,35.178219],[129.0857287,35.1783154],[129.0857173,35.1783431],[129.0857149,35.1783489],[129.0856743,35.1784444],[129.0856441,35.1785157],[129.0856379,35.1785287],[129.0856026,35.1786113],[129.0855754,35.1786747],[129.0855799,35.1787732],[129.085433,35.1787539],[129.0852486,35.1787021],[129.0852475,35.1787018],[129.0853058,35.1785584],[129.085321,35.1785222],[129.0853298,35.1785009],[129.0853339,35.1784903],[129.0853684,35.1784078],[129.0853747,35.1783911],[129.0854072,35.1783133],[129.0854619,35.1781819],[129.0854961,35.178098],[129.0854977,35.1780953],[129.085523,35.1780332],[129.0857492,35.178096],[129.0857748,35.1780338],[129.0858291,35.1779039],[129.0858602,35.1778284],[129.0858633,35.1778204],[129.0858664,35.1778131],[129.0858987,35.1777343],[129.0859328,35.1776514],[129.0859055,35.1776035],[129.0857237,35.1775538],[129.0856524,35.1775336],[129.0855971,35.1776421],[129.0855596,35.177716],[129.0855123,35.1778089],[129.085465,35.1779019],[129.0854236,35.1779837],[129.0853817,35.1780657],[129.085272,35.1782803],[129.08525,35.178323],[129.0852495,35.178324],[129.085249,35.178325],[129.0851864,35.1784473],[129.0851526,35.1785142],[129.0851153,35.1785873],[129.0850881,35.1786565],[129.0850614,35.1787213],[129.0850346,35.1787865],[129.0849875,35.1789009],[129.0849457,35.1790028],[129.0848578,35.1792165],[129.0847303,35.1795264],[129.0847018,35.1795957],[129.0846597,35.1796981],[129.0847293,35.1797175],[129.0848155,35.1797417],[129.0848381,35.1797477],[129.0849288,35.1797732],[129.0849896,35.1797901],[129.0851541,35.1798098],[129.0852743,35.1798098],[129.0854172,35.1798099],[129.0855556,35.17981],[129.085563,35.17981],[129.0855705,35.1798103],[129.085682,35.1798099],[129.0857881,35.1798083],[129.0857979,35.1798087],[129.0858962,35.1798088],[129.0860554,35.1798096],[129.0860785,35.1798097],[129.0862403,35.1798107],[129.0862739,35.1798104],[129.086438,35.1798116],[129.0864877,35.1798119],[129.0866902,35.1798114],[129.0868555,35.1798118],[129.0870449,35.1798123],[129.0871866,35.1798125],[129.0871982,35.1798126],[129.0872085,35.1798122],[129.0873562,35.1798129],[129.0874408,35.1798128],[129.0874509,35.1798128],[129.0874611,35.1798129],[129.0875459,35.1798125],[129.0876693,35.1798122],[129.0876791,35.1798123],[129.0876868,35.1798123],[129.0878129,35.1798129],[129.0879292,35.1798131],[129.0879372,35.1798132],[129.0879558,35.1798134],[129.088072,35.1798138],[129.0881864,35.179814],[129.0882294,35.1798137],[129.0882914,35.1797845],[129.0882915,35.1797845],[129.0883452,35.1796988],[129.0884212,35.1795774],[129.0884318,35.1795612],[129.0884427,35.1795441],[129.0884606,35.1795154],[129.0885134,35.1794316],[129.0885254,35.1794123],[129.0885608,35.179356],[129.0886351,35.179238],[129.0886812,35.1791659],[129.0886925,35.1791477],[129.0887547,35.1790499],[129.0888234,35.1789422],[129.0888411,35.1789143],[129.0888889,35.1788387],[129.0889754,35.1787013],[129.0890435,35.1785935],[129.0890629,35.1785648],[129.089065,35.1785615],[129.0891008,35.1785046],[129.0891276,35.1784504],[129.0891388,35.1784285],[129.0891701,35.1783556],[129.0891826,35.1783269],[129.0891999,35.1782787],[129.0892078,35.1782503],[129.0892164,35.1782034],[129.0892211,35.1781764],[129.0892249,35.1781518],[129.0892271,35.1781279],[129.089228,35.1781198],[129.0892293,35.1781037],[129.0892305,35.1780923],[129.0892347,35.1780741],[129.0892385,35.1780473],[129.0892443,35.1780144],[129.0892481,35.1779932],[129.0892545,35.177919],[129.0892564,35.1778075],[129.0892563,35.177705],[129.089252,35.1776254],[129.0892484,35.1775805],[129.0892306,35.1775263],[129.0891881,35.1773683],[129.0891841,35.1772686],[129.0891902,35.1772116],[129.0892431,35.1771101],[129.0892873,35.177018],[129.0892163,35.1770182],[129.0890645,35.1770187],[129.089046,35.1768912],[129.0890348,35.1768148],[129.0890248,35.1767458],[129.0890155,35.1766817],[129.0890042,35.176604],[129.0889801,35.1763947],[129.0889738,35.1763922],[129.088958,35.1763859],[129.0888631,35.1763484],[129.0888158,35.176334],[129.0887862,35.176325],[129.0886313,35.1762778],[129.088363,35.1761929],[129.0882944,35.1761698],[129.0882292,35.1761704],[129.0881418,35.1761713],[129.0880086,35.1761725],[129.0879274,35.1761536],[129.0877548,35.1761137],[129.0877495,35.1761125],[129.0876587,35.1760911],[129.0876494,35.1760838],[129.0876171,35.1760586],[129.0874791,35.1759509],[129.0873514,35.1759112],[129.087259,35.1758827],[129.0872364,35.1758757],[129.0871923,35.1758621],[129.0871607,35.1758524],[129.0871385,35.1758455],[129.0871167,35.1758386],[129.0870717,35.1758246],[129.0870517,35.1758184],[129.0870473,35.175817],[129.0870073,35.1758045],[129.0869494,35.1757862],[129.0869103,35.1757739],[129.0868144,35.175744],[129.0867886,35.175736],[129.0867325,35.1757185],[129.0866706,35.1756992],[129.0865834,35.1756719],[129.086512,35.17565],[129.0864692,35.1756369]]]},"properties":{"name":"","type":"기타","admCode":"26470","mnum":"62600002647020250212UDT1000001001"}},{"type":"Feature","geometry":{"type":"MultiPolygon","coordinates":[[[[129.0674162,35.1840896],[129.0674061,35.1840881],[129.0674054,35.184088],[129.0673186,35.1840753],[129.0673009,35.1840726],[129.0672163,35.18406],[129.0671229,35.1840461],[129.0670466,35.184034],[129.0670463,35.1840364],[129.0670379,35.184083],[129.0668927,35.1841109],[129.0667616,35.1840512],[129.0668048,35.1841293],[129.0668562,35.184211],[129.0669236,35.1843225],[129.0669387,35.1843475],[129.0670421,35.1845156],[129.0671493,35.1847064],[129.0671958,35.1848207],[129.0672067,35.1849266],[129.0671703,35.1849368],[129.0671035,35.1849585],[129.0671032,35.1849696],[129.0670822,35.1849698],[129.0670753,35.1849698],[129.0670183,35.1849702],[129.0669104,35.184948],[129.0667721,35.1849189],[129.0667127,35.1849674],[129.0666015,35.1850582],[129.0665732,35.1850813],[129.0665212,35.1851252],[129.066509,35.1851352],[129.0664142,35.1852131],[129.0663093,35.1852993],[129.0662656,35.1853352],[129.066068,35.1854955],[129.0660474,35.1854784],[129.06604,35.1854837],[129.065935,35.1855655],[129.0659243,35.1855741],[129.065782,35.1856245],[129.0656185,35.1856822],[129.0656045,35.1856872],[129.0655867,35.1856928],[129.0655524,35.1856519],[129.0655372,35.1856549],[129.0653951,35.1857324],[129.0652885,35.1857961],[129.065231,35.18583],[129.0651363,35.1858366],[129.0648256,35.1858769],[129.0646645,35.1859124],[129.0644206,35.1859861],[129.0642901,35.1860698],[129.0640376,35.1862318],[129.0642725,35.1866207],[129.0644686,35.1868119],[129.0644858,35.1870389],[129.0645662,35.1870899],[129.0645946,35.187108],[129.0645826,35.1871858],[129.0645703,35.187255],[129.0645642,35.187289],[129.0645474,35.1873809],[129.0645239,35.1875137],[129.0645344,35.1875257],[129.0644314,35.1875545],[129.0644088,35.1876143],[129.0642239,35.1876739],[129.0642856,35.1877474],[129.0642432,35.1877646],[129.0641737,35.1877927],[129.064128,35.1878228],[129.0639954,35.187909],[129.0639111,35.1879379],[129.0637656,35.1879879],[129.0637037,35.1879966],[129.0636479,35.1880039],[129.0635473,35.1880192],[129.0633555,35.1880456],[129.0633595,35.1880641],[129.0633758,35.1881393],[129.0634018,35.1881338],[129.0634285,35.1881489],[129.0634618,35.1881676],[129.0634361,35.1881889],[129.0634323,35.188192],[129.0634252,35.1881985],[129.0634333,35.1882034],[129.0634659,35.188223],[129.0634271,35.1882361],[129.0634087,35.1882424],[129.0634006,35.1882627],[129.0633992,35.1882678],[129.0634297,35.1882914],[129.0634706,35.1883184],[129.0634713,35.1883204],[129.0635564,35.1883688],[129.0636139,35.1883849],[129.0637403,35.1884201],[129.0637986,35.1884394],[129.0637957,35.1884764],[129.0637795,35.1885163],[129.0637642,35.1885545],[129.0637549,35.1885768],[129.0637485,35.188594],[129.06379,35.1886592],[129.0637721,35.1887319],[129.0638387,35.188728],[129.0639091,35.1887247],[129.0639033,35.1887518],[129.063897,35.1887664],[129.0638817,35.1887848],[129.0638212,35.1888223],[129.063794,35.1888534],[129.0637805,35.1888513],[129.063728,35.1888392],[129.0636553,35.1888356],[129.0636368,35.1889059],[129.0635883,35.1888995],[129.063593,35.1889209],[129.0635976,35.1889386],[129.0636001,35.1889467],[129.0636014,35.1890102],[129.0636016,35.1890176],[129.0634843,35.1890389],[129.0634204,35.1890514],[129.0634298,35.1890801],[129.0634513,35.189153],[129.0633736,35.1891666],[129.0632479,35.1891853],[129.063192,35.1891934],[129.0631476,35.1891972],[129.063103,35.1892011],[129.0629796,35.189177],[129.0628738,35.1891746],[129.0628547,35.1891753],[129.0628313,35.189179],[129.0627975,35.1891845],[129.0627564,35.1891903],[129.0627473,35.1892044],[129.0627372,35.1892204],[129.0626863,35.1892999],[129.0627246,35.1893182],[129.062807,35.1893575],[129.0628295,35.1893683],[129.0629583,35.1894328],[129.0630742,35.1894875],[129.0631787,35.1895369],[129.0632822,35.1895872],[129.0633166,35.1895938],[129.0634163,35.1896512],[129.0634971,35.1896883],[129.0635187,35.189699],[129.0636047,35.1897386],[129.0636265,35.1897482],[129.0637569,35.1898102],[129.0637924,35.1898262],[129.0639174,35.1898825],[129.0639202,35.1898832],[129.0639382,35.1898882],[129.0639422,35.1898937],[129.0640312,35.1899349],[129.0640623,35.1899486],[129.0641876,35.1900068],[129.0642879,35.1900525],[129.0643114,35.1900631],[129.0643578,35.1900707],[129.0644822,35.1900915],[129.0645682,35.190106],[129.0647128,35.1901297],[129.0647465,35.190136],[129.0647553,35.1901373],[129.064825,35.19015],[129.0648916,35.1901601],[129.0649172,35.1901648],[129.0649723,35.1901677],[129.065033,35.1901664],[129.0650696,35.1901722],[129.0651186,35.1901737],[129.0651382,35.1901749],[129.0652535,35.190182],[129.0653511,35.1901874],[129.0654435,35.1901918],[129.0655897,35.190199],[129.0656634,35.1902028],[129.0656869,35.190204],[129.0657087,35.190205],[129.0657501,35.1902076],[129.0657564,35.190208],[129.0657826,35.1902101],[129.0658622,35.1902141],[129.0658795,35.1902147],[129.0658926,35.190219],[129.0659265,35.1902252],[129.066039,35.1902483],[129.0661139,35.1902641],[129.0661458,35.19027],[129.0661643,35.1902734],[129.0661899,35.1902778],[129.0662075,35.1902807],[129.0662157,35.1902824],[129.0662343,35.1902862],[129.0663646,35.1903136],[129.0663902,35.190319],[129.0664103,35.1903229],[129.066501,35.1903407],[129.066637,35.1903729],[129.0667561,35.1903969],[129.0668307,35.1904121],[129.0668872,35.190424],[129.0669166,35.1904287],[129.0670146,35.190449],[129.0670587,35.1904563],[129.0671027,35.1904574],[129.0671375,35.1904528],[129.0671716,35.1904475],[129.0671937,35.1904432],[129.0672084,35.1904405],[129.0672454,35.1904281],[129.0672745,35.1904162],[129.0673041,35.1903966],[129.0673345,35.190375],[129.0673663,35.1903452],[129.0673917,35.190317],[129.0674112,35.1902803],[129.0674251,35.1902473],[129.0674311,35.1902232],[129.0674545,35.1901952],[129.0674811,35.190182],[129.0675223,35.1901782],[129.0675559,35.1901751],[129.0675605,35.1901624],[129.0675912,35.1900584],[129.0676256,35.1899502],[129.0676315,35.1899276],[129.0676388,35.1898998],[129.0676722,35.1897917],[129.0677333,35.1895941],[129.0677381,35.1895785],[129.0678023,35.1893706],[129.0678439,35.1892366],[129.0678525,35.1892117],[129.0678964,35.1890686],[129.067921,35.1889922],[129.0679481,35.1889049],[129.0679601,35.1888685],[129.0679636,35.1888571],[129.0679747,35.1888199],[129.0679851,35.1887907],[129.0680264,35.1886679],[129.0681062,35.1884007],[129.0683126,35.188173],[129.068347,35.1881368],[129.0682312,35.188098],[129.0680822,35.188045],[129.0680384,35.1880309],[129.0679122,35.1879928],[129.0677965,35.187963],[129.0676696,35.1879259],[129.0676271,35.1879137],[129.0675767,35.1878983],[129.0675008,35.1878703],[129.0673804,35.1878313],[129.0672714,35.1877963],[129.0672858,35.1877798],[129.0673202,35.1877404],[129.0673358,35.1877225],[129.067387,35.1876638],[129.0674437,35.1875986],[129.0674525,35.1875887],[129.0675088,35.1875251],[129.0675219,35.1875105],[129.0675965,35.1874271],[129.0676232,35.1873972],[129.067657,35.1873594],[129.0676986,35.1873115],[129.0677723,35.1872277],[129.0678471,35.1871411],[129.0679203,35.1870587],[129.0679941,35.1869777],[129.0680685,35.1868968],[129.0681352,35.1868243],[129.0681857,35.1867691],[129.0681971,35.1867566],[129.068243,35.1867544],[129.0683082,35.1867525],[129.0683082,35.1867212],[129.0683083,35.1866444],[129.068308,35.1866049],[129.0683294,35.1865087],[129.0683278,35.1864929],[129.0683417,35.1864221],[129.0683467,35.1863957],[129.0683832,35.1863079],[129.0684208,35.1862317],[129.0684276,35.1862163],[129.0684312,35.1862044],[129.0684544,35.1861485],[129.0684713,35.18611],[129.0685981,35.1859779],[129.0686577,35.1859006],[129.068752,35.1858081],[129.0688346,35.1857293],[129.0688458,35.1857177],[129.0689235,35.1856405],[129.0690118,35.1855526],[129.0690572,35.1855149],[129.069074,35.1855009],[129.069132,35.1854526],[129.0691596,35.1852828],[129.069162,35.1852567],[129.0691628,35.1852474],[129.0691645,35.1852202],[129.069166,35.1851942],[129.0691726,35.1850849],[129.0691735,35.1850707],[129.0691763,35.1850319],[129.0691778,35.185011],[129.069185,35.1849105],[129.069188,35.1848688],[129.069193,35.1847988],[129.0692008,35.1846966],[129.0692013,35.1846895],[129.0692045,35.1846493],[129.0692085,35.1846],[129.069215,35.1844835],[129.0692257,35.1843818],[129.0692026,35.1843829],[129.0691478,35.1843853],[129.069133,35.1843718],[129.0690867,35.1843299],[129.0689965,35.184326],[129.0688391,35.1843186],[129.0688261,35.1843184],[129.0687846,35.1843169],[129.06865,35.1843107],[129.0686136,35.1843098],[129.0684706,35.1843014],[129.0684699,35.1843014],[129.0684463,35.1843001],[129.0684455,35.1843],[129.0683313,35.1842948],[129.0682778,35.184292],[129.0682675,35.1842915],[129.0682657,35.1842914],[129.0681844,35.1842869],[129.0681283,35.1842887],[129.0681172,35.184289],[129.0681226,35.1841759],[129.0681232,35.1841639],[129.0681337,35.1839831],[129.0681433,35.1838182],[129.0681459,35.1837794],[129.0681734,35.1837818],[129.0683104,35.1837846],[129.0684575,35.1837867],[129.0684811,35.1837722],[129.0684827,35.1837282],[129.0684827,35.1837039],[129.0684856,35.1836187],[129.0684902,35.1834285],[129.0684949,35.1834131],[129.0684964,35.1834093],[129.0685574,35.1833914],[129.0687082,35.1834003],[129.0688634,35.1834114],[129.0688797,35.1832397],[129.0688836,35.1831867],[129.068888,35.1831078],[129.0688904,35.1830653],[129.069055,35.1830729],[129.0690988,35.183075],[129.0694623,35.1830919],[129.0694387,35.1830474],[129.0694115,35.182995],[129.0693432,35.1828657],[129.069334,35.1828483],[129.0693022,35.1827898],[129.0692326,35.1827462],[129.0692028,35.1827269],[129.0691271,35.1826563],[129.0690604,35.1826448],[129.068992,35.1826331],[129.068922,35.182622],[129.0689114,35.1826204],[129.068812,35.1826047],[129.0687505,35.1825951],[129.0686429,35.182578],[129.0685744,35.182567],[129.0685301,35.18256],[129.0684648,35.1825502],[129.0683462,35.1825324],[129.0683436,35.1825331],[129.0683424,35.1825318],[129.0681872,35.1825085],[129.0680829,35.1824919],[129.06802,35.182482],[129.0679703,35.1824741],[129.0679651,35.1824853],[129.0679528,35.1825099],[129.0680362,35.182546],[129.0680583,35.1825428],[129.0680536,35.1825575],[129.0680321,35.1826125],[129.0680505,35.1826173],[129.0680268,35.1826859],[129.0680021,35.1827567],[129.0679948,35.1827551],[129.0679868,35.1827534],[129.0679357,35.182902],[129.0679097,35.1829664],[129.0678825,35.1830356],[129.0678557,35.1831062],[129.0678307,35.1831716],[129.0678103,35.1832147],[129.067791,35.1832572],[129.067769,35.1833055],[129.0677465,35.1833551],[129.0677222,35.1834187],[129.0677411,35.1834306],[129.0677577,35.1834594],[129.0677696,35.183468],[129.0677257,35.1835192],[129.0677119,35.1835298],[129.0677091,35.1835303],[129.0677024,35.1835401],[129.0676882,35.1835337],[129.0676032,35.1835477],[129.067597,35.1835568],[129.0675524,35.1836222],[129.0675674,35.1836289],[129.0675648,35.1836389],[129.0675543,35.1836818],[129.0675501,35.1836867],[129.0675073,35.1837183],[129.0675105,35.1837336],[129.0675252,35.1837718],[129.0675625,35.1839472],[129.0675667,35.1839699],[129.067568,35.183977],[129.0676033,35.184017],[129.0676901,35.1840116],[129.0676801,35.1840259],[129.0676542,35.184067],[129.0676487,35.1840945],[129.0676441,35.1841164],[129.0676158,35.1841147],[129.0675652,35.1841105],[129.0675116,35.1841039],[129.0674162,35.1840896]]],[[[129.0677092,35.1825892],[129.067747,35.1824349],[129.0676854,35.1824249],[129.0676602,35.1824208],[129.0674796,35.1823915],[129.0674299,35.1823838],[129.0673735,35.182375],[129.0673425,35.1823702],[129.0672678,35.1823585],[129.0671927,35.1823469],[129.0671766,35.1823444],[129.0671213,35.1823358],[129.0671154,35.1823348],[129.0670868,35.1823302],[129.0669951,35.1823153],[129.0669879,35.1823438],[129.0669835,35.1823433],[129.0669733,35.1823739],[129.066977,35.1823798],[129.0669699,35.1823836],[129.0669956,35.1824059],[129.0669835,35.182425],[129.0669637,35.1824651],[129.0669617,35.1824693],[129.0669551,35.1824739],[129.0669499,35.182472],[129.0669476,35.1824778],[129.0669917,35.182533],[129.0669906,35.1825753],[129.0670056,35.1826122],[129.0673622,35.1826155],[129.0673782,35.182579],[129.0674189,35.1825855],[129.0674232,35.1825742],[129.0674682,35.1825825],[129.0675254,35.182593],[129.067581,35.1826032],[129.0677092,35.1825892]]]]},"properties":{"name":"거제2 재개발사업 정비구역","type":"재개발","admCode":"26470","mnum":"33700002647020250040UDT1000001001"}},{"type":"Feature","geometry":{"type":"Polygon","coordinates":[[[129.0933628,35.1717437],[129.0933924,35.1717723],[129.0934795,35.1718474],[129.0935026,35.17187],[129.0935463,35.171913],[129.0936299,35.1719924],[129.0936427,35.1720046],[129.0936714,35.1719879],[129.093765,35.1719343],[129.0937958,35.1719691],[129.0938318,35.17201],[129.093878,35.1720623],[129.0939153,35.1721045],[129.0939383,35.1721303],[129.0939414,35.1721338],[129.0939691,35.1721648],[129.0940108,35.1722116],[129.0940576,35.1722637],[129.0941001,35.1723112],[129.0941408,35.1723563],[129.0942042,35.1724264],[129.0942609,35.1724875],[129.094289,35.1725177],[129.0942935,35.1725457],[129.0943047,35.1726161],[129.0943183,35.1727009],[129.0943267,35.1727535],[129.0943339,35.1727979],[129.0943413,35.1728443],[129.0943478,35.1728852],[129.0943561,35.1729366],[129.0943685,35.1730142],[129.0943507,35.1730182],[129.094361,35.1730648],[129.0943739,35.1731231],[129.0943797,35.1731495],[129.0943826,35.1731621],[129.0943742,35.173183],[129.0943648,35.1732098],[129.0943781,35.1732354],[129.0944397,35.1733542],[129.0944629,35.1734028],[129.0944722,35.1734621],[129.0946021,35.1734466],[129.094706,35.1734342],[129.0948017,35.1734228],[129.0948893,35.1734123],[129.0950432,35.1733939],[129.0951471,35.173382],[129.0952246,35.1733731],[129.0953723,35.1733561],[129.0954165,35.1733511],[129.0954405,35.1733483],[129.0954424,35.1733513],[129.0954452,35.1733487],[129.0955241,35.173341],[129.0956728,35.1733267],[129.095729,35.1733204],[129.0957926,35.1733133],[129.0958658,35.1733051],[129.0959069,35.1733005],[129.0960002,35.1732901],[129.09611,35.1732779],[129.0963428,35.1732519],[129.0964814,35.1732364],[129.0965293,35.1732311],[129.0966606,35.1732164],[129.09667,35.1732186],[129.0967926,35.1732054],[129.096878,35.1731955],[129.0969426,35.1731853],[129.0969575,35.1731831],[129.0969569,35.1731801],[129.0970103,35.1731747],[129.0970141,35.1731743],[129.0970109,35.1731474],[129.0969958,35.173021],[129.0969948,35.1728292],[129.0970623,35.1722408],[129.0971321,35.1716299],[129.096683,35.1715974],[129.0966786,35.1715681],[129.0966222,35.1715794],[129.0966125,35.1715591],[129.0965638,35.1715556],[129.0965682,35.1714889],[129.0965693,35.1714458],[129.0965901,35.1714099],[129.0965875,35.1713486],[129.0965817,35.1712292],[129.0965683,35.1711868],[129.0965705,35.1711654],[129.0965728,35.1711423],[129.0965596,35.1711067],[129.0965509,35.1710341],[129.0965392,35.1709418],[129.0965366,35.1709221],[129.0965349,35.1709042],[129.0965271,35.1708271],[129.0965311,35.1708139],[129.096546,35.1707648],[129.096542,35.1707063],[129.0965361,35.1706395],[129.0965185,35.1705967],[129.0964781,35.1705299],[129.0964436,35.1704762],[129.0963991,35.1703934],[129.0964292,35.1703626],[129.096385,35.1703589],[129.0963334,35.1703546],[129.0962769,35.1703337],[129.0961624,35.1703198],[129.0960744,35.1703102],[129.0959349,35.1702941],[129.095813,35.1702803],[129.0957943,35.1702782],[129.0957385,35.1702742],[129.0957027,35.1702748],[129.0956732,35.1702754],[129.0956248,35.1702786],[129.0955944,35.1702815],[129.0955582,35.1702848],[129.0955215,35.1702913],[129.095489,35.1702981],[129.0954581,35.1703067],[129.095426,35.1703167],[129.0953986,35.1703264],[129.0953724,35.1703361],[129.095367,35.170339],[129.0953276,35.1703598],[129.0953276,35.1703598],[129.0953275,35.1703598],[129.0953153,35.1703659],[129.0952858,35.1703803],[129.0952794,35.1703834],[129.0952577,35.1703953],[129.0952384,35.1704058],[129.0951973,35.1704332],[129.09517,35.1704541],[129.0951349,35.1704813],[129.0951061,35.1705086],[129.095096,35.1705182],[129.0950747,35.1705385],[129.0950679,35.170545],[129.0950587,35.1705537],[129.0950373,35.1705753],[129.0950328,35.1705804],[129.0950175,35.1705978],[129.095,35.1706207],[129.0949802,35.170651],[129.094825,35.1709006],[129.0948079,35.1709281],[129.0947576,35.1710087],[129.094754,35.1710146],[129.0947524,35.171017],[129.0947509,35.1710194],[129.0947494,35.1710218],[129.0947479,35.1710242],[129.0947463,35.1710266],[129.0947447,35.1710289],[129.0947432,35.1710313],[129.0947416,35.1710337],[129.09474,35.171036],[129.0947383,35.1710384],[129.0947367,35.1710407],[129.0947351,35.1710431],[129.0947334,35.1710454],[129.0947317,35.1710478],[129.09473,35.1710501],[129.0947283,35.1710524],[129.0947266,35.1710547],[129.0947249,35.171057],[129.0947232,35.1710593],[129.0947215,35.1710615],[129.0947214,35.1710616],[129.0947197,35.1710639],[129.0947179,35.1710662],[129.0947161,35.1710684],[129.0947143,35.1710707],[129.0947125,35.171073],[129.0947107,35.1710752],[129.0947089,35.1710775],[129.094707,35.1710797],[129.0947052,35.1710819],[129.0947033,35.1710842],[129.0947014,35.1710864],[129.0946995,35.1710886],[129.0946976,35.1710908],[129.0946957,35.171093],[129.0946938,35.1710952],[129.0946918,35.1710974],[129.0946898,35.1710995],[129.0946879,35.1711017],[129.0946859,35.1711039],[129.0946839,35.171106],[129.0946819,35.1711082],[129.0946799,35.1711103],[129.0946779,35.1711124],[129.0946758,35.1711146],[129.0946738,35.1711167],[129.0946717,35.1711188],[129.0946706,35.1711199],[129.0946697,35.1711209],[129.0946676,35.171123],[129.0946655,35.1711251],[129.0946634,35.1711272],[129.0946613,35.1711292],[129.0946595,35.1711309],[129.0946591,35.1711313],[129.094657,35.1711334],[129.0946548,35.1711354],[129.0946527,35.1711374],[129.0946505,35.1711395],[129.0946483,35.1711415],[129.0946461,35.1711435],[129.0946439,35.1711455],[129.0946417,35.1711475],[129.0946395,35.1711495],[129.0946372,35.1711515],[129.094635,35.1711535],[129.094633,35.1711549],[129.0946305,35.1711574],[129.0946282,35.1711594],[129.0946259,35.1711613],[129.0946236,35.1711632],[129.0946213,35.1711652],[129.094619,35.1711671],[129.0946166,35.171169],[129.0946143,35.1711709],[129.0946119,35.1711728],[129.0946096,35.1711746],[129.0946072,35.1711765],[129.0946048,35.1711784],[129.0946024,35.1711802],[129.0946,35.1711821],[129.0945976,35.1711839],[129.0945952,35.1711858],[129.0945927,35.1711876],[129.0945903,35.1711894],[129.0945878,35.1711912],[129.0945829,35.1711948],[129.0945804,35.1711965],[129.0945779,35.1711983],[129.0945754,35.1712001],[129.0945729,35.1712018],[129.0945704,35.1712036],[129.0945678,35.1712053],[129.0945653,35.171207],[129.0945628,35.1712087],[129.0945612,35.1712097],[129.0945602,35.1712104],[129.0945576,35.1712121],[129.0945564,35.1712129],[129.0945547,35.171214],[129.0945529,35.1712152],[129.0945512,35.1712163],[129.0945495,35.1712174],[129.0945477,35.1712185],[129.094546,35.1712196],[129.0945442,35.1712207],[129.0945425,35.1712218],[129.0945407,35.1712228],[129.094539,35.1712239],[129.0945372,35.171225],[129.0945355,35.1712261],[129.0945337,35.1712271],[129.0945319,35.1712282],[129.0945301,35.1712293],[129.0945284,35.1712303],[129.0945266,35.1712314],[129.0945248,35.1712324],[129.094523,35.1712335],[129.0945212,35.1712345],[129.09452,35.1712352],[129.0945194,35.1712355],[129.0945176,35.1712366],[129.0945158,35.1712376],[129.094514,35.1712386],[129.0945122,35.1712396],[129.0945104,35.1712406],[129.0945085,35.1712416],[129.0945067,35.1712426],[129.0945049,35.1712436],[129.094503,35.1712446],[129.0945012,35.1712456],[129.0944994,35.1712466],[129.0944975,35.1712476],[129.0944957,35.1712486],[129.0944938,35.1712495],[129.094492,35.1712505],[129.0944901,35.1712515],[129.0944883,35.1712524],[129.0944864,35.1712534],[129.0944845,35.1712543],[129.0944827,35.1712553],[129.0944818,35.1712557],[129.0944808,35.1712562],[129.0944789,35.1712571],[129.094477,35.1712581],[129.0944751,35.171259],[129.094474,35.1712595],[129.0944712,35.1712609],[129.0944684,35.1712623],[129.0944655,35.1712636],[129.0944627,35.1712649],[129.0944598,35.1712663],[129.0944569,35.1712676],[129.094454,35.1712689],[129.0944511,35.1712702],[129.0944488,35.1712713],[129.0944483,35.1712715],[129.0944454,35.1712728],[129.0944424,35.1712741],[129.0944395,35.1712753],[129.0944366,35.1712766],[129.0944337,35.1712778],[129.0944307,35.171279],[129.0944278,35.1712802],[129.0944249,35.1712814],[129.0944219,35.1712826],[129.0944176,35.1712844],[129.0943568,35.1713084],[129.0942685,35.1713432],[129.0942303,35.1713583],[129.0941837,35.1713767],[129.0941397,35.1713941],[129.0940444,35.1714317],[129.0939737,35.1714596],[129.0938326,35.1715153],[129.0938299,35.1715175],[129.0938012,35.1715407],[129.0937224,35.1716042],[129.0936792,35.1716217],[129.093657,35.1716307],[129.0936311,35.1716412],[129.0935746,35.1716641],[129.0934748,35.1717045],[129.0934054,35.1717326],[129.0933628,35.1717437]]]},"properties":{"name":"정비구역","type":"기타","admCode":"26470","mnum":"62600002647020240014UDT1000001001"}},{"type":"Feature","geometry":{"type":"Polygon","coordinates":[[[129.1072486,35.1797069],[129.1072496,35.1797388],[129.1072515,35.1797977],[129.1072643,35.1801981],[129.1072656,35.1802438],[129.1072693,35.1803583],[129.1072702,35.1803853],[129.1072726,35.1804601],[129.1072739,35.1804997],[129.1072888,35.1804699],[129.1074443,35.180462],[129.1074443,35.1804636],[129.1074773,35.1804629],[129.1076217,35.1804598],[129.1076219,35.1804895],[129.1078339,35.1805185],[129.1078456,35.1805201],[129.1079279,35.1805314],[129.1079316,35.1805319],[129.1079317,35.1804942],[129.1079325,35.1804866],[129.1080759,35.1805035],[129.1080766,35.1805036],[129.1082278,35.1805276],[129.1082285,35.1805207],[129.108377,35.1805502],[129.1083769,35.1805637],[129.1085271,35.180573],[129.1085344,35.1805736],[129.108561,35.1805754],[129.1086942,35.180585],[129.1086968,35.1805855],[129.108702,35.1805864],[129.1087047,35.1805552],[129.1088454,35.1805972],[129.1088952,35.180612],[129.1090314,35.1806525],[129.1091721,35.1806945],[129.1092489,35.1807214],[129.1092483,35.1807312],[129.1093627,35.1807185],[129.1093684,35.1807179],[129.1094933,35.1807056],[129.1095943,35.1806974],[129.1096041,35.1806523],[129.1096557,35.1806315],[129.1097468,35.1806053],[129.1097478,35.180562],[129.1098367,35.1805322],[129.1099059,35.1804682],[129.1100117,35.1804508],[129.11012,35.1805152],[129.1102067,35.1805487],[129.1102199,35.1805769],[129.1102518,35.1806238],[129.110521,35.1807768],[129.1107935,35.1808108],[129.1108838,35.1808532],[129.1108982,35.1808261],[129.1109202,35.1807988],[129.1110392,35.1808341],[129.111178,35.1808367],[129.1112441,35.1808274],[129.1113532,35.1808482],[129.1114292,35.1809061],[129.1114776,35.1809912],[129.1114922,35.1810545],[129.1114417,35.1811144],[129.1113689,35.1811817],[129.1112114,35.1812335],[129.1111497,35.1812181],[129.1110436,35.1812036],[129.1109592,35.1811921],[129.1108402,35.1812422],[129.1107981,35.1812525],[129.1107434,35.1812659],[129.1106751,35.1813276],[129.1106528,35.1813292],[129.1105716,35.1813349],[129.1105475,35.1813604],[129.1104925,35.1814347],[129.1104813,35.1815197],[129.1104652,35.1816424],[129.1104455,35.1816759],[129.1104212,35.1816765],[129.1104224,35.1817454],[129.1104809,35.1819513],[129.1105084,35.1819828],[129.1105197,35.1822306],[129.1105803,35.1823973],[129.1110765,35.1823416],[129.1116794,35.1822768],[129.1116942,35.1822749],[129.112045,35.1822301],[129.1125546,35.1821718],[129.1125951,35.1821659],[129.1126342,35.1821613],[129.1131699,35.182095],[129.1136131,35.1820418],[129.1138904,35.1820085],[129.1140762,35.1818555],[129.1140181,35.1817384],[129.1140024,35.1817068],[129.1139645,35.1816304],[129.1139063,35.1815133],[129.1138596,35.1814192],[129.1138136,35.1813264],[129.1137684,35.1812354],[129.1137227,35.1811433],[129.1136767,35.1810507],[129.1136315,35.1809597],[129.1135841,35.1808642],[129.1135732,35.1808423],[129.1135393,35.1807739],[129.1134933,35.1806812],[129.1134623,35.1806188],[129.1134469,35.1805877],[129.1133599,35.1804127],[129.1133551,35.180403],[129.1132256,35.1801777],[129.1131187,35.1799763],[129.1130109,35.1797682],[129.1129166,35.1795858],[129.1128899,35.1795333],[129.1128705,35.1794972],[129.1128548,35.1794668],[129.1128611,35.179465],[129.1127976,35.1793463],[129.1127723,35.1792979],[129.1124709,35.1787302],[129.1122952,35.1783978],[129.1120548,35.1781928],[129.1118799,35.1779759],[129.1116876,35.1777739],[129.1116341,35.1777232],[129.1115549,35.1776619],[129.1115132,35.1776296],[129.1114582,35.1775887],[129.1113309,35.1775325],[129.1111259,35.1774825],[129.1109851,35.1774544],[129.1107531,35.1774181],[129.1105626,35.1774129],[129.1103996,35.1774144],[129.1102589,35.1774213],[129.1080232,35.1778449],[129.1077634,35.1778966],[129.107607,35.1779981],[129.1074786,35.1780578],[129.1073392,35.178054],[129.107329,35.1782272],[129.1073188,35.1784005],[129.1073119,35.1785179],[129.1073052,35.1786322],[129.1072993,35.1787331],[129.1072897,35.1788947],[129.1072804,35.1790534],[129.1072544,35.1794948],[129.1072486,35.1797069]]]},"properties":{"name":"연산5 재건축 정비구역","type":"재건축","admCode":"26470","mnum":"62600002647020210002UDT1000001001"}},{"type":"Feature","geometry":{"type":"Polygon","coordinates":[[[129.1072862,35.1897611],[129.1072863,35.1898513],[129.1072866,35.1899414],[129.1072868,35.190059],[129.107457,35.1900407],[129.1075881,35.1900267],[129.107621,35.1900231],[129.107747,35.1900097],[129.1078408,35.1899996],[129.1079936,35.1899818],[129.1080796,35.1899713],[129.1082081,35.1899555],[129.1082525,35.18995],[129.1083755,35.189935],[129.1084,35.189932],[129.1084994,35.1899021],[129.1085441,35.1898888],[129.1086264,35.1898641],[129.1086694,35.1898334],[129.1087685,35.1897627],[129.1087969,35.1897394],[129.1088428,35.1897017],[129.1090246,35.1895526],[129.1091402,35.1894576],[129.1092553,35.1893632],[129.1093668,35.1892717],[129.1094225,35.189226],[129.1094632,35.189191],[129.1095892,35.1890825],[129.1098523,35.188856],[129.109894,35.1888202],[129.1099464,35.1887751],[129.1098094,35.1887128],[129.1097133,35.1886692],[129.1096231,35.1886282],[129.1095726,35.1886265],[129.1095396,35.1886253],[129.109397,35.1886204],[129.1092545,35.1886156],[129.1092215,35.1886145],[129.1090789,35.1886095],[129.1089363,35.1886047],[129.1089033,35.1886036],[129.1087608,35.1885986],[129.1086182,35.1885937],[129.1085852,35.1885926],[129.1084426,35.1885877],[129.1083001,35.1885828],[129.1082671,35.1885817],[129.1081245,35.1885768],[129.1079903,35.1885722],[129.1079575,35.188598],[129.1079577,35.1886724],[129.1079578,35.1887535],[129.1079588,35.1891121],[129.1077449,35.1891047],[129.1076164,35.1891003],[129.1075835,35.1890991],[129.1074604,35.1890948],[129.1072847,35.1890887],[129.1072849,35.1892009],[129.1072852,35.1893],[129.1072854,35.1893992],[129.1072856,35.1894983],[129.1072862,35.1897611]]]},"properties":{"name":"정비구역","type":"기타","admCode":"26470","mnum":"62600002647020240015UDT1000001001"}},{"type":"Feature","geometry":{"type":"Polygon","coordinates":[[[129.1036657,35.1857171],[129.1036423,35.185639],[129.1037032,35.1855751],[129.1034688,35.1855899],[129.1033343,35.1855971],[129.1033953,35.1856177],[129.1034738,35.1856901],[129.1035297,35.1857934],[129.1034849,35.1858177],[129.103378,35.1858754],[129.1031029,35.1860241],[129.1027236,35.1862292],[129.1027079,35.1862377],[129.1026208,35.1862848],[129.1025337,35.186332],[129.1024792,35.1863614],[129.1023948,35.1864071],[129.1022784,35.18647],[129.1022509,35.1864849],[129.1021343,35.1865478],[129.1020051,35.1866177],[129.1018612,35.1866955],[129.1018532,35.1867322],[129.1019966,35.1868939],[129.1021388,35.1870541],[129.1022292,35.1871562],[129.102359,35.1873026],[129.1023839,35.1873306],[129.102493,35.1874538],[129.1026077,35.1875831],[129.1027563,35.1875883],[129.102874,35.1875923],[129.1029069,35.1875935],[129.1030298,35.1875978],[129.103154,35.1876021],[129.1031624,35.1874386],[129.1031635,35.1874186],[129.103168,35.1873308],[129.103135,35.1873297],[129.1031407,35.1872426],[129.1031472,35.1871408],[129.103151,35.187069],[129.103207,35.187071],[129.1033528,35.1870761],[129.1035791,35.1870837],[129.1041237,35.1871026],[129.1042528,35.1871071],[129.1043819,35.1871116],[129.1045139,35.1871162],[129.1045469,35.1871173],[129.1046675,35.1871215],[129.1047882,35.1871257],[129.1048211,35.1871268],[129.1049418,35.187131],[129.1050789,35.1871358],[129.1051119,35.1871369],[129.1052489,35.1871417],[129.1053803,35.1871463],[129.1054133,35.1871474],[129.1056436,35.1871554],[129.1059869,35.1871673],[129.1060432,35.1871693],[129.1061748,35.1871739],[129.1062973,35.1871781],[129.1063303,35.1871523],[129.1063301,35.1870692],[129.1063299,35.1869728],[129.1063298,35.1869457],[129.1063296,35.1868325],[129.1063294,35.1867406],[129.1063289,35.1866147],[129.1063287,35.1865112],[129.1063283,35.1864032],[129.1063281,35.1862945],[129.1063277,35.1861582],[129.1063277,35.1861447],[129.1063274,35.1861176],[129.1063272,35.185968],[129.1063269,35.1858624],[129.1063268,35.1858353],[129.1063266,35.1857274],[129.1063262,35.1856105],[129.1063259,35.1854609],[129.1063256,35.1853774],[129.1063248,35.1851995],[129.1063248,35.1851569],[129.1063242,35.184991],[129.1062771,35.184969],[129.1061644,35.1850247],[129.1060569,35.1850779],[129.1060287,35.1850918],[129.1059211,35.185145],[129.1058929,35.1851589],[129.1057855,35.185212],[129.1056821,35.1852631],[129.1055754,35.1853158],[129.1055378,35.1853344],[129.1054424,35.1853815],[129.1054012,35.1854039],[129.1052683,35.185476],[129.1051258,35.1855533],[129.1050974,35.1855686],[129.1049712,35.185637],[129.1047962,35.1857319],[129.1046654,35.1858028],[129.104535,35.1858736],[129.1045166,35.1858835],[129.1044041,35.1859445],[129.1043299,35.1859848],[129.1043024,35.1859997],[129.1042283,35.1860398],[129.1041275,35.1860945],[129.1040579,35.1861322],[129.1039633,35.1860964],[129.1036657,35.1857171]]]},"properties":{"name":"정비구역","type":"기타","admCode":"26470","mnum":"62600002647020240078UDT1000001001"}},{"type":"Feature","geometry":{"type":"Polygon","coordinates":[[[129.0798014,35.1734369],[129.0798444,35.1734284],[129.0805217,35.1738078],[129.080469,35.1738815],[129.0804162,35.1739552],[129.0803757,35.1740126],[129.0803727,35.1740113],[129.0803442,35.1740517],[129.0802957,35.1741197],[129.0802132,35.174236],[129.0802218,35.1742402],[129.080308,35.1742822],[129.0803215,35.1742887],[129.0804124,35.1743324],[129.080523,35.1743859],[129.0805455,35.1743967],[129.0806573,35.1744506],[129.0807616,35.1745006],[129.0808199,35.1745281],[129.0809293,35.1745801],[129.0809893,35.1746081],[129.0810778,35.1746491],[129.081095,35.1746573],[129.081204,35.1747083],[129.0813661,35.1747839],[129.0814771,35.1748364],[129.0815519,35.1748721],[129.0816573,35.174921],[129.0818318,35.1750022],[129.0819094,35.1748996],[129.0819826,35.1748022],[129.0820548,35.1747068],[129.0821153,35.1746265],[129.0821623,35.174564],[129.0821993,35.1745148],[129.0822942,35.1743889],[129.082345,35.174322],[129.0824257,35.1742142],[129.0824415,35.1741926],[129.0824863,35.1741332],[129.0825574,35.1740385],[129.0826369,35.1739325],[129.0826903,35.1738621],[129.0826881,35.1738536],[129.0827034,35.1738317],[129.0827571,35.1737576],[129.0828223,35.173663],[129.0828992,35.1735532],[129.082909,35.173538],[129.0829113,35.1735316],[129.0829118,35.1735187],[129.0829089,35.1735027],[129.0828917,35.1734796],[129.0828564,35.1734426],[129.0827348,35.1733105],[129.0825924,35.1731547],[129.0825293,35.1730811],[129.0824625,35.1730132],[129.0824036,35.1729413],[129.0823162,35.1728433],[129.0822718,35.1727954],[129.0821718,35.1727949],[129.0820621,35.1729396],[129.0819573,35.1730791],[129.0818932,35.1730454],[129.0817107,35.1729502],[129.0815596,35.1731281],[129.08152,35.1731045],[129.081491,35.1730163],[129.0814602,35.1728244],[129.0814619,35.1728232],[129.0814634,35.1728243],[129.0814946,35.1728098],[129.0815737,35.1727189],[129.0815864,35.1727007],[129.0816389,35.1726257],[129.0817145,35.1725778],[129.0817386,35.1725495],[129.081776,35.1725069],[129.0817791,35.1724762],[129.08174,35.1724442],[129.0817502,35.1724319],[129.0818285,35.1723542],[129.0818914,35.172293],[129.0818378,35.1722305],[129.0817807,35.1721639],[129.0817868,35.1721581],[129.0817419,35.1721023],[129.081719,35.1720762],[129.081685,35.1720442],[129.0816597,35.17202],[129.081637,35.1720017],[129.0816092,35.1719792],[129.0816058,35.1719801],[129.0815941,35.1719684],[129.0815526,35.1719387],[129.0815418,35.1719321],[129.0814938,35.1719029],[129.0814572,35.1718836],[129.0814398,35.1718744],[129.0813924,35.1718534],[129.081338,35.171838],[129.0810872,35.1717865],[129.0809563,35.1717588],[129.0808264,35.1717319],[129.0807526,35.1717165],[129.0806769,35.1717565],[129.0806733,35.1717556],[129.0806624,35.1717731],[129.0806202,35.1718585],[129.0805716,35.1719498],[129.0805278,35.1720368],[129.0805193,35.1720546],[129.0805303,35.1721637],[129.0805404,35.1722135],[129.0805678,35.1722776],[129.0805344,35.1723732],[129.0805099,35.1724177],[129.0804518,35.1724848],[129.0804164,35.1724944],[129.0803284,35.1725386],[129.0803143,35.1725519],[129.0802165,35.1726919],[129.0801678,35.1727348],[129.0801048,35.172858],[129.0799882,35.1730815],[129.0799216,35.1732085],[129.0798589,35.1733246],[129.0798014,35.1734369]]]},"properties":{"name":"","type":"기타","admCode":"26470","mnum":"62600002647020150287UDT1000001001"}},{"type":"Feature","geometry":{"type":"Polygon","coordinates":[[[129.0817352,35.1799711],[129.0817425,35.1800313],[129.0817661,35.180059],[129.0819526,35.1802813],[129.081972,35.1803047],[129.0819721,35.1803154],[129.0819716,35.1803476],[129.08198,35.1803587],[129.0820691,35.1804719],[129.0821465,35.1805677],[129.0822184,35.1806567],[129.0823141,35.1807756],[129.0823914,35.1808712],[129.0824567,35.180896],[129.0825888,35.1808782],[129.0826964,35.1808643],[129.0827175,35.1808615],[129.0828243,35.180847],[129.0829551,35.1808294],[129.0831982,35.1807959],[129.0833576,35.1808146],[129.0834731,35.1808456],[129.0835957,35.1808787],[129.0836155,35.1808841],[129.0836992,35.1809067],[129.0838008,35.1809349],[129.0838412,35.1808369],[129.0839219,35.1806413],[129.0839484,35.1805769],[129.0839859,35.1804832],[129.0840315,35.1803723],[129.0840753,35.1802671],[129.0840861,35.1802406],[129.0841303,35.1801337],[129.0841802,35.180013],[129.0842168,35.1799216],[129.0842567,35.1798268],[129.0842778,35.1797769],[129.0843185,35.179679],[129.0843924,35.1794998],[129.0844178,35.1794377],[129.0844229,35.1794256],[129.0844477,35.1793651],[129.0844991,35.1792408],[129.0845063,35.1792237],[129.0845355,35.1791531],[129.0845388,35.1791447],[129.0845462,35.1791265],[129.0846065,35.1789802],[129.0846667,35.1788333],[129.0845141,35.1787918],[129.0844076,35.1787625],[129.0842944,35.1787313],[129.084219,35.1787106],[129.084077,35.1786714],[129.083972,35.1786423],[129.0837909,35.1785921],[129.0837743,35.1785873],[129.0836943,35.1785653],[129.083667,35.1785578],[129.0835594,35.1785279],[129.0834151,35.1784878],[129.0832915,35.1784538],[129.0832815,35.1784509],[129.0832711,35.1784483],[129.083147,35.1784135],[129.0830898,35.1783975],[129.0830121,35.1783756],[129.0829925,35.1783702],[129.082859,35.1783354],[129.0827615,35.1783085],[129.0827032,35.1783285],[129.0826638,35.1783964],[129.0826057,35.178495],[129.0825951,35.1785116],[129.0825632,35.1785661],[129.0825496,35.1785893],[129.0825269,35.1786289],[129.0825026,35.17867],[129.0824336,35.1787839],[129.0823892,35.1788599],[129.0823798,35.1788756],[129.0823248,35.1789696],[129.0823197,35.1789782],[129.0822608,35.1790783],[129.0822113,35.1791625],[129.0821439,35.1792747],[129.082098,35.1793526],[129.0820351,35.1794591],[129.0819854,35.1795433],[129.0819449,35.1796118],[129.0819226,35.1796486],[129.0818565,35.1797634],[129.0818152,35.1798342],[129.0817617,35.1799262],[129.0817352,35.1799711]]]},"properties":{"name":"연산4 주택재건축","type":"재건축","admCode":"26470","mnum":"62600002647020170195UDT1000001001"}},{"type":"Feature","geometry":{"type":"Polygon","coordinates":[[[129.0772292,35.1779596],[129.0772648,35.1780058],[129.0773304,35.1780911],[129.0773771,35.1781518],[129.07739,35.1781685],[129.0775014,35.1783152],[129.0775183,35.1783374],[129.0775293,35.1783519],[129.0775562,35.1783852],[129.0775788,35.1784128],[129.0776585,35.1785104],[129.0777076,35.1785212],[129.0777107,35.1785202],[129.0778524,35.1784749],[129.0778953,35.1784612],[129.0779595,35.1784129],[129.0780215,35.1783663],[129.0780488,35.1783348],[129.0781019,35.1782679],[129.0781614,35.178193],[129.0782054,35.1781376],[129.0782443,35.1780886],[129.0783501,35.1779676],[129.0783739,35.1779362],[129.0784471,35.1778396],[129.0784538,35.1778307],[129.0785013,35.177768],[129.0786253,35.1776959],[129.0786303,35.177693],[129.078635,35.1776903],[129.0786871,35.17766],[129.0787277,35.1776364],[129.0791365,35.1773987],[129.0791686,35.1773802],[129.0792328,35.1773453],[129.0792677,35.1773248],[129.0792716,35.1773226],[129.0793339,35.1773801],[129.0793409,35.1773865],[129.0793557,35.1774002],[129.0793561,35.1773859],[129.0793565,35.1773786],[129.0793564,35.1773719],[129.0793901,35.1773618],[129.0794144,35.1773545],[129.0795314,35.1773196],[129.0797143,35.1772653],[129.079738,35.1772765],[129.0797914,35.1773181],[129.079857,35.1773687],[129.0799387,35.1774322],[129.0799711,35.1774637],[129.0800251,35.1774355],[129.0801199,35.1774253],[129.0802249,35.1774138],[129.0802737,35.1774084],[129.0803887,35.1773956],[129.0804977,35.1773836],[129.0806014,35.1773722],[129.0806186,35.1773704],[129.0807375,35.1773575],[129.0807759,35.1773164],[129.0807639,35.1772446],[129.0807484,35.1771547],[129.0807327,35.1770664],[129.0807185,35.1769825],[129.0807088,35.1769264],[129.0806895,35.1767993],[129.0806834,35.1767646],[129.0806753,35.1767182],[129.0806636,35.1766509],[129.0806584,35.1766204],[129.0806566,35.1766096],[129.080656,35.1766049],[129.0806429,35.1765288],[129.0806408,35.1765166],[129.0805024,35.1765339],[129.0805055,35.1764799],[129.0804066,35.1765127],[129.0803051,35.1765464],[129.080303,35.1765471],[129.0801511,35.1765947],[129.080045,35.1766307],[129.0799748,35.1766545],[129.0799427,35.1766654],[129.0799227,35.1766676],[129.079909,35.1766712],[129.0797316,35.1767225],[129.0796116,35.1767572],[129.0795901,35.176763],[129.0795809,35.1767653],[129.0794592,35.1767962],[129.0793993,35.1768123],[129.0793244,35.1768479],[129.079227,35.1768943],[129.0791475,35.1769343],[129.0790216,35.1770011],[129.0789572,35.1770355],[129.0788982,35.1770673],[129.078884,35.1770749],[129.0788798,35.1770771],[129.0788403,35.1770995],[129.0787124,35.17717],[129.0785754,35.1772432],[129.078488,35.1772911],[129.0783947,35.1773418],[129.0783195,35.177311],[129.0783133,35.1773084],[129.0782748,35.1772923],[129.0782715,35.177291],[129.0782141,35.1772668],[129.0781585,35.1772553],[129.0780948,35.1772409],[129.077929,35.1772027],[129.0778551,35.1772539],[129.0777685,35.1773133],[129.0777386,35.1772897],[129.0777067,35.1772615],[129.0776612,35.1772248],[129.0776425,35.1772093],[129.0776047,35.1772623],[129.0775697,35.177311],[129.0775519,35.177343],[129.0775254,35.1773906],[129.0774903,35.1774477],[129.0774505,35.1775148],[129.0774254,35.1775553],[129.0774047,35.1776278],[129.0773802,35.1776934],[129.0773541,35.1777809],[129.0773482,35.1777981],[129.0773386,35.1778305],[129.0772292,35.1779596]]]},"properties":{"name":"","type":"기타","admCode":"26470","mnum":"62600002647020150011UDT1000001001"}},{"type":"Feature","geometry":{"type":"Polygon","coordinates":[[[129.0868947,35.1699902],[129.086907,35.1700666],[129.0869106,35.1700871],[129.0869224,35.1701633],[129.0869316,35.1702241],[129.0869432,35.170299],[129.0869574,35.170387],[129.0869721,35.1704817],[129.0869778,35.1705179],[129.0869965,35.1706407],[129.0870066,35.1707045],[129.0870162,35.1707634],[129.0870259,35.1708242],[129.0870364,35.1708829],[129.0870476,35.1709602],[129.0870493,35.1709695],[129.0870557,35.1710028],[129.0870672,35.1710779],[129.0870742,35.1711231],[129.087085,35.1711894],[129.0870933,35.1712428],[129.0870936,35.1712448],[129.0871024,35.171303],[129.0871134,35.1713662],[129.0871336,35.1714904],[129.0871397,35.1715265],[129.0871493,35.1715952],[129.0871564,35.1716402],[129.0871686,35.1717244],[129.087176,35.1717685],[129.0871832,35.1718159],[129.0871879,35.1718536],[129.0872359,35.1718807],[129.0872584,35.1718768],[129.0873465,35.1718623],[129.0873642,35.1718597],[129.0874376,35.1718487],[129.0874369,35.1718882],[129.0874479,35.171931],[129.0874515,35.1719556],[129.0874542,35.1719688],[129.0875381,35.1719535],[129.0876265,35.1719388],[129.0876847,35.1719257],[129.0877112,35.1719202],[129.0877682,35.1719088],[129.0877697,35.171911],[129.087839,35.1719147],[129.0878534,35.1719171],[129.0878746,35.1719201],[129.0879056,35.1719252],[129.0879543,35.1719409],[129.0880229,35.1719773],[129.0880715,35.1720091],[129.0881062,35.1720393],[129.0881293,35.1720634],[129.088156,35.1720952],[129.0881627,35.1721055],[129.0882025,35.1721608],[129.0882168,35.1721862],[129.088251,35.172268],[129.0883058,35.1724113],[129.0883357,35.172517],[129.0883575,35.1726086],[129.0883738,35.1726701],[129.0883948,35.1727641],[129.0884073,35.1727805],[129.0884472,35.1728205],[129.0885027,35.1728639],[129.0885675,35.1729086],[129.0886435,35.1729596],[129.0885845,35.173057],[129.088591,35.1731537],[129.0883926,35.1732607],[129.0883636,35.1732786],[129.0882906,35.1732918],[129.0882029,35.1733073],[129.0881901,35.1733096],[129.0880784,35.1733294],[129.0879879,35.1733455],[129.0879123,35.1733589],[129.0878741,35.1733656],[129.0878384,35.1733719],[129.0878487,35.1735088],[129.0878562,35.1736081],[129.0878701,35.1736498],[129.0878996,35.1736635],[129.0879003,35.1736619],[129.0879092,35.173666],[129.0879523,35.1736862],[129.087988,35.1737028],[129.0880125,35.1737143],[129.0880348,35.173796],[129.0880442,35.1738022],[129.0880476,35.1738676],[129.0880547,35.1738738],[129.0880708,35.1739107],[129.0880643,35.1739179],[129.0880809,35.1739303],[129.0880938,35.1739422],[129.0881078,35.1739539],[129.0881267,35.1739784],[129.0881348,35.1739849],[129.0881462,35.1740051],[129.0881634,35.1739957],[129.0881745,35.1740111],[129.0881892,35.1740574],[129.0881904,35.1740963],[129.0881916,35.1741174],[129.0881942,35.1741648],[129.08818,35.1741974],[129.0881798,35.1742054],[129.0881765,35.1742055],[129.0881632,35.1742359],[129.0881582,35.1742352],[129.0880539,35.1742206],[129.0880311,35.1742259],[129.0880403,35.174275],[129.0880454,35.1743022],[129.0882225,35.1742812],[129.0883623,35.174267],[129.0883654,35.1742656],[129.0883935,35.1742532],[129.088455,35.1742479],[129.0885272,35.1742433],[129.0886984,35.1742211],[129.0888212,35.1742047],[129.0889523,35.1741873],[129.0889805,35.1741836],[129.0890978,35.174168],[129.0892201,35.1741518],[129.0893101,35.1741398],[129.0893112,35.1741398],[129.089328,35.1741375],[129.0894056,35.1741256],[129.0894734,35.1741168],[129.0894776,35.1741163],[129.0895079,35.1741123],[129.0896502,35.1740938],[129.0896704,35.1740912],[129.0896829,35.1740896],[129.0897397,35.1740821],[129.0898679,35.1740654],[129.0898912,35.1740625],[129.0901612,35.1740273],[129.0901503,35.1740158],[129.0901432,35.1740048],[129.0901385,35.1739928],[129.0901211,35.1739296],[129.0901067,35.1738772],[129.0901032,35.1738649],[129.0900931,35.1738344],[129.0900757,35.1737955],[129.0900651,35.1737762],[129.0900511,35.1737543],[129.0900338,35.1737309],[129.0900097,35.1737096],[129.0899406,35.1736612],[129.0899283,35.1736577],[129.0899118,35.173641],[129.089814,35.1735725],[129.0897644,35.1734615],[129.0897073,35.1733734],[129.0896847,35.1733654],[129.0896803,35.1733721],[129.0896498,35.173361],[129.0895962,35.1733411],[129.089573,35.1733371],[129.0895188,35.1733196],[129.0894886,35.1733087],[129.0894331,35.173286],[129.0893707,35.1732632],[129.0893618,35.1732597],[129.0893166,35.1732458],[129.0892598,35.1732047],[129.0892335,35.1731887],[129.0892322,35.17319],[129.0892229,35.1731842],[129.089226,35.1731805],[129.089226,35.1731802],[129.0891886,35.1731533],[129.0890846,35.1730781],[129.0890597,35.1730446],[129.0890616,35.1730428],[129.0890575,35.1730366],[129.0890376,35.1730134],[129.0890397,35.1730091],[129.0890211,35.1729805],[129.0890096,35.1729651],[129.0890375,35.1729052],[129.0890914,35.1727897],[129.0891231,35.1727216],[129.0891293,35.172712],[129.0891375,35.1726953],[129.0891769,35.1726153],[129.0891983,35.1725721],[129.0892188,35.1725341],[129.0892375,35.1724947],[129.0892508,35.1724666],[129.0892635,35.1724399],[129.089347,35.1722639],[129.0893724,35.1722745],[129.0894022,35.1722166],[129.089435,35.1722262],[129.0894501,35.17219],[129.0894628,35.1721599],[129.0894849,35.1721633],[129.0895051,35.1720718],[129.0895149,35.1720142],[129.0895455,35.1720268],[129.0896233,35.1719422],[129.0896957,35.1719859],[129.0897363,35.1719569],[129.089723,35.1718062],[129.0896016,35.1717155],[129.0896727,35.1716429],[129.089409,35.1715593],[129.089369,35.1715466],[129.0891521,35.1714779],[129.0891468,35.171461],[129.0891317,35.171447],[129.0892346,35.1713773],[129.0893176,35.1713209],[129.0894331,35.1712425],[129.089326,35.171163],[129.0892246,35.171249],[129.0891714,35.1712078],[129.0890852,35.1711414],[129.0890693,35.1711085],[129.0889283,35.170818],[129.0889106,35.1707815],[129.0888724,35.1707026],[129.0888709,35.1704971],[129.0888657,35.1704806],[129.0888544,35.1704447],[129.0887712,35.1703608],[129.0887437,35.1703329],[129.088729,35.1702922],[129.0886819,35.1701787],[129.0885904,35.1701494],[129.0885841,35.1700223],[129.088545,35.1700265],[129.0885348,35.1698496],[129.0885312,35.1698134],[129.0885155,35.1696494],[129.0885284,35.1696191],[129.0886797,35.1694453],[129.0885229,35.1694449],[129.0885135,35.1693148],[129.0884444,35.1692614],[129.0884546,35.1692089],[129.0884546,35.1691865],[129.0884547,35.1691544],[129.088455,35.1690262],[129.0884552,35.1689051],[129.0884555,35.1687574],[129.0884224,35.1687618],[129.0882797,35.1688468],[129.0883033,35.1686218],[129.0883063,35.1685922],[129.0883241,35.1684224],[129.0883252,35.1684134],[129.0883547,35.1684224],[129.0883745,35.1683818],[129.0883965,35.168338],[129.0883363,35.1683195],[129.0882893,35.1683051],[129.0883472,35.168226],[129.0883753,35.1681875],[129.0883545,35.168161],[129.0883152,35.1681109],[129.0883295,35.1680143],[129.0882131,35.1680125],[129.0881087,35.1680101],[129.0880798,35.16802],[129.0879424,35.1680209],[129.0879283,35.1679851],[129.0878153,35.1680131],[129.087662,35.1680512],[129.0876553,35.1680528],[129.0875952,35.1680679],[129.0875635,35.1680754],[129.0876013,35.1682502],[129.0875375,35.168422],[129.0874815,35.1685109],[129.0874685,35.1685036],[129.0874058,35.168568],[129.0872584,35.1687191],[129.0871363,35.1688432],[129.0871182,35.16893],[129.0869923,35.1695112],[129.0869843,35.1695496],[129.0869772,35.1695828],[129.086937,35.1697873],[129.0869331,35.1698079],[129.0869276,35.169835],[129.0869037,35.1699502],[129.0868947,35.1699902]]]},"properties":{"name":"연산3 재개발 정비구역","type":"재개발","admCode":"26470","mnum":"62600002647020220385UDT1000001001"}},{"type":"Feature","geometry":{"type":"Polygon","coordinates":[[[129.0751587,35.1933761],[129.0752353,35.193448],[129.0752441,35.1934562],[129.0752588,35.19347],[129.0753286,35.1935354],[129.0753573,35.1935624],[129.0755153,35.1937135],[129.0755404,35.1937375],[129.0755505,35.1937308],[129.0757344,35.1936503],[129.075735,35.1936312],[129.0758099,35.1936272],[129.0759778,35.1935674],[129.0761853,35.1937057],[129.0767669,35.1941426],[129.0767688,35.1941479],[129.0770021,35.1939725],[129.077031,35.1939515],[129.0772361,35.1938027],[129.0774955,35.1936116],[129.0774955,35.1936047],[129.0779242,35.193284],[129.0779891,35.1932782],[129.0781205,35.1931905],[129.0780468,35.1931439],[129.0779569,35.1930861],[129.0778795,35.1930359],[129.0777453,35.1929491],[129.0776379,35.1928784],[129.0775754,35.1928188],[129.07756,35.1928027],[129.0774947,35.1927449],[129.0774709,35.1927231],[129.0774015,35.1926563],[129.0773454,35.1926002],[129.0773412,35.1925961],[129.0773251,35.1925803],[129.0771458,35.1924043],[129.0770659,35.1923306],[129.0768437,35.1921161],[129.0766721,35.191948],[129.0764986,35.1917792],[129.0764236,35.1917065],[129.0764258,35.1916755],[129.0763496,35.1916049],[129.0762459,35.1916838],[129.0760412,35.1914873],[129.0759901,35.1914393],[129.0759779,35.1914261],[129.0759858,35.1914415],[129.0759942,35.1914576],[129.0761129,35.1916045],[129.076124,35.1916372],[129.0761428,35.1916924],[129.0761558,35.1917307],[129.0761637,35.1917497],[129.0761842,35.1917991],[129.0762049,35.1918245],[129.0761099,35.1920118],[129.0760484,35.192051],[129.0759784,35.192104],[129.0758813,35.1923193],[129.0758464,35.1923847],[129.0758357,35.1924047],[129.0757709,35.1923752],[129.0755911,35.1923578],[129.0755503,35.1923538],[129.0755197,35.1923778],[129.075401,35.1924711],[129.0753987,35.1925121],[129.0753913,35.1925924],[129.0753872,35.1926434],[129.0753789,35.1927251],[129.0753714,35.1927986],[129.0753714,35.1928183],[129.0753731,35.1929347],[129.0753439,35.1930103],[129.0753197,35.1930676],[129.0752524,35.1932311],[129.0752421,35.1932921],[129.075162,35.1933728],[129.0751587,35.1933761]]]},"properties":{"name":"거제1주택재개발","type":"재개발","admCode":"26470","mnum":"62600002647020130241UDT1000001001"}},{"type":"Feature","geometry":{"type":"Polygon","coordinates":[[[129.0826823,35.1739788],[129.082831,35.1740371],[129.0828812,35.1740565],[129.0829251,35.1740734],[129.082949,35.1740761],[129.0829661,35.1740744],[129.0830032,35.1740706],[129.0831397,35.1740588],[129.0833,35.1740461],[129.0834405,35.1740348],[129.0836034,35.1740219],[129.0837466,35.1740103],[129.0837804,35.1741756],[129.0838106,35.174323],[129.083894,35.1747289],[129.0838744,35.174757],[129.0837868,35.1748831],[129.0839631,35.1748518],[129.0841093,35.174827],[129.084161,35.174819],[129.0842292,35.174807],[129.0842807,35.1747982],[129.0843487,35.1747876],[129.084372,35.1747827],[129.0844424,35.1747712],[129.0844907,35.1747633],[129.0846566,35.1747391],[129.0847309,35.1747271],[129.0847452,35.1747248],[129.0847871,35.1747216],[129.0849004,35.1747044],[129.0849202,35.1747047],[129.0850534,35.174688],[129.0851615,35.1746743],[129.0851987,35.1746696],[129.0852228,35.1746667],[129.0852255,35.1746712],[129.0852401,35.1746678],[129.0852709,35.1746637],[129.0852744,35.1746632],[129.0853012,35.1746596],[129.085479,35.174636],[129.0856719,35.174611],[129.085803,35.1745943],[129.0858242,35.1744985],[129.0858362,35.1744282],[129.0858433,35.1743792],[129.0858366,35.1743455],[129.0858342,35.1743347],[129.0858197,35.1742677],[129.0858322,35.174266],[129.0858587,35.1742625],[129.0858425,35.1742082],[129.0858311,35.1741699],[129.0858314,35.1741695],[129.085836,35.1741599],[129.0858307,35.1741316],[129.0858263,35.1741321],[129.0858244,35.1741167],[129.0858224,35.1741009],[129.0858225,35.174082],[129.0857888,35.1740845],[129.0857833,35.1740157],[129.0857865,35.1740086],[129.0857783,35.1739866],[129.0857949,35.173968],[129.0857831,35.1739292],[129.0857725,35.1738989],[129.0857638,35.1738793],[129.085726,35.1738809],[129.085723,35.173812],[129.0857329,35.173812],[129.0857277,35.1738012],[129.0856281,35.1735945],[129.0856294,35.1735899],[129.0856361,35.173583],[129.0857571,35.1734751],[129.0857991,35.1734377],[129.0858962,35.1733526],[129.085894,35.1732854],[129.0858976,35.1732821],[129.0858455,35.1731718],[129.0858245,35.1731265],[129.0858211,35.1731191],[129.0857956,35.1730652],[129.0857373,35.1729418],[129.0857317,35.1729349],[129.0857064,35.1729562],[129.0856187,35.1729957],[129.0855648,35.173021],[129.0854646,35.1730345],[129.0853582,35.1730489],[129.0853097,35.1730371],[129.0852338,35.1730092],[129.085078,35.1729497],[129.084721,35.1727447],[129.0846153,35.1726891],[129.0842382,35.1723335],[129.0842163,35.1722877],[129.0841999,35.1722616],[129.084119,35.1721328],[129.0841132,35.1721208],[129.0841027,35.1720991],[129.0837543,35.1720882],[129.0837338,35.1720875],[129.083612,35.1720837],[129.0835479,35.1720817],[129.0835404,35.1725924],[129.0835354,35.172758],[129.0835316,35.1728142],[129.083522,35.1728477],[129.0834701,35.1729385],[129.0834522,35.1729668],[129.0834233,35.1730189],[129.0834236,35.173019],[129.0833932,35.173061],[129.0833403,35.1731227],[129.0833056,35.1731575],[129.0832557,35.1732067],[129.0831625,35.1732959],[129.083117,35.1733309],[129.0830951,35.1733421],[129.0830084,35.1734356],[129.0829707,35.1734762],[129.0828992,35.1735533],[129.0828992,35.1735533],[129.082916,35.1735622],[129.0829733,35.1735927],[129.0829656,35.173603],[129.0829195,35.1736648],[129.082847,35.1737603],[129.0827549,35.1738826],[129.0826823,35.1739788]]]},"properties":{"name":"","type":"기타","admCode":"26470","mnum":"62600002647020150073UDT1000001001"}},{"type":"Feature","geometry":{"type":"Polygon","coordinates":[[[129.07624,35.1787195],[129.0763056,35.1786837],[129.076397,35.1786902],[129.0765242,35.1786975],[129.0766992,35.178709],[129.0767806,35.1787341],[129.0768283,35.178785],[129.0768604,35.1788195],[129.0765493,35.1789883],[129.0765098,35.1789794],[129.0764891,35.179021],[129.0763379,35.179103],[129.0763919,35.1791716],[129.0764778,35.179279],[129.0765711,35.1793971],[129.0766605,35.17951],[129.0766879,35.179544],[129.076757,35.1796371],[129.0768617,35.1797781],[129.0769108,35.1796942],[129.0772884,35.1796559],[129.0781749,35.1791456],[129.0781299,35.1790905],[129.0777474,35.1786203],[129.077687,35.1786532],[129.0775502,35.178475],[129.0774961,35.1784045],[129.0773924,35.1782784],[129.0773536,35.1782311],[129.0773147,35.1781838],[129.0772759,35.1781365],[129.0772376,35.1780899],[129.0771842,35.1780203],[129.0771511,35.1780678],[129.0771472,35.1780778],[129.0771423,35.1780901],[129.0770999,35.1781972],[129.0770392,35.1783259],[129.0769872,35.1783935],[129.0769591,35.1784927],[129.0769245,35.1785904],[129.0768864,35.178695],[129.0768848,35.1787194],[129.0768831,35.1787437],[129.0768832,35.1787532],[129.0768528,35.1787202],[129.0768173,35.1786792],[129.0767635,35.178667],[129.0766956,35.1786525],[129.0766243,35.1786469],[129.0765605,35.1786428],[129.0764502,35.1786355],[129.0763824,35.1786311],[129.0763205,35.1786268],[129.0762745,35.1785845],[129.07624,35.1787195]]]},"properties":{"name":"","type":"기타","admCode":"26470","mnum":"62600002647020150201UDT1000001001"}},{"type":"Feature","geometry":{"type":"Polygon","coordinates":[[[129.0795743,35.1738731],[129.0798014,35.1734369],[129.0798589,35.1733246],[129.0799216,35.1732085],[129.0799882,35.1730815],[129.0801048,35.172858],[129.0801678,35.1727348],[129.0802165,35.1726919],[129.0803143,35.1725519],[129.0803284,35.1725386],[129.0804164,35.1724944],[129.0804518,35.1724848],[129.0805099,35.1724177],[129.0805344,35.1723732],[129.0805678,35.1722776],[129.0805404,35.1722135],[129.0805303,35.1721637],[129.0805193,35.1720546],[129.0805278,35.1720368],[129.0791592,35.173711],[129.0792389,35.1737417],[129.0793274,35.1737768],[129.0794098,35.1738085],[129.0795743,35.1738731]]]},"properties":{"name":"양정2주택재개발","type":"재개발","admCode":"26470","mnum":"62600002647020070303UDT1000001000"}},{"type":"Feature","geometry":{"type":"Polygon","coordinates":[[[129.0870711,35.1937067],[129.0871161,35.1937143],[129.0871244,35.1937179],[129.0871397,35.1937204],[129.0871508,35.19372],[129.0875298,35.1936092],[129.087601,35.1935849],[129.0878705,35.1935206],[129.0881894,35.1934466],[129.0883799,35.1934086],[129.0883735,35.1932129],[129.0883703,35.1931071],[129.0883693,35.1930704],[129.0883669,35.1929837],[129.0883661,35.1929632],[129.0883645,35.1929101],[129.0883633,35.1928698],[129.0883571,35.1927204],[129.0883543,35.1926503],[129.0883509,35.1925416],[129.0883475,35.192433],[129.0883443,35.192323],[129.0883408,35.1922141],[129.0883373,35.1921063],[129.0883341,35.191995],[129.0883319,35.1919218],[129.0882847,35.1918861],[129.0881971,35.1918879],[129.0880835,35.1918905],[129.0879932,35.1918922],[129.0878868,35.1918942],[129.0877645,35.1918971],[129.0876517,35.1918993],[129.0875275,35.1919021],[129.0874937,35.1919029],[129.0872462,35.1919076],[129.0872687,35.1924794],[129.0872805,35.1927818],[129.0865729,35.1927977],[129.0865307,35.1927624],[129.0865344,35.1929063],[129.0865344,35.192907],[129.086537,35.192985],[129.0865375,35.1930003],[129.0865409,35.1931003],[129.0865443,35.1931993],[129.0865466,35.1932677],[129.0865476,35.1932998],[129.086551,35.1933996],[129.0865523,35.1934371],[129.0865556,35.193537],[129.0865557,35.1935388],[129.086556,35.1935679],[129.0865591,35.1936384],[129.0865625,35.1937379],[129.0865662,35.1938478],[129.0865684,35.1939127],[129.0866786,35.1938679],[129.0867906,35.1938218],[129.0868358,35.1938034],[129.0869292,35.1937654],[129.0870385,35.1937199],[129.0870711,35.1937067]]]},"properties":{"name":"거제3 재개발사업 정비구역","type":"재개발","admCode":"26470","mnum":"62600002647020240425UDT1000001001"}},{"type":"Feature","geometry":{"type":"Polygon","coordinates":[[[129.0850781,35.1729497],[129.0852257,35.1730345],[129.0852633,35.1730458],[129.0853273,35.1730584],[129.085415,35.1730756],[129.0854903,35.1730903],[129.0855724,35.1731065],[129.0856787,35.1731273],[129.0857074,35.1731288],[129.0857444,35.1731305],[129.0857595,35.1731288],[129.0857868,35.1731256],[129.0858,35.1731188],[129.0858169,35.1731102],[129.0857956,35.1730652],[129.0857373,35.1729418],[129.0857317,35.1729349],[129.0857064,35.1729562],[129.0856187,35.1729957],[129.0855648,35.173021],[129.0854646,35.1730345],[129.0853582,35.1730489],[129.0853097,35.1730371],[129.0852338,35.1730092],[129.0850781,35.1729497]]]},"properties":{"name":"","type":"기타","admCode":"26470","mnum":"62600002647020190228UDT9990001001"}},{"type":"Feature","geometry":{"type":"Polygon","coordinates":[[[129.0797566,35.1977758],[129.079944,35.1977799],[129.0801238,35.197771],[129.0801782,35.1978852],[129.0803562,35.1979],[129.0803233,35.1980695],[129.0804275,35.1982693],[129.0804973,35.1982251],[129.0805635,35.1981531],[129.08078,35.1980398],[129.0808566,35.1980176],[129.0809576,35.1979353],[129.0809728,35.1979294],[129.0812826,35.1976149],[129.0814273,35.1974629],[129.0815566,35.1973268],[129.0816186,35.197262],[129.0817121,35.1971664],[129.0818918,35.1969781],[129.0819096,35.1969581],[129.0819633,35.1968985],[129.0819723,35.1968855],[129.0819558,35.1968788],[129.0817834,35.1967683],[129.0817519,35.1967501],[129.0816657,35.1966908],[129.0815155,35.196564],[129.0814715,35.1965248],[129.0814299,35.1964801],[129.080986,35.1969534],[129.0800291,35.1967782],[129.0800606,35.1966308],[129.0798723,35.1969849],[129.0799023,35.1970115],[129.079788,35.1974935],[129.0797977,35.1976188],[129.0797838,35.1977146],[129.0797566,35.1977758]]]},"properties":{"name":"거제2 재건축사업 정비구역","type":"재건축","admCode":"26470","mnum":"62600002647020220298UDT1000001003"}},{"type":"Feature","geometry":{"type":"Polygon","coordinates":[[[129.1130391,35.1537123],[129.1130833,35.1537345],[129.113201,35.1537104],[129.1133524,35.1536788],[129.1134671,35.1536561],[129.1134863,35.1536522],[129.1134981,35.1536498],[129.1135917,35.1536309],[129.1137315,35.1536038],[129.1138726,35.153576],[129.1138856,35.1535736],[129.1139016,35.1535707],[129.1140505,35.1535367],[129.1142262,35.1535023],[129.1143607,35.1534801],[129.1145152,35.153449],[129.1146257,35.1534268],[129.1147046,35.1534092],[129.1148326,35.1533849],[129.1150612,35.153338],[129.1152431,35.1533021],[129.11535,35.1532798],[129.115457,35.1532598],[129.1154678,35.1532576],[129.1154776,35.1532557],[129.1155864,35.153234],[129.1157151,35.1532084],[129.1158709,35.1531774],[129.1160212,35.1531458],[129.1162196,35.1531073],[129.1163477,35.1530825],[129.1165216,35.1530488],[129.1164384,35.1529399],[129.1164286,35.1529271],[129.1164168,35.1529116],[129.1164001,35.1528897],[129.1163239,35.1529265],[129.1161331,35.1528508],[129.116087,35.1527897],[129.1160091,35.1528283],[129.1160793,35.1529212],[129.1160071,35.1529549],[129.1160106,35.1529597],[129.1159948,35.1529678],[129.1159987,35.1529729],[129.1159823,35.1529808],[129.1159689,35.152962],[129.1159091,35.1528779],[129.1158691,35.1528978],[129.1158191,35.1529226],[129.1157638,35.1529494],[129.1157571,35.1529407],[129.1157451,35.1529251],[129.1155855,35.1527159],[129.1154942,35.1526004],[129.1153667,35.1524321],[129.1152133,35.1522297],[129.1151312,35.1521179],[129.1150593,35.152021],[129.1149616,35.1518925],[129.1149434,35.1518692],[129.1148546,35.1517544],[129.1148735,35.1516972],[129.1148893,35.1516495],[129.1149625,35.1516116],[129.11505,35.1515663],[129.1151773,35.151498],[129.1152933,35.1514362],[129.1152208,35.1513413],[129.1151718,35.1512772],[129.1151455,35.1512428],[129.1151453,35.1512424],[129.1150731,35.151148],[129.1148979,35.1512402],[129.1148715,35.1512542],[129.1148642,35.1512435],[129.114756,35.1512978],[129.1147455,35.1513035],[129.1146309,35.1513624],[129.114575,35.1513903],[129.1144889,35.1512772],[129.1143163,35.1510516],[129.1142394,35.1509529],[129.114183,35.1508797],[129.1141185,35.1507912],[129.1140419,35.1506986],[129.1138255,35.15041],[129.1137329,35.1502891],[129.113639,35.1501626],[129.1135891,35.1500974],[129.1135245,35.1500109],[129.1134551,35.1499193],[129.1133586,35.1497921],[129.1132908,35.149703],[129.1132734,35.14968],[129.1132044,35.1495921],[129.1131303,35.1494967],[129.1131133,35.1494735],[129.1130506,35.1493929],[129.1129833,35.1493066],[129.1128715,35.149376],[129.1127582,35.1494469],[129.1126564,35.1495104],[129.1125411,35.1495837],[129.1124918,35.1496203],[129.1123982,35.149679],[129.1123154,35.1497302],[129.1122235,35.1497863],[129.1121364,35.1498405],[129.1120509,35.1498941],[129.1119666,35.1499458],[129.1119678,35.1499498],[129.1119977,35.1500564],[129.1120464,35.1502273],[129.1120834,35.1503577],[129.112109,35.1504442],[129.1121451,35.1505728],[129.1121856,35.1507173],[129.1122267,35.150864],[129.1122676,35.1510099],[129.1123075,35.151149],[129.112314,35.1511712],[129.1123151,35.1511749],[129.112345,35.1512855],[129.1123454,35.1512868],[129.1123745,35.1513943],[129.1123958,35.1514733],[129.1124036,35.1515018],[129.1124165,35.1515498],[129.1124476,35.1516644],[129.1125369,35.1517642],[129.1127965,35.1519591],[129.1128505,35.1519996],[129.1127567,35.1520026],[129.1126349,35.1520074],[129.1125638,35.1520102],[129.1124956,35.1520129],[129.1124231,35.1520069],[129.1124172,35.1520064],[129.1123112,35.152022],[129.1122689,35.1520357],[129.112272,35.1520555],[129.1122146,35.1520566],[129.1121527,35.1520499],[129.112078,35.1520099],[129.1120814,35.152024],[129.1120264,35.1520207],[129.1119581,35.1520276],[129.1119318,35.1520337],[129.1119211,35.1520354],[129.1119079,35.1520375],[129.1118655,35.1520396],[129.1118602,35.1520431],[129.1118243,35.1520673],[129.1118131,35.1520749],[129.1118087,35.1520765],[129.1117958,35.1520814],[129.1118258,35.1521682],[129.1118562,35.152256],[129.1118645,35.1522579],[129.1118627,35.1522997],[129.1118733,35.1523329],[129.1118798,35.1523687],[129.1119099,35.152454],[129.1119749,35.1526343],[129.1119889,35.1526193],[129.1120055,35.1526013],[129.1120205,35.1525851],[129.1120948,35.1525612],[129.1121684,35.1525375],[129.1122173,35.1525217],[129.1122263,35.1525188],[129.1122141,35.1524862],[129.1122524,35.1524839],[129.1123204,35.1524714],[129.1123386,35.1524752],[129.1123641,35.1524708],[129.1124642,35.1524538],[129.1124661,35.152458],[129.1124679,35.1524623],[129.1124993,35.152457],[129.1125306,35.1524517],[129.1125657,35.1524417],[129.1126512,35.1524401],[129.1126495,35.1524238],[129.1126612,35.1524227],[129.1126881,35.1524232],[129.1127402,35.1524242],[129.1127589,35.1524122],[129.112767,35.1524031],[129.1127936,35.152373],[129.1128221,35.1523582],[129.1128438,35.1523747],[129.1128839,35.1523652],[129.1129301,35.1523542],[129.1129768,35.1523442],[129.1129775,35.1523486],[129.1129932,35.1524371],[129.1130064,35.1525196],[129.1130189,35.1525825],[129.1130419,35.1526778],[129.1130672,35.1527809],[129.113095,35.1528906],[129.1131539,35.1530983],[129.1131632,35.1531733],[129.1130543,35.1532856],[129.1130419,35.1532974],[129.112976,35.1533689],[129.1129223,35.1534175],[129.1129161,35.1534456],[129.1129301,35.1534736],[129.112976,35.1535773],[129.1130133,35.1536558],[129.1130241,35.1536795],[129.1130391,35.1537123]]]},"properties":{"name":"부산광역시 고시 제2026-104호","type":"기타","admCode":"26500","mnum":"62600002650020260104UDT1000001001"}},{"type":"Feature","geometry":{"type":"Polygon","coordinates":[[[129.1068463,35.1563122],[129.1070574,35.1563238],[129.1072523,35.1563344],[129.107458,35.1563456],[129.1076628,35.1563561],[129.1077653,35.1563614],[129.107837,35.1563817],[129.1079632,35.1564175],[129.1080239,35.1564333],[129.1082183,35.1564838],[129.1082256,35.156467],[129.1082797,35.1564736],[129.1083566,35.1564832],[129.1085225,35.1565037],[129.1085435,35.1565063],[129.1086473,35.1565192],[129.1087355,35.1565301],[129.1087538,35.1565324],[129.1087615,35.1565334],[129.1088404,35.1566412],[129.1088991,35.1567213],[129.108979,35.1568305],[129.1090096,35.1568372],[129.1090704,35.1568082],[129.1091822,35.1567549],[129.1093762,35.1566623],[129.1094143,35.1566596],[129.1096479,35.1566432],[129.109788,35.1566331],[129.109977,35.1566628],[129.1100247,35.1566703],[129.1101757,35.1566508],[129.1102678,35.1566373],[129.1103901,35.1566206],[129.1104068,35.1566182],[129.1105554,35.1565972],[129.1107397,35.1565711],[129.1109194,35.1565457],[129.110952,35.1565411],[129.1111384,35.1565147],[129.1111664,35.156511],[129.1113626,35.156483],[129.1114016,35.1564774],[129.1115945,35.1564501],[129.1116346,35.1564444],[129.1118666,35.1564116],[129.1118938,35.1563775],[129.1118686,35.1562842],[129.1118407,35.1561806],[129.1118358,35.1561625],[129.1118078,35.1560584],[129.111783,35.1559665],[129.1117527,35.1558574],[129.1117245,35.1557473],[129.1116954,35.1556334],[129.11169,35.1556123],[129.1116877,35.1556032],[129.1116603,35.155496],[129.1116255,35.15536],[129.1116187,35.1553333],[129.111581,35.1551859],[129.1115772,35.1551711],[129.1115594,35.155108],[129.1115184,35.1549443],[129.1115004,35.1548723],[129.1117332,35.1548257],[129.1118536,35.1548013],[129.1119297,35.1547863],[129.112185,35.1547352],[129.1122325,35.1547591],[129.112223,35.1547276],[129.1121756,35.1545784],[129.1121707,35.1545617],[129.112161,35.1545284],[129.1121146,35.15459],[129.1119805,35.1546156],[129.1117129,35.1546667],[129.1115633,35.1546952],[129.1115059,35.1547061],[129.1114489,35.154717],[129.1114008,35.1547262],[129.111369,35.1547323],[129.1113588,35.1547342],[129.1113382,35.1547407],[129.1111286,35.1547792],[129.1110045,35.1548033],[129.1109757,35.1548088],[129.1108785,35.1548275],[129.1106617,35.1548693],[129.1105529,35.1548903],[129.1103844,35.1549228],[129.1103625,35.154909],[129.1103527,35.1550123],[129.110347,35.1550712],[129.1103454,35.1550867],[129.1103351,35.1551891],[129.1103219,35.155208],[129.110285,35.1552582],[129.1102783,35.1553272],[129.1102741,35.1553707],[129.110216,35.1555049],[129.1101379,35.1556552],[129.1100912,35.1558023],[129.1100856,35.1558134],[129.1100626,35.1558588],[129.1096728,35.1557262],[129.1095471,35.1556834],[129.1095516,35.1556584],[129.1095258,35.1556329],[129.1095233,35.1556512],[129.1095081,35.1556521],[129.1094928,35.1556359],[129.1093967,35.1555334],[129.1092722,35.1553975],[129.1091487,35.1552627],[129.1090747,35.1552941],[129.1089909,35.1553297],[129.1088846,35.1554087],[129.1088057,35.1554788],[129.1087989,35.1554848],[129.1087895,35.1554798],[129.1087142,35.1554398],[129.1086688,35.1554063],[129.108627,35.1553768],[129.1085805,35.1553495],[129.1084854,35.1552436],[129.1084073,35.1551993],[129.1083497,35.1551667],[129.108212,35.1550106],[129.1081986,35.154955],[129.1081721,35.1548999],[129.1081484,35.1548661],[129.1081092,35.15481],[129.1080866,35.1547776],[129.1079494,35.1545813],[129.1078688,35.1545261],[129.1078047,35.1545928],[129.1079629,35.1547327],[129.1080157,35.1548717],[129.107963,35.1549418],[129.1076253,35.1550461],[129.1075953,35.1550722],[129.1075131,35.1550462],[129.1073959,35.1550092],[129.1073577,35.1550575],[129.1074024,35.1551174],[129.1073883,35.155133],[129.1073458,35.1552063],[129.1073268,35.1552144],[129.1073213,35.1552326],[129.1073156,35.1552504],[129.1072925,35.1553245],[129.1072904,35.1553312],[129.1072847,35.1553496],[129.1070921,35.1555225],[129.1070595,35.1555518],[129.1070073,35.1556031],[129.1069921,35.1556788],[129.1069529,35.1558713],[129.1069356,35.155956],[129.1069098,35.1560825],[129.1069039,35.1561116],[129.1068785,35.1561106],[129.1068718,35.1561524],[129.106849,35.1562947],[129.1068463,35.1563122]]]},"properties":{"name":"광안동 379-17번지의 등록사항정정(토지대장등록)으로 인한 구역계 변경없는 면적 증가","type":"기타","admCode":"26500","mnum":"62600002650020250298UDT1000001001"}},{"type":"Feature","geometry":{"type":"Polygon","coordinates":[[[129.1165704,35.1636811],[129.116575,35.1637105],[129.1166013,35.1638296],[129.1166053,35.1638478],[129.1166321,35.1639743],[129.1166517,35.1640654],[129.1166627,35.1641168],[129.1166711,35.1641555],[129.1166841,35.1642164],[129.1167099,35.1643298],[129.1167231,35.1643922],[129.116743,35.1644865],[129.1167631,35.1645821],[129.1167822,35.1646725],[129.1168011,35.1647619],[129.1168154,35.1648297],[129.1168348,35.1649467],[129.1168579,35.165055],[129.1168639,35.1650827],[129.1168887,35.1651987],[129.1168927,35.1652173],[129.1169122,35.1653069],[129.1169318,35.1653973],[129.116943,35.1654486],[129.1169666,35.1655601],[129.1169893,35.1656697],[129.1170183,35.1658097],[129.1170236,35.165835],[129.1170413,35.1659191],[129.1170518,35.1659687],[129.1170777,35.1660913],[129.1170987,35.166193],[129.1172029,35.1661795],[129.117304,35.1661655],[129.1173257,35.1661625],[129.117437,35.1661471],[129.1175469,35.1661319],[129.1177003,35.1661107],[129.1177867,35.1661311],[129.1182078,35.1662306],[129.1182325,35.1661602],[129.1182728,35.166044],[129.1183122,35.16593],[129.1183183,35.1659123],[129.1183678,35.1657766],[129.1183733,35.1657608],[129.118419,35.1656312],[129.1184588,35.1655181],[129.1184679,35.1654921],[129.1185127,35.1653651],[129.1185351,35.1653015],[129.118557,35.1652393],[129.1185645,35.1652179],[129.1186087,35.165093],[129.1186302,35.1650323],[129.1186521,35.1649703],[129.118694,35.1648518],[129.1187117,35.1647991],[129.1187646,35.1646488],[129.1188137,35.1645085],[129.1188539,35.1643935],[129.118863,35.1643675],[129.1188943,35.1642772],[129.1189274,35.1641856],[129.1189526,35.1641146],[129.1190737,35.1637724],[129.1190975,35.1637022],[129.1189688,35.1636718],[129.118935,35.1636638],[129.1188081,35.1636338],[129.1187001,35.1636086],[129.1186281,35.1635918],[129.1186205,35.16359],[129.1184811,35.1635594],[129.1184054,35.1635416],[129.1182957,35.1635157],[129.1181666,35.1634854],[129.1181347,35.1634779],[129.1180095,35.1634485],[129.1179501,35.1634346],[129.1178174,35.1634286],[129.1177079,35.1634442],[129.1175809,35.1634623],[129.1175492,35.1634668],[129.1174208,35.1634851],[129.1172963,35.1635029],[129.1172627,35.1635077],[129.1171365,35.1635259],[129.1170114,35.1635438],[129.1168868,35.1635616],[129.1167606,35.1635796],[129.1166557,35.1635946],[129.1165527,35.1636102],[129.1165704,35.1636811]]]},"properties":{"name":"","type":"기타","admCode":"26500","mnum":"62600002650020230457UDT1000001001"}},{"type":"Feature","geometry":{"type":"Polygon","coordinates":[[[129.1069809,35.1794926],[129.1069817,35.1794551],[129.1069873,35.1793601],[129.1069937,35.1792527],[129.1069999,35.179149],[129.107002,35.1791139],[129.1070122,35.1789418],[129.1070184,35.1788365],[129.1070201,35.1788085],[129.1070269,35.1786938],[129.107034,35.1785725],[129.1070347,35.1785183],[129.1070425,35.1783667],[129.107049,35.1782377],[129.1070544,35.1781315],[129.1070557,35.1781051],[129.1070608,35.178002],[129.107066,35.1778988],[129.1069233,35.1778937],[129.1067939,35.1778891],[129.1067957,35.1778601],[129.1066985,35.1778559],[129.1066964,35.1778699],[129.1066767,35.1778685],[129.1065567,35.1778594],[129.1065481,35.1779266],[129.106445,35.1779177],[129.1063414,35.1779089],[129.1063106,35.1779063],[129.1062783,35.1779035],[129.1061451,35.1778922],[129.1060202,35.1778815],[129.1059882,35.1778788],[129.1058619,35.177868],[129.1058089,35.1778635],[129.1056754,35.1778521],[129.1056414,35.1778492],[129.1054981,35.177837],[129.105431,35.1778313],[129.1052799,35.1778184],[129.1051342,35.1778083],[129.1050147,35.1777973],[129.1048068,35.1777802],[129.1046802,35.1777699],[129.1046707,35.1777692],[129.1046463,35.1777672],[129.1045178,35.1777565],[129.1043905,35.1777459],[129.104187,35.1777289],[129.1041229,35.1777236],[129.1040196,35.1777149],[129.1039681,35.1777106],[129.1038296,35.1776977],[129.103631,35.1776819],[129.103528,35.1776737],[129.1035007,35.1776715],[129.1034599,35.1776976],[129.1034544,35.1777403],[129.1034513,35.1777649],[129.1034189,35.1780166],[129.1034118,35.1780256],[129.1032888,35.1780197],[129.1032125,35.1780161],[129.1031606,35.1780663],[129.1031369,35.1780337],[129.1029975,35.1780995],[129.1029784,35.1781202],[129.1029557,35.1781128],[129.1029661,35.1781616],[129.1029426,35.1782409],[129.1029875,35.1782745],[129.1030022,35.1783113],[129.1030253,35.1783029],[129.1030223,35.1783006],[129.103043,35.1782949],[129.1030683,35.1783134],[129.1030991,35.1783275],[129.1031194,35.1783368],[129.1031679,35.1783469],[129.103295,35.1784222],[129.1033639,35.1784452],[129.1033593,35.1784807],[129.1037422,35.1786955],[129.1037248,35.1788647],[129.1037038,35.1790679],[129.1036757,35.1790902],[129.1035473,35.1791131],[129.1028785,35.1792322],[129.1028049,35.1792784],[129.1026592,35.1793698],[129.1025423,35.1794432],[129.1024568,35.1794968],[129.1023642,35.1795549],[129.1022744,35.1796112],[129.1023801,35.1797262],[129.1023966,35.1797441],[129.1024746,35.1798077],[129.1025923,35.1799037],[129.1027046,35.1799948],[129.1027958,35.1799402],[129.1028684,35.1798967],[129.1029077,35.1799957],[129.1029494,35.1801009],[129.1029419,35.1801461],[129.1029311,35.1801787],[129.1029155,35.1801661],[129.1028781,35.1802453],[129.102853,35.180294],[129.1028274,35.1803305],[129.1027829,35.1803899],[129.1028705,35.1804115],[129.10291,35.1804213],[129.1030367,35.1805159],[129.1031195,35.1805778],[129.1031491,35.1805998],[129.103204,35.1806331],[129.1032385,35.180654],[129.1033268,35.1807076],[129.1034132,35.18076],[129.1034982,35.1808187],[129.10359,35.1808755],[129.1036529,35.180806],[129.103715,35.1807961],[129.1039221,35.1805739],[129.1041425,35.1807031],[129.1041987,35.1806904],[129.10435,35.1806773],[129.1044212,35.1806417],[129.104442,35.1806339],[129.1053146,35.1803177],[129.105838,35.1803284],[129.1060027,35.180271],[129.1060215,35.1803508],[129.1060363,35.1804138],[129.1061956,35.1804308],[129.1061956,35.1804309],[129.1062361,35.1804352],[129.1062468,35.1804363],[129.1062472,35.1803506],[129.1062474,35.1803257],[129.1062481,35.1801856],[129.1062535,35.1801837],[129.1062488,35.1800513],[129.1064044,35.1800481],[129.1065669,35.1800448],[129.1065685,35.1800744],[129.1066228,35.1800549],[129.1065952,35.1797127],[129.1069767,35.1796795],[129.1069776,35.1796431],[129.1069788,35.1795946],[129.1069809,35.1794926]]]},"properties":{"name":"","type":"기타","admCode":"26500","mnum":"62600002650020250090UDT1000001001"}},{"type":"Feature","geometry":{"type":"Polygon","coordinates":[[[129.1143502,35.1595599],[129.1144345,35.1595417],[129.1144783,35.1595665],[129.1147257,35.1595323],[129.1147774,35.1595251],[129.1148815,35.1595107],[129.1148932,35.1595125],[129.1149235,35.159508],[129.1149356,35.1595062],[129.1150678,35.1594867],[129.1156152,35.1594053],[129.1157499,35.159385],[129.1160895,35.1593353],[129.1162247,35.1593157],[129.1162486,35.1593122],[129.1163769,35.1592936],[129.1163986,35.1592904],[129.1165426,35.1592694],[129.1166474,35.1592541],[129.1166643,35.1592516],[129.1167592,35.1592378],[129.1169079,35.159216],[129.1170475,35.1591963],[129.11714,35.159183],[129.1172583,35.1591658],[129.117388,35.1591471],[129.1175872,35.1591183],[129.1177077,35.159101],[129.1177168,35.1590997],[129.1177276,35.1590982],[129.117849,35.1590808],[129.117974,35.1590628],[129.1179827,35.1590616],[129.1179909,35.1590604],[129.1181084,35.1590436],[129.118213,35.1590286],[129.118352,35.1590079],[129.1184576,35.1589924],[129.1186013,35.1589713],[129.1187453,35.1589496],[129.1187884,35.1589434],[129.1189333,35.1589225],[129.1190762,35.158902],[129.1191189,35.1588959],[129.1192646,35.1588749],[129.119408,35.1588543],[129.1194526,35.1588479],[129.1195971,35.158827],[129.1197411,35.1588062],[129.1197865,35.1587999],[129.1199293,35.1587793],[129.1201124,35.1587529],[129.1202687,35.1587319],[129.1204436,35.158705],[129.1204457,35.158705],[129.1206214,35.1586777],[129.1208086,35.158649],[129.1207222,35.1585367],[129.1206471,35.1586089],[129.1202357,35.1586685],[129.1201855,35.1586503],[129.1201778,35.1586402],[129.1200865,35.1585211],[129.1200629,35.1584903],[129.1199603,35.1583564],[129.119872,35.1582421],[129.119848,35.158211],[129.1197767,35.1581185],[129.1197059,35.1580268],[129.1196586,35.1579656],[129.1195723,35.1578538],[129.1195125,35.157774],[129.1194382,35.1576748],[129.1194151,35.1576438],[129.1193342,35.1575359],[129.1192543,35.1574292],[129.1192307,35.1573977],[129.1192249,35.1573899],[129.1176325,35.1576196],[129.1167473,35.1577477],[129.116703,35.1577229],[129.1165308,35.1569061],[129.1164996,35.1567603],[129.1164722,35.1566433],[129.1164404,35.1564911],[129.116418,35.1563835],[129.1164135,35.1563618],[129.1163026,35.1558295],[129.1162495,35.1555746],[129.1161922,35.1556199],[129.1161081,35.1556865],[129.1160328,35.155746],[129.1159636,35.1558008],[129.1158733,35.1558722],[129.1158547,35.1558869],[129.1157597,35.1559608],[129.1156425,35.1560532],[129.1155526,35.1561236],[129.1155286,35.1561425],[129.1154456,35.1562076],[129.1153702,35.1562668],[129.1153442,35.1562871],[129.1152603,35.1563533],[129.115163,35.15643],[129.1151004,35.1564793],[129.1150376,35.1565091],[129.1150641,35.1566321],[129.1150867,35.1567369],[129.1151118,35.1568535],[129.1151146,35.1568651],[129.1151168,35.1568748],[129.115124,35.1569074],[129.1151432,35.1569933],[129.115165,35.1570908],[129.1151711,35.157118],[129.1151907,35.1572069],[129.1152104,35.1572967],[129.1152266,35.1573703],[129.1152544,35.1574893],[129.1152673,35.1575515],[129.1152978,35.1576974],[129.1153246,35.1578258],[129.1153447,35.1579224],[129.1153147,35.1579595],[129.1151241,35.1579871],[129.1150077,35.158004],[129.1149985,35.1580053],[129.1149894,35.1580066],[129.1148788,35.1580225],[129.1148309,35.1580294],[129.1148097,35.1580324],[129.1146434,35.1580562],[129.1146218,35.1580593],[129.1145591,35.1580683],[129.1145378,35.1580714],[129.1143988,35.1580912],[129.1142729,35.1581091],[129.1140507,35.1581408],[129.1140771,35.1582638],[129.1140797,35.1582757],[129.1141037,35.1583881],[129.1141207,35.1584672],[129.1141574,35.1586387],[129.1141567,35.1586395],[129.1141891,35.158793],[129.1142172,35.158926],[129.1142237,35.1589565],[129.1142287,35.1589805],[129.1142714,35.1591828],[129.1142951,35.1592964],[129.1143182,35.159407],[129.1143502,35.1595599]]]},"properties":{"name":"","type":"기타","admCode":"26500","mnum":"62600002650020240458UDT1000001001"}},{"type":"Feature","geometry":{"type":"Polygon","coordinates":[[[129.1079494,35.1545813],[129.1081092,35.15481],[129.1081721,35.1548999],[129.1081986,35.154955],[129.108212,35.1550106],[129.1083497,35.1551667],[129.1084073,35.1551993],[129.1084854,35.1552436],[129.1085805,35.1553495],[129.108627,35.1553768],[129.1086688,35.1554063],[129.1087142,35.1554398],[129.1087895,35.1554798],[129.1087989,35.1554848],[129.1088057,35.1554788],[129.1088846,35.1554087],[129.1089909,35.1553297],[129.1090747,35.1552941],[129.1091487,35.1552627],[129.1092722,35.1553975],[129.1093967,35.1555334],[129.1094928,35.1556359],[129.1095081,35.1556521],[129.1095233,35.1556512],[129.1095258,35.1556329],[129.1095516,35.1556584],[129.1095471,35.1556834],[129.1096728,35.1557262],[129.1100625,35.1558589],[129.1100856,35.1558134],[129.1100912,35.1558023],[129.1101379,35.1556552],[129.110216,35.1555049],[129.1102741,35.1553707],[129.1102783,35.1553272],[129.110285,35.1552582],[129.1103219,35.155208],[129.1103351,35.1551891],[129.1103394,35.1551463],[129.1103454,35.1550867],[129.110347,35.1550712],[129.1103527,35.1550123],[129.1103625,35.154909],[129.1103668,35.1548663],[129.1103706,35.1548279],[129.1103444,35.1546449],[129.1103037,35.1543912],[129.1102981,35.1543557],[129.1102818,35.1542545],[129.1102641,35.1541437],[129.1102476,35.1540405],[129.1102286,35.1539215],[129.1102092,35.1538007],[129.1102077,35.1537911],[129.1101939,35.1537],[129.1101889,35.1536666],[129.1101848,35.1536395],[129.1101801,35.1536089],[129.1101656,35.1535123],[129.1101581,35.1534629],[129.1101478,35.1533947],[129.1101524,35.1533402],[129.1101531,35.1533204],[129.1100808,35.15331],[129.1100046,35.153299],[129.1099849,35.1532792],[129.1099546,35.1532779],[129.109799,35.1532715],[129.1097089,35.1532511],[129.1096807,35.1532726],[129.1092687,35.1532153],[129.1091854,35.1531725],[129.1091646,35.1531567],[129.1091957,35.1532443],[129.1092217,35.1533173],[129.1091685,35.1534792],[129.10903,35.1534839],[129.1089033,35.1534572],[129.1088864,35.1534536],[129.1088917,35.1534638],[129.108841,35.1534525],[129.1088103,35.1534548],[129.108698,35.1534627],[129.1086485,35.1534653],[129.1086114,35.1534599],[129.1085796,35.1534619],[129.1084171,35.1535029],[129.1083595,35.1535174],[129.1083476,35.1535204],[129.1082246,35.1537102],[129.1081682,35.1538838],[129.1081623,35.153953],[129.1081601,35.1539613],[129.1081493,35.1540644],[129.1080939,35.1542393],[129.108031,35.1544133],[129.107999,35.1545017],[129.1079494,35.1545813]]]},"properties":{"name":"광안1주택재개발정비구역","type":"재개발","admCode":"26500","mnum":"62600002650020200149UDT1000001001"}},{"type":"Feature","geometry":{"type":"Polygon","coordinates":[[[129.110871,35.1422683],[129.1109388,35.1422706],[129.1109928,35.1422791],[129.1110468,35.1422875],[129.1110691,35.1423153],[129.1110586,35.1423774],[129.1110481,35.1424395],[129.1110355,35.1424838],[129.111023,35.142528],[129.1110186,35.1425435],[129.1110113,35.1425688],[129.1110066,35.1425854],[129.111146,35.1426321],[129.1112055,35.1426521],[129.1112321,35.142661],[129.1113103,35.1426872],[129.1113183,35.1426899],[129.1113741,35.1427086],[129.1114253,35.1427257],[129.1113902,35.1427905],[129.1113532,35.1428588],[129.1113446,35.1429836],[129.111336,35.1431085],[129.1113451,35.143143],[129.1113543,35.1431775],[129.1114462,35.1432729],[129.111538,35.1433684],[129.1115564,35.1435358],[129.1115747,35.1437033],[129.1115833,35.1437781],[129.111586,35.1438045],[129.1115418,35.1438187],[129.1114956,35.1438335],[129.1111669,35.1439368],[129.1113982,35.1444485],[129.1114093,35.1444732],[129.1114522,35.1445293],[129.1115148,35.1446112],[129.1116248,35.1447551],[129.1120643,35.1453302],[129.1121199,35.1454029],[129.1121585,35.145421],[129.112307,35.1453604],[129.112711,35.1451498],[129.1127923,35.1450997],[129.1128371,35.1450633],[129.1128892,35.1450016],[129.1129186,35.1449479],[129.1129418,35.1449072],[129.1131438,35.1445521],[129.1131711,35.1448159],[129.1131855,35.1449555],[129.1132734,35.144977],[129.1133622,35.1449987],[129.1134081,35.1450006],[129.1133858,35.1450221],[129.1133634,35.1450437],[129.1133533,35.1450536],[129.1133426,35.1450643],[129.1133972,35.1452774],[129.1134487,35.1454786],[129.1135464,35.1456821],[129.113644,35.1458855],[129.1135889,35.1458886],[129.1135339,35.1458917],[129.1135414,35.1459289],[129.113549,35.1459661],[129.1135524,35.1459855],[129.1135557,35.1460048],[129.1140517,35.1459873],[129.1141288,35.1459846],[129.1143161,35.145978],[129.1145477,35.1459698],[129.1146294,35.1459669],[129.1146657,35.1459656],[129.1147019,35.1459643],[129.1146923,35.1459878],[129.1146675,35.1460486],[129.1146426,35.1461094],[129.1146792,35.1461087],[129.1147498,35.1461073],[129.1147924,35.1461065],[129.1151068,35.1461003],[129.1155709,35.1460911],[129.1166547,35.146059],[129.1173272,35.1460477],[129.1177233,35.1460401],[129.1177105,35.1451121],[129.1176899,35.144286],[129.1176716,35.143534],[129.117659,35.1430028],[129.1176284,35.1417758],[129.1175978,35.1406806],[129.1175867,35.1399569],[129.1175866,35.1399501],[129.1158504,35.1395556],[129.1155209,35.1394826],[129.1154296,35.1394821],[129.1153408,35.1394817],[129.1151066,35.1394806],[129.1148825,35.1394795],[129.1146551,35.139478],[129.1144083,35.1394778],[129.1142714,35.1394772],[129.1141885,35.1394762],[129.1140701,35.1394756],[129.1140106,35.1394752],[129.1140531,35.1396334],[129.1140634,35.1396731],[129.1140843,35.13975],[129.114109,35.1398424],[129.1141261,35.1399076],[129.1138332,35.1397077],[129.1137364,35.1396615],[129.1132946,35.1394971],[129.1130949,35.1394384],[129.1128425,35.1393635],[129.1127859,35.1393546],[129.1127625,35.13935],[129.1127118,35.1393575],[129.112666,35.1393691],[129.1127163,35.1393335],[129.1127634,35.1393019],[129.1124427,35.1392118],[129.1123278,35.1391788],[129.112279,35.1391642],[129.1121721,35.1391676],[129.1120769,35.1391687],[129.1120428,35.1391796],[129.1119374,35.13921],[129.1118869,35.1392248],[129.1118445,35.1392489],[129.1118091,35.1392611],[129.1117618,35.1393074],[129.1117571,35.1393352],[129.1117612,35.1394717],[129.1117354,35.1395908],[129.1116961,35.1397003],[129.1116312,35.1398785],[129.1116062,35.139888],[129.1115986,35.1399227],[129.1116112,35.1399217],[129.1115494,35.1400928],[129.1116715,35.1402275],[129.1117937,35.1403622],[129.1118198,35.1404032],[129.1118459,35.1404443],[129.1118632,35.1404716],[129.1118965,35.1405239],[129.1120101,35.1406229],[129.1121237,35.1407218],[129.1120519,35.1409215],[129.1120461,35.1409855],[129.1119925,35.1410866],[129.1119741,35.1411378],[129.1119671,35.1411571],[129.1119602,35.1411764],[129.1119521,35.141199],[129.111944,35.1412216],[129.111914,35.1412227],[129.1118642,35.1412281],[129.1116577,35.1412739],[129.1115457,35.1412987],[129.1114512,35.1413196],[129.1114187,35.1413265],[129.1112366,35.1413799],[129.1112126,35.1413904],[129.1111887,35.1414009],[129.1111218,35.1414399],[129.11108,35.1414698],[129.111058,35.1414945],[129.111036,35.1415192],[129.1110147,35.1415464],[129.1109934,35.1415736],[129.1109835,35.1415971],[129.1109735,35.1416205],[129.110926,35.1418332],[129.1108784,35.1420459],[129.110871,35.1422683]]]},"properties":{"name":"주택재건축정비사업-남천2주택재건축구역","type":"재건축","admCode":"26500","mnum":"62600002650020140318UDT1000845545"}},{"type":"Feature","geometry":{"type":"Polygon","coordinates":[[[129.1183947,35.1661963],[129.1186928,35.1662675],[129.1188803,35.1663113],[129.1190195,35.1663443],[129.1192743,35.1664043],[129.119403,35.1664347],[129.1195717,35.1664744],[129.119553,35.1665274],[129.1195462,35.1665468],[129.1195203,35.1666204],[129.1194853,35.1667198],[129.1194762,35.1667455],[129.1194707,35.1667613],[129.1194612,35.1667881],[129.1194549,35.1668059],[129.1194174,35.1669127],[129.1194143,35.1669216],[129.1194154,35.1669218],[129.1194664,35.1669316],[129.1194802,35.1669594],[129.1194802,35.1669594],[129.1194803,35.1669598],[129.1195493,35.1670981],[129.1195501,35.1670988],[129.1195545,35.1671088],[129.1195826,35.1671213],[129.1195827,35.1671213],[129.1196012,35.1671296],[129.1196018,35.1671298],[129.1196016,35.1671295],[129.1197308,35.1670856],[129.1197312,35.1670855],[129.1197477,35.1671186],[129.1197814,35.1671074],[129.119792,35.1671038],[129.1198078,35.1670986],[129.1198279,35.1670915],[129.1198952,35.1670674],[129.1198919,35.1670598],[129.119896,35.1670599],[129.1198442,35.1669599],[129.1197981,35.1668529],[129.1197956,35.166847],[129.1197756,35.1668069],[129.1197577,35.1667709],[129.1197781,35.1667744],[129.1197852,35.1667756],[129.119805,35.1667108],[129.1198137,35.1666902],[129.1198133,35.1666842],[129.1198159,35.1666758],[129.1198114,35.1665939],[129.1198109,35.1665829],[129.119809,35.1665827],[129.1197902,35.1665809],[129.1197638,35.1665751],[129.1197804,35.1665353],[129.1197882,35.1665373],[129.1198068,35.1664831],[129.1198208,35.1664429],[129.1198323,35.1664105],[129.1198594,35.1663453],[129.1197767,35.1663261],[129.1198302,35.1661733],[129.1198473,35.166167],[129.1198525,35.1661618],[129.1198555,35.166164],[129.1198674,35.1661726],[129.1198779,35.1661558],[129.119894,35.1661299],[129.1198958,35.166121],[129.1199107,35.1660873],[129.119926,35.1660913],[129.119942,35.166028],[129.1199603,35.1660062],[129.1199946,35.1659973],[129.120047,35.166007],[129.1200541,35.165982],[129.1200629,35.1659797],[129.1200698,35.1659272],[129.1200835,35.1658793],[129.1200839,35.1658777],[129.1200867,35.1658682],[129.1200864,35.1658681],[129.1200996,35.1658221],[129.1198239,35.1657576],[129.1198253,35.1657534],[129.1199099,35.1655131],[129.1199845,35.165301],[129.1200004,35.1653049],[129.1202985,35.1653771],[129.1206434,35.1643899],[129.1206363,35.1643728],[129.120636,35.1643728],[129.120692,35.1643303],[129.120769,35.164281],[129.1208052,35.1642351],[129.1208441,35.1641272],[129.1208398,35.1641081],[129.1207987,35.1639239],[129.1207473,35.1639142],[129.1207473,35.1639142],[129.1207244,35.1639098],[129.1207493,35.1638403],[129.1207696,35.1637833],[129.1208079,35.1636671],[129.1208354,35.1636687],[129.1208553,35.1636077],[129.1208823,35.1635253],[129.1209101,35.16344],[129.1209398,35.1633494],[129.1209479,35.1633249],[129.1208434,35.1633003],[129.1207267,35.1632697],[129.1207012,35.1632636],[129.1207069,35.1632473],[129.1207643,35.1630846],[129.1207643,35.1630846],[129.1206095,35.1630492],[129.1204938,35.1630227],[129.1204716,35.1630176],[129.1204484,35.1630123],[129.1203243,35.1629839],[129.1202089,35.1629575],[129.1200701,35.1629238],[129.1199204,35.1628907],[129.1198887,35.1628837],[129.1197636,35.1628561],[129.1197318,35.162849],[129.1195796,35.1628154],[129.1195448,35.1629151],[129.1195081,35.1630199],[129.1194795,35.1631018],[129.1194505,35.1631847],[129.1194077,35.1633103],[129.119402,35.1633265],[129.1193607,35.1634436],[129.1193577,35.163452],[129.1193257,35.1635438],[129.1192919,35.1636406],[129.1192567,35.1637412],[129.1192326,35.1638095],[129.1191887,35.1639355],[129.1191483,35.1640514],[129.1191385,35.1640684],[129.1191227,35.1641144],[129.119106,35.164163],[129.1190995,35.164182],[129.1190692,35.1642704],[129.1190612,35.1642936],[129.1190307,35.1643825],[129.119,35.164472],[129.1189632,35.1645792],[129.1189538,35.1646061],[129.1189174,35.1647102],[129.1188734,35.1648362],[129.1188539,35.164888],[129.1188203,35.1649838],[129.1187874,35.1650775],[129.1187781,35.1651041],[129.1187453,35.1651976],[129.1187079,35.1653044],[129.1187043,35.1653147],[129.118699,35.1653299],[129.1186622,35.165435],[129.1186567,35.1654504],[129.1186309,35.1655244],[129.1186207,35.1655536],[129.1184973,35.1658992],[129.1184909,35.1659177],[129.1184612,35.1660038],[129.1183947,35.1661963]]]},"properties":{"name":"민락2재개발정비구역","type":"재개발","admCode":"26500","mnum":"62600002650020220350UDT1000001001"}},{"type":"Feature","geometry":{"type":"Polygon","coordinates":[[[129.1078316,35.1741942],[129.1078071,35.1741454],[129.1077987,35.1741294],[129.1077694,35.1741148],[129.1077189,35.1740896],[129.1076691,35.1740697],[129.1076573,35.174065],[129.1076428,35.1740592],[129.1076232,35.1740514],[129.1076086,35.1740462],[129.1075888,35.1740392],[129.107554,35.1740307],[129.1075394,35.1740293],[129.1075455,35.1740549],[129.1075338,35.1741006],[129.1075331,35.1741248],[129.107529,35.1742116],[129.1073095,35.1742592],[129.1072819,35.1742652],[129.1071425,35.1743023],[129.1071181,35.1743063],[129.1070695,35.1743145],[129.1069946,35.1743272],[129.1069911,35.1743278],[129.1069795,35.174343],[129.1069262,35.17434],[129.1067297,35.1743282],[129.1066965,35.1743262],[129.1066859,35.1742734],[129.1066105,35.1742661],[129.1065555,35.1742691],[129.1064426,35.1742753],[129.1063964,35.1742774],[129.1063918,35.1742772],[129.1063376,35.1743051],[129.106241,35.1743409],[129.1061103,35.1743411],[129.1059688,35.1743427],[129.1058353,35.1743441],[129.105695,35.1743456],[129.105589,35.174336],[129.1055023,35.1743233],[129.1054106,35.1743098],[129.1053756,35.1743047],[129.1052842,35.1742913],[129.1051523,35.1742711],[129.1051317,35.174268],[129.1051316,35.1742322],[129.1049878,35.1742123],[129.1043261,35.1742816],[129.1041073,35.1742232],[129.1040907,35.1742187],[129.1040937,35.1742579],[129.1039967,35.1742319],[129.103852,35.1741931],[129.1037491,35.1741655],[129.1036224,35.1741378],[129.1035147,35.1741226],[129.1033761,35.1741031],[129.1033583,35.1741006],[129.1033335,35.1740971],[129.103198,35.1740781],[129.1030948,35.1740635],[129.1030681,35.1740789],[129.1030564,35.1741702],[129.1030453,35.1742565],[129.103034,35.1743449],[129.1030232,35.1744287],[129.1030147,35.1744921],[129.1030117,35.1745149],[129.1030082,35.1745416],[129.1029969,35.1746276],[129.1029889,35.1746888],[129.1029847,35.1747208],[129.1029796,35.1747602],[129.1029735,35.1748064],[129.1029677,35.1748472],[129.1029597,35.1749029],[129.1029542,35.1749453],[129.1029468,35.1750025],[129.1029377,35.1750726],[129.1029341,35.1751007],[129.1029278,35.1751492],[129.1029231,35.1751851],[129.1029127,35.1752603],[129.1029099,35.1752801],[129.1029038,35.1753237],[129.1028915,35.1754183],[129.1028793,35.1755123],[129.1028671,35.1756059],[129.1028549,35.1756988],[129.1028377,35.1758294],[129.1028777,35.1758646],[129.1029782,35.1758728],[129.1031046,35.1758832],[129.1031279,35.1758851],[129.1032226,35.1758931],[129.1033197,35.1759013],[129.1033887,35.1759071],[129.1035338,35.1759215],[129.1037901,35.1759422],[129.1039,35.1759512],[129.1039323,35.1759539],[129.1040444,35.1759631],[129.1041882,35.1759772],[129.1043245,35.1759884],[129.1043291,35.1759888],[129.1044959,35.1760025],[129.1045298,35.1760078],[129.1046299,35.176016],[129.1046316,35.1760163],[129.1047003,35.1760226],[129.1047147,35.1760232],[129.1048454,35.1760324],[129.1049554,35.1760413],[129.1051068,35.1760538],[129.1051398,35.1760564],[129.1052648,35.1760666],[129.1053632,35.1760746],[129.1054942,35.1760886],[129.1056161,35.1760982],[129.1057369,35.1761079],[129.1057589,35.1761106],[129.1060063,35.1761325],[129.1060539,35.1761113],[129.106079,35.1759275],[129.1060935,35.1758159],[129.1060957,35.1757868],[129.106109,35.1756812],[129.1061249,35.1755474],[129.1061382,35.1754427],[129.1061483,35.1753616],[129.1061503,35.1753432],[129.1061614,35.1752495],[129.1061719,35.1751646],[129.106185,35.1750623],[129.1062866,35.1750546],[129.1066464,35.1750377],[129.1068103,35.1750298],[129.1069407,35.1750217],[129.1070068,35.1750182],[129.107113,35.1750125],[129.1072222,35.1750067],[129.1072435,35.1750055],[129.1073544,35.1749998],[129.1074057,35.1749971],[129.1074717,35.1748726],[129.1075257,35.1747707],[129.1076218,35.1745891],[129.1076876,35.1744645],[129.107752,35.1743429],[129.1077585,35.1743305],[129.1077663,35.1743181],[129.1078073,35.1742405],[129.1078316,35.1741942],[129.1078316,35.1741942]]]},"properties":{"name":"정비구역","type":"기타","admCode":"26500","mnum":"62600002650020240079UDT1000001001"}},{"type":"Feature","geometry":{"type":"Polygon","coordinates":[[[129.1088131,35.1570481],[129.1089493,35.1568952],[129.1090096,35.1568372],[129.108979,35.1568305],[129.1087615,35.1565334],[129.1085435,35.1565063],[129.1085225,35.1565037],[129.1083566,35.1564832],[129.1082797,35.1564736],[129.1082183,35.1564838],[129.1081828,35.1565652],[129.1081279,35.1566914],[129.10812,35.1566874],[129.1079065,35.1571742],[129.1078552,35.157195],[129.107437,35.1571302],[129.1074083,35.1571828],[129.1073931,35.1571824],[129.1072894,35.1571798],[129.107285,35.1572123],[129.1072701,35.1573218],[129.1072479,35.1574865],[129.1072297,35.1576209],[129.1072161,35.1577212],[129.107303,35.1578649],[129.1073254,35.1579019],[129.10748,35.1579883],[129.1075433,35.1580237],[129.1076265,35.158055],[129.1076873,35.1580112],[129.1078254,35.1579119],[129.1079034,35.1578557],[129.1080574,35.1577449],[129.1080931,35.1577192],[129.1081748,35.1576604],[129.1082741,35.1575889],[129.1083814,35.1575115],[129.1084276,35.1574743],[129.1085142,35.1573783],[129.1085423,35.1573471],[129.108644,35.1572343],[129.1087019,35.1571701],[129.1087312,35.1571378],[129.1088008,35.1570619],[129.1088131,35.1570481]]]},"properties":{"name":"광안2주택재건축구역","type":"재건축","admCode":"26500","mnum":"62600002650020090171UDT1000036012"}},{"type":"Feature","geometry":{"type":"Polygon","coordinates":[[[129.0142208,35.1463907],[129.0141136,35.1465105],[129.0140509,35.1465715],[129.0140402,35.1465651],[129.0139125,35.1467],[129.0138821,35.1467282],[129.0138412,35.1467413],[129.0137874,35.1467369],[129.0137874,35.1468534],[129.0138593,35.1468578],[129.013918,35.1468681],[129.0139256,35.1468579],[129.0139959,35.1469027],[129.0142472,35.1470706],[129.0144789,35.1472271],[129.0145057,35.1472455],[129.0146739,35.1473606],[129.0147083,35.1473836],[129.0145947,35.1477657],[129.014541,35.1479465],[129.0144885,35.1481115],[129.0143626,35.148196],[129.0142841,35.1482539],[129.0142531,35.1482599],[129.0140032,35.1495051],[129.0139331,35.1495485],[129.0141239,35.1495665],[129.0141873,35.1495676],[129.0144564,35.1495734],[129.0146299,35.1495822],[129.0147132,35.1495845],[129.0148358,35.1495884],[129.0149538,35.1495918],[129.0150735,35.1495953],[129.0151891,35.1495986],[129.0152775,35.1496023],[129.0153843,35.1496056],[129.0154925,35.1496086],[129.0155974,35.1496115],[129.015709,35.1496147],[129.0157461,35.1496152],[129.0158986,35.1496179],[129.0159981,35.1496193],[129.016042,35.1496221],[129.016077,35.1496229],[129.0161006,35.1496046],[129.0161519,35.1495634],[129.016151,35.1494928],[129.0161567,35.14937],[129.0161554,35.1493345],[129.0161533,35.1492788],[129.0161529,35.1492707],[129.0161522,35.1492453],[129.0161508,35.1491452],[129.0161506,35.1491334],[129.0161511,35.1490452],[129.0161522,35.1490082],[129.0161538,35.1488853],[129.0161541,35.1488573],[129.0161536,35.148753],[129.0161538,35.1486272],[129.0161533,35.1485857],[129.0161542,35.1484678],[129.016167,35.1483983],[129.0161796,35.1482958],[129.0161822,35.1482669],[129.0162048,35.1481061],[129.0162416,35.1479463],[129.0162594,35.147869],[129.0163161,35.1476221],[129.016315,35.1475817],[129.016314,35.1475125],[129.0163138,35.1474844],[129.0162842,35.147419],[129.0162734,35.147395],[129.0161718,35.1473103],[129.0160696,35.1472343],[129.0159961,35.1471813],[129.0159671,35.1471488],[129.015815,35.147036],[129.0157087,35.1469578],[129.0155898,35.14687],[129.0154753,35.1467853],[129.0153627,35.1467026],[129.0152426,35.1466128],[129.0152241,35.1465997],[129.0151768,35.1465647],[129.0150934,35.1465031],[129.0150069,35.1464392],[129.0149154,35.146372],[129.0148278,35.1463075],[129.0148021,35.1463269],[129.0147241,35.1462748],[129.0146412,35.1462194],[129.0145451,35.1461552],[129.0144741,35.1461076],[129.0143778,35.1462012],[129.0143518,35.1462293],[129.0142809,35.1463017],[129.0142065,35.1463789],[129.0142208,35.1463907]]]},"properties":{"name":"주례3 재개발사업 정비구역","type":"재개발","admCode":"26530","mnum":"62600002653020260019UDT1000001001"}},{"type":"Feature","geometry":{"type":"Polygon","coordinates":[[[129.0027144,35.1460389],[129.0027288,35.1460016],[129.002722,35.1459593],[129.0027151,35.1459169],[129.0027055,35.1458778],[129.0026958,35.1458387],[129.0027146,35.1458156],[129.0027334,35.1457925],[129.0027505,35.145778],[129.0027676,35.1457636],[129.0027783,35.1457593],[129.002789,35.145755],[129.0028085,35.1457472],[129.0028281,35.1457393],[129.0028379,35.1457242],[129.0028476,35.1457091],[129.0028446,35.1456871],[129.0028416,35.145665],[129.002868,35.1456303],[129.0028944,35.1455957],[129.0029057,35.1455792],[129.002917,35.1455628],[129.0029349,35.1455856],[129.0029528,35.1456084],[129.0029814,35.1456351],[129.00301,35.1456618],[129.0030423,35.1456645],[129.0030747,35.1456671],[129.0030898,35.1456134],[129.003172,35.1453326],[129.0031937,35.145259],[129.0032027,35.1452294],[129.0032731,35.1452298],[129.0034083,35.1452302],[129.0035124,35.1452309],[129.0035383,35.1452068],[129.0036046,35.1451337],[129.0036264,35.1451112],[129.0036365,35.1450405],[129.0036423,35.1450339],[129.003725,35.1449511],[129.0037459,35.1449382],[129.003885,35.1448529],[129.0038987,35.1448342],[129.003986,35.144721],[129.0040741,35.1446067],[129.0041625,35.1444909],[129.004221,35.1444182],[129.0042634,35.1443809],[129.0043059,35.1443417],[129.0044016,35.1442532],[129.0041516,35.144255],[129.0040269,35.1442558],[129.0040095,35.1442573],[129.0039127,35.1442657],[129.0038153,35.1442741],[129.003651,35.1442883],[129.0034775,35.1443036],[129.003365,35.1443133],[129.0032444,35.1443238],[129.0031231,35.1443339],[129.0030335,35.1443417],[129.0030001,35.1443446],[129.0028785,35.1443549],[129.0027577,35.1443653],[129.0026257,35.1443759],[129.002488,35.1443874],[129.0023445,35.1444001],[129.0022005,35.1444124],[129.0020495,35.1444254],[129.0019004,35.1444382],[129.0016211,35.1444585],[129.0006666,35.144528],[129.0006346,35.1445316],[129.0005266,35.144558],[129.0001515,35.1446507],[129.0000501,35.1446755],[128.999943,35.1447021],[128.9998274,35.1447304],[128.9998009,35.1447373],[128.9995289,35.1448087],[128.9995546,35.1452613],[128.9995665,35.1454716],[128.9995773,35.145476],[128.9998119,35.1455678],[128.9998621,35.1455873],[129.0000266,35.1456511],[129.0000489,35.1456599],[129.0001611,35.1456983],[129.0001922,35.145709],[129.0002088,35.1457144],[129.0002377,35.145721],[129.0002851,35.1457317],[129.0003389,35.1457438],[129.0003818,35.1457538],[129.0005209,35.1457766],[129.0005658,35.145784],[129.0006346,35.1457956],[129.0007054,35.1458075],[129.0007662,35.1458177],[129.0009654,35.145844],[129.0009667,35.1458442],[129.0009902,35.1458541],[129.0011011,35.1458714],[129.0011869,35.1458865],[129.0012312,35.1458934],[129.0012959,35.1459031],[129.0014521,35.1459286],[129.0014846,35.1459344],[129.0016358,35.1459596],[129.0017794,35.1459839],[129.0018132,35.1459897],[129.0019497,35.1460132],[129.0019976,35.1460225],[129.0020647,35.1460269],[129.0025012,35.1460597],[129.0026999,35.1460763],[129.0027144,35.1460389]]]},"properties":{"name":"주례4 재개발사업 정비구역","type":"재개발","admCode":"26530","mnum":"62600002653020250456UDT1000001001"}},{"type":"Feature","geometry":{"type":"Polygon","coordinates":[[[129.0016448,35.1470444],[129.0014948,35.1471867],[129.0014948,35.1471867],[129.0013228,35.1472562],[129.001179,35.1473188],[129.0011812,35.1473531],[129.0015132,35.1474803],[129.0011936,35.1475527],[129.0011916,35.1475572],[129.0011486,35.1476721],[129.0011476,35.1476749],[129.0011419,35.1476872],[129.0011157,35.1477327],[129.0011112,35.1477879],[129.0011714,35.1478209],[129.0011783,35.1478303],[129.0012277,35.1478911],[129.0012317,35.1479441],[129.0012172,35.147976],[129.0012083,35.1479955],[129.0012049,35.148003],[129.0011989,35.1480166],[129.0011913,35.1480388],[129.0011603,35.1481183],[129.0011262,35.1482064],[129.0010968,35.1482823],[129.0010528,35.1483943],[129.0010997,35.1484022],[129.0012848,35.1484624],[129.0014363,35.1485115],[129.0016187,35.148587],[129.0016981,35.1486501],[129.0017167,35.1486755],[129.0017184,35.1486941],[129.0017231,35.1487143],[129.0019648,35.1488047],[129.0022965,35.1489429],[129.0025538,35.1490597],[129.0030446,35.1494475],[129.0030755,35.1494652],[129.0035031,35.149811],[129.0036847,35.1499973],[129.0037693,35.1500373],[129.0037931,35.150007],[129.0038186,35.149936],[129.0038693,35.1497037],[129.0040102,35.1494094],[129.0041081,35.1492811],[129.0041339,35.149239],[129.0041429,35.1491551],[129.0042208,35.1490376],[129.0042564,35.1489339],[129.0043225,35.1488411],[129.0043992,35.1487931],[129.0044278,35.1487751],[129.0044844,35.1487108],[129.0045481,35.1486887],[129.0045964,35.148662],[129.0046031,35.1486579],[129.0046022,35.1486025],[129.0046859,35.1484363],[129.0047976,35.1483029],[129.0048387,35.1481905],[129.0049545,35.1480922],[129.00505,35.1480207],[129.0051228,35.1479252],[129.0051465,35.1478454],[129.0051769,35.147763],[129.0051508,35.1477396],[129.0051014,35.147709],[129.0051622,35.1475001],[129.005119,35.1474209],[129.0051528,35.1473335],[129.0051754,35.1472741],[129.0050764,35.147238],[129.0048965,35.1472284],[129.0046947,35.1472173],[129.004704,35.1471047],[129.0045123,35.1470403],[129.004425,35.1470236],[129.0043766,35.1470146],[129.0043354,35.147063],[129.0042556,35.1471396],[129.0042776,35.1469784],[129.0042738,35.1469242],[129.0042657,35.1468051],[129.0042383,35.1466301],[129.0042869,35.1466038],[129.0043354,35.1465985],[129.0043866,35.146473],[129.0043582,35.1464103],[129.0042676,35.1463873],[129.0041474,35.146357],[129.0040661,35.146377],[129.0040652,35.1463982],[129.0041443,35.1464287],[129.004239,35.1464644],[129.0041106,35.1466889],[129.0037526,35.1465504],[129.0037666,35.1465238],[129.0035623,35.1464454],[129.0036575,35.1462747],[129.0023656,35.1461759],[129.0023206,35.1461999],[129.0022545,35.1462345],[129.0021524,35.1462822],[129.0021141,35.146349],[129.0020907,35.146395],[129.0020858,35.1464375],[129.0021459,35.1465294],[129.0021567,35.1466241],[129.0021445,35.1466954],[129.0021369,35.1467793],[129.0020778,35.1468462],[129.0019985,35.1468824],[129.0018372,35.1469719],[129.0017647,35.1469464],[129.0017035,35.1469687],[129.0016448,35.1470444]]]},"properties":{"name":"주례1 재건축사업 정비구역","type":"재건축","admCode":"26530","mnum":"62600002653020250418UDT1000001001"}},{"type":"Feature","geometry":{"type":"Polygon","coordinates":[[[129.0033387,35.1529486],[129.0033287,35.1529699],[129.0033148,35.1529945],[129.0032996,35.1530185],[129.0032817,35.1530411],[129.0032612,35.1530625],[129.0032394,35.1530826],[129.0032155,35.1531012],[129.00319,35.1531187],[129.0031625,35.1531337],[129.0031339,35.1531472],[129.0031042,35.1531589],[129.0030738,35.1531692],[129.0030422,35.1531772],[129.0030098,35.1531826],[129.0029771,35.1531862],[129.0029441,35.1531875],[129.0029111,35.1531864],[129.0028783,35.1531841],[129.0028456,35.1531823],[129.0028295,35.1531771],[129.0028241,35.1531754],[129.0028032,35.1531699],[129.0027822,35.1531639],[129.002762,35.1531566],[129.0027424,35.1531486],[129.0027231,35.1531394],[129.0027049,35.1531292],[129.0026783,35.153113],[129.0025798,35.153051],[129.0023976,35.1529885],[129.0023672,35.1529781],[129.0023468,35.152971],[129.0023264,35.152964],[129.0022959,35.1529541],[129.0022649,35.1529447],[129.0022442,35.1529384],[129.0022236,35.1529325],[129.0022026,35.1529272],[129.0021813,35.1529226],[129.00216,35.1529182],[129.0021385,35.1529141],[129.002117,35.1529103],[129.0020955,35.1529068],[129.0020739,35.1529035],[129.0020523,35.1529004],[129.0020305,35.1528977],[129.0020087,35.1528958],[129.0019866,35.1528945],[129.0019648,35.1528936],[129.0019426,35.1528928],[129.0019208,35.1528925],[129.0018993,35.1528924],[129.0018548,35.1528935],[129.0016456,35.1529001],[129.0016022,35.1529404],[129.0016016,35.1533368],[129.001608,35.1533553],[129.0017072,35.1536429],[129.0017118,35.1536529],[129.0017165,35.153657],[129.0017229,35.1536591],[129.0017338,35.1536597],[129.0020914,35.1536684],[129.0028081,35.1536829],[129.0033898,35.1536944],[129.0034775,35.1536964],[129.0043767,35.1536962],[129.0048838,35.1536974],[129.0050245,35.1535197],[129.0051547,35.1533553],[129.0052736,35.1532051],[129.0054969,35.1526234],[129.0054502,35.1525849],[129.0051994,35.1526243],[129.0050244,35.1526522],[129.0048321,35.1526829],[129.0046163,35.1527175],[129.0045514,35.1527277],[129.0044974,35.152736],[129.0044432,35.1527441],[129.0043889,35.1527517],[129.0043346,35.1527591],[129.0042803,35.1527663],[129.0042261,35.1527734],[129.004161,35.1527817],[129.0041065,35.1527877],[129.0040518,35.152793],[129.0039973,35.1527982],[129.0039425,35.152803],[129.0037896,35.1528153],[129.0037349,35.1528193],[129.0036801,35.1528231],[129.0036363,35.1528258],[129.0035901,35.1528284],[129.0035905,35.1528456],[129.0035909,35.1528629],[129.0035317,35.1528646],[129.0034724,35.1528664],[129.0034056,35.1529075],[129.0033387,35.1529486]]]},"properties":{"name":"주례2 재건축사업 정비구역","type":"재건축","admCode":"26530","mnum":"62600002653020250395UDT1000001001"}},{"type":"Feature","geometry":{"type":"Polygon","coordinates":[[[128.989934,35.1429661],[128.9902181,35.1431406],[128.9901285,35.1432695],[128.9902308,35.1433143],[128.9903656,35.1433733],[128.9904726,35.1434201],[128.9905925,35.1434726],[128.9905949,35.1434751],[128.9907909,35.1436836],[128.9908164,35.1436699],[128.9910542,35.1437449],[128.9913727,35.1439082],[128.9916032,35.1440257],[128.9916858,35.1440973],[128.9918506,35.1442064],[128.9921796,35.1442417],[128.9922111,35.1442398],[128.9922149,35.1442637],[128.9923284,35.1442456],[128.9924062,35.1442456],[128.9925192,35.1442456],[128.992752,35.1442456],[128.992873,35.1442586],[128.9928896,35.1441613],[128.9929081,35.1440467],[128.9929489,35.1438064],[128.9929652,35.143688],[128.9929325,35.1433551],[128.9929241,35.1432645],[128.9927651,35.1431844],[128.9926156,35.1431486],[128.9923658,35.1430183],[128.9925056,35.1427991],[128.9922876,35.1427242],[128.992148,35.1429049],[128.9917799,35.1427161],[128.9915182,35.1430493],[128.9909001,35.1427342],[128.9908104,35.1428041],[128.9906706,35.1427356],[128.9901287,35.1429453],[128.9900675,35.1429133],[128.989934,35.1429661]]]},"properties":{"name":"학장1 재건축사업 정비구역","type":"재건축","admCode":"26530","mnum":"62600002653020250382UDT1000001001"}},{"type":"Feature","geometry":{"type":"Polygon","coordinates":[[[128.9729558,35.1284376],[128.9732205,35.1284064],[128.9734604,35.1283579],[128.9738723,35.1282708],[128.9741275,35.1282196],[128.9741851,35.1281128],[128.973965,35.1278412],[128.9738968,35.1277488],[128.9738104,35.1276424],[128.9737603,35.1275811],[128.9736979,35.1275053],[128.9736431,35.1274387],[128.9735885,35.1273727],[128.9733949,35.1271283],[128.9733208,35.1270367],[128.973319,35.1270344],[128.9732952,35.1270046],[128.9732173,35.1269063],[128.9731958,35.1268804],[128.9731624,35.1268389],[128.9731319,35.1267929],[128.9731186,35.126776],[128.9730617,35.1267046],[128.9728529,35.1264438],[128.9726722,35.1262515],[128.9726094,35.1261744],[128.9725193,35.1260612],[128.9724686,35.1259967],[128.9724585,35.1259847],[128.972444,35.1259656],[128.9724184,35.1259335],[128.9724009,35.1259111],[128.9723869,35.1258929],[128.9723624,35.1258618],[128.9723291,35.1258184],[128.972245,35.1257149],[128.9722401,35.1257096],[128.972229,35.1256945],[128.9721581,35.1256046],[128.9721179,35.1256026],[128.9719923,35.1255974],[128.9718638,35.1256969],[128.9718138,35.1257356],[128.9717644,35.1257739],[128.9717149,35.1258123],[128.9716198,35.125886],[128.971576,35.1259199],[128.9715321,35.1259539],[128.9714931,35.1259842],[128.9714541,35.1260144],[128.9713715,35.1260784],[128.9713409,35.1261021],[128.9711295,35.1262593],[128.9710377,35.1263286],[128.9709459,35.1263979],[128.9709384,35.1264036],[128.9709308,35.1264093],[128.9709197,35.1264182],[128.9709086,35.1264272],[128.9708862,35.1264454],[128.9708637,35.1264635],[128.9708433,35.1264912],[128.9708229,35.1265188],[128.9708147,35.1265312],[128.9708065,35.1265436],[128.9707391,35.1266581],[128.9706716,35.1267726],[128.9706633,35.1267874],[128.970655,35.1268021],[128.9706496,35.1268117],[128.9706442,35.1268213],[128.9706347,35.1268381],[128.9706252,35.126855],[128.9706043,35.1268922],[128.9705835,35.1269294],[128.9704574,35.1271546],[128.9703962,35.1272632],[128.970386,35.1272813],[128.9703499,35.1273452],[128.9703155,35.1274062],[128.9702575,35.1275091],[128.970228,35.1275613],[128.9702156,35.1275833],[128.9701934,35.1276283],[128.9701315,35.1277343],[128.9700763,35.1278345],[128.9700501,35.1278828],[128.9700132,35.1279506],[128.9699778,35.1280157],[128.9699706,35.1280289],[128.9699613,35.1280888],[128.9699528,35.1281432],[128.9699498,35.1281628],[128.9700485,35.1283012],[128.9700602,35.1283175],[128.9701419,35.1284323],[128.970154,35.1284551],[128.9701846,35.1284927],[128.9702312,35.1285577],[128.9702578,35.1285949],[128.9702645,35.1286043],[128.9704163,35.1288161],[128.970427,35.1288312],[128.9704378,35.1288395],[128.9704514,35.1288485],[128.9704635,35.1288524],[128.9705615,35.1288827],[128.9706647,35.1288479],[128.970673,35.1288453],[128.9707903,35.128801],[128.9708191,35.1287903],[128.9708257,35.1287879],[128.9708956,35.1287638],[128.9710369,35.1287126],[128.9711629,35.1286669],[128.9715133,35.1285456],[128.9719509,35.1285123],[128.9724593,35.1284765],[128.9725861,35.1284681],[128.972581,35.1284175],[128.9725806,35.1284135],[128.9725814,35.128352],[128.9725953,35.1282765],[128.9726312,35.1282264],[128.9726952,35.1281803],[128.9727418,35.1282142],[128.9727784,35.1282145],[128.9728207,35.1282093],[128.9729464,35.1283693],[128.9729443,35.1283763],[128.9729468,35.1283891],[128.9729558,35.1284376]]]},"properties":{"name":"","type":"기타","admCode":"26530","mnum":"62600002653020250215UDT1000001001"}},{"type":"Feature","geometry":{"type":"Polygon","coordinates":[[[128.9870936,35.1663476],[128.9871123,35.1663118],[128.9870688,35.1662964],[128.98705,35.1663322],[128.9870936,35.1663476]]]},"properties":{"name":"공공보행통로","type":"기타","admCode":"26530","mnum":"62600002653020250204UDT9990001038"}},{"type":"Feature","geometry":{"type":"Polygon","coordinates":[[[128.9870272,35.1663241],[128.9870459,35.1662883],[128.9870024,35.1662729],[128.9869836,35.1663087],[128.9870272,35.1663241]]]},"properties":{"name":"공공보행통로","type":"기타","admCode":"26530","mnum":"62600002653020250204UDT9990001037"}},{"type":"Feature","geometry":{"type":"Polygon","coordinates":[[[128.9869608,35.1663006],[128.9869795,35.1662649],[128.986936,35.1662495],[128.9869172,35.1662852],[128.9869608,35.1663006]]]},"properties":{"name":"공공보행통로","type":"기타","admCode":"26530","mnum":"62600002653020250204UDT9990001036"}},{"type":"Feature","geometry":{"type":"Polygon","coordinates":[[[128.9868944,35.1662772],[128.9869132,35.1662414],[128.9868696,35.166226],[128.9868509,35.1662618],[128.9868944,35.1662772]]]},"properties":{"name":"공공보행통로","type":"기타","admCode":"26530","mnum":"62600002653020250204UDT9990001035"}},{"type":"Feature","geometry":{"type":"Polygon","coordinates":[[[128.986828,35.1662537],[128.9868468,35.1662179],[128.9868032,35.1662025],[128.9867845,35.1662383],[128.986828,35.1662537]]]},"properties":{"name":"공공보행통로","type":"기타","admCode":"26530","mnum":"62600002653020250204UDT9990001034"}},{"type":"Feature","geometry":{"type":"Polygon","coordinates":[[[128.9867617,35.1662302],[128.9867804,35.1661945],[128.9867369,35.1661791],[128.9867181,35.1662148],[128.9867617,35.1662302]]]},"properties":{"name":"공공보행통로","type":"기타","admCode":"26530","mnum":"62600002653020250204UDT9990001033"}},{"type":"Feature","geometry":{"type":"Polygon","coordinates":[[[128.9866953,35.1662067],[128.986714,35.166171],[128.9866705,35.1661556],[128.9866517,35.1661914],[128.9866953,35.1662067]]]},"properties":{"name":"공공보행통로","type":"기타","admCode":"26530","mnum":"62600002653020250204UDT9990001032"}},{"type":"Feature","geometry":{"type":"Polygon","coordinates":[[[128.9866289,35.1661833],[128.9866476,35.1661475],[128.9866041,35.1661321],[128.9865853,35.1661679],[128.9866289,35.1661833]]]},"properties":{"name":"공공보행통로","type":"기타","admCode":"26530","mnum":"62600002653020250204UDT9990001031"}},{"type":"Feature","geometry":{"type":"Polygon","coordinates":[[[128.9865625,35.1661598],[128.9865812,35.166124],[128.9865377,35.1661087],[128.9865189,35.1661444],[128.9865625,35.1661598]]]},"properties":{"name":"공공보행통로","type":"기타","admCode":"26530","mnum":"62600002653020250204UDT9990001030"}},{"type":"Feature","geometry":{"type":"Polygon","coordinates":[[[128.9864961,35.1661363],[128.9865149,35.1661006],[128.9864713,35.1660852],[128.9864526,35.1661209],[128.9864961,35.1661363]]]},"properties":{"name":"공공보행통로","type":"기타","admCode":"26530","mnum":"62600002653020250204UDT9990001029"}},{"type":"Feature","geometry":{"type":"Polygon","coordinates":[[[128.9864297,35.1661129],[128.9864485,35.1660771],[128.9864049,35.1660617],[128.9863862,35.1660975],[128.9864297,35.1661129]]]},"properties":{"name":"공공보행통로","type":"기타","admCode":"26530","mnum":"62600002653020250204UDT9990001028"}},{"type":"Feature","geometry":{"type":"Polygon","coordinates":[[[128.9863633,35.1660894],[128.9863821,35.1660536],[128.9863386,35.1660382],[128.9863198,35.166074],[128.9863633,35.1660894]]]},"properties":{"name":"공공보행통로","type":"기타","admCode":"26530","mnum":"62600002653020250204UDT9990001027"}},{"type":"Feature","geometry":{"type":"Polygon","coordinates":[[[128.986297,35.1660659],[128.9863157,35.1660302],[128.9862722,35.1660148],[128.9862534,35.1660505],[128.986297,35.1660659]]]},"properties":{"name":"공공보행통로","type":"기타","admCode":"26530","mnum":"62600002653020250204UDT9990001026"}},{"type":"Feature","geometry":{"type":"Polygon","coordinates":[[[128.9862306,35.1660425],[128.9862493,35.1660067],[128.9862058,35.1659913],[128.986187,35.1660271],[128.9862306,35.1660425]]]},"properties":{"name":"공공보행통로","type":"기타","admCode":"26530","mnum":"62600002653020250204UDT9990001025"}},{"type":"Feature","geometry":{"type":"Polygon","coordinates":[[[128.9861642,35.166019],[128.986183,35.1659832],[128.9861394,35.1659678],[128.9861207,35.1660036],[128.9861642,35.166019]]]},"properties":{"name":"공공보행통로","type":"기타","admCode":"26530","mnum":"62600002653020250204UDT9990001024"}},{"type":"Feature","geometry":{"type":"Polygon","coordinates":[[[128.9860978,35.1659955],[128.9861166,35.1659598],[128.986073,35.1659444],[128.9860543,35.1659801],[128.9860978,35.1659955]]]},"properties":{"name":"공공보행통로","type":"기타","admCode":"26530","mnum":"62600002653020250204UDT9990001023"}},{"type":"Feature","geometry":{"type":"Polygon","coordinates":[[[128.9860314,35.1659721],[128.9860502,35.1659363],[128.9860066,35.1659209],[128.9859879,35.1659567],[128.9860314,35.1659721]]]},"properties":{"name":"공공보행통로","type":"기타","admCode":"26530","mnum":"62600002653020250204UDT9990001022"}},{"type":"Feature","geometry":{"type":"Polygon","coordinates":[[[128.9859651,35.1659486],[128.9859838,35.1659128],[128.9859403,35.1658974],[128.9859215,35.1659332],[128.9859651,35.1659486]]]},"properties":{"name":"공공보행통로","type":"기타","admCode":"26530","mnum":"62600002653020250204UDT9990001021"}},{"type":"Feature","geometry":{"type":"Polygon","coordinates":[[[128.9858987,35.1659251],[128.9859174,35.1658893],[128.9858739,35.165874],[128.9858551,35.1659097],[128.9858987,35.1659251]]]},"properties":{"name":"공공보행통로","type":"기타","admCode":"26530","mnum":"62600002653020250204UDT9990001020"}},{"type":"Feature","geometry":{"type":"Polygon","coordinates":[[[128.9858323,35.1659016],[128.985851,35.1658659],[128.9858075,35.1658505],[128.9857887,35.1658862],[128.9858323,35.1659016]]]},"properties":{"name":"공공보행통로","type":"기타","admCode":"26530","mnum":"62600002653020250204UDT9990001019"}},{"type":"Feature","geometry":{"type":"Polygon","coordinates":[[[128.9856995,35.1658547],[128.9857183,35.1658189],[128.9856747,35.1658035],[128.985656,35.1658393],[128.9856995,35.1658547]]]},"properties":{"name":"공공보행통로","type":"기타","admCode":"26530","mnum":"62600002653020250204UDT9990001018"}},{"type":"Feature","geometry":{"type":"Polygon","coordinates":[[[128.9855004,35.1657843],[128.9855191,35.1657485],[128.9854756,35.1657331],[128.9854568,35.1657689],[128.9855004,35.1657843]]]},"properties":{"name":"공공보행통로","type":"기타","admCode":"26530","mnum":"62600002653020250204UDT9990001017"}},{"type":"Feature","geometry":{"type":"Polygon","coordinates":[[[128.985434,35.1657608],[128.9854527,35.1657251],[128.9854092,35.1657097],[128.9853905,35.1657454],[128.985434,35.1657608]]]},"properties":{"name":"공공보행통로","type":"기타","admCode":"26530","mnum":"62600002653020250204UDT9990001016"}},{"type":"Feature","geometry":{"type":"Polygon","coordinates":[[[128.9855668,35.1658078],[128.9855855,35.165772],[128.985542,35.1657566],[128.9855232,35.1657924],[128.9855668,35.1658078]]]},"properties":{"name":"공공보행통로","type":"기타","admCode":"26530","mnum":"62600002653020250204UDT9990001015"}},{"type":"Feature","geometry":{"type":"Polygon","coordinates":[[[128.9853012,35.1657139],[128.98532,35.1656781],[128.9852764,35.1656627],[128.9852577,35.1656985],[128.9853012,35.1657139]]]},"properties":{"name":"공공보행통로","type":"기타","admCode":"26530","mnum":"62600002653020250204UDT9990001014"}},{"type":"Feature","geometry":{"type":"Polygon","coordinates":[[[128.9857659,35.1658782],[128.9857847,35.1658424],[128.9857411,35.165827],[128.9857224,35.1658628],[128.9857659,35.1658782]]]},"properties":{"name":"공공보행통로","type":"기타","admCode":"26530","mnum":"62600002653020250204UDT9990001013"}},{"type":"Feature","geometry":{"type":"Polygon","coordinates":[[[128.9852348,35.1656904],[128.9852536,35.1656546],[128.9852101,35.1656393],[128.9851913,35.165675],[128.9852348,35.1656904]]]},"properties":{"name":"공공보행통로","type":"기타","admCode":"26530","mnum":"62600002653020250204UDT9990001012"}},{"type":"Feature","geometry":{"type":"Polygon","coordinates":[[[128.9856331,35.1658312],[128.9856519,35.1657955],[128.9856083,35.1657801],[128.9855896,35.1658158],[128.9856331,35.1658312]]]},"properties":{"name":"공공보행통로","type":"기타","admCode":"26530","mnum":"62600002653020250204UDT9990001011"}},{"type":"Feature","geometry":{"type":"Polygon","coordinates":[[[128.9853676,35.1657374],[128.9853864,35.1657016],[128.9853428,35.1656862],[128.9853241,35.165722],[128.9853676,35.1657374]]]},"properties":{"name":"공공보행통로","type":"기타","admCode":"26530","mnum":"62600002653020250204UDT9990001010"}},{"type":"Feature","geometry":{"type":"Polygon","coordinates":[[[128.9851685,35.1656669],[128.9851872,35.1656312],[128.9851437,35.1656158],[128.9851249,35.1656515],[128.9851685,35.1656669]]]},"properties":{"name":"공공보행통로","type":"기타","admCode":"26530","mnum":"62600002653020250204UDT9990001009"}},{"type":"Feature","geometry":{"type":"Polygon","coordinates":[[[128.9849693,35.1655965],[128.9849884,35.1655609],[128.9849449,35.1655452],[128.9849259,35.1655809],[128.9849693,35.1655965]]]},"properties":{"name":"공공보행통로","type":"기타","admCode":"26530","mnum":"62600002653020250204UDT9990001008"}},{"type":"Feature","geometry":{"type":"Polygon","coordinates":[[[128.9851021,35.1656435],[128.9851208,35.1656077],[128.9850773,35.1655923],[128.9850585,35.1656281],[128.9851021,35.1656435]]]},"properties":{"name":"공공보행통로","type":"기타","admCode":"26530","mnum":"62600002653020250204UDT9990001007"}},{"type":"Feature","geometry":{"type":"Polygon","coordinates":[[[128.9850357,35.16562],[128.9850545,35.1655842],[128.9850109,35.1655688],[128.9849922,35.1656046],[128.9850357,35.16562]]]},"properties":{"name":"공공보행통로","type":"기타","admCode":"26530","mnum":"62600002653020250204UDT9990001006"}},{"type":"Feature","geometry":{"type":"Polygon","coordinates":[[[128.98716,35.166371],[128.9871787,35.1663353],[128.9871351,35.1663199],[128.9871164,35.1663556],[128.98716,35.166371]]]},"properties":{"name":"공공보행통로","type":"기타","admCode":"26530","mnum":"62600002653020250204UDT9990001005"}},{"type":"Feature","geometry":{"type":"Polygon","coordinates":[[[128.9876052,35.1659735],[128.9876677,35.1658023],[128.9876776,35.1657746],[128.9876472,35.1658041],[128.9876693,35.1657409],[128.9876933,35.1657171],[128.9876982,35.1656828],[128.9877031,35.1656491],[128.9877053,35.1656449],[128.9877807,35.1654137],[128.9877986,35.1654158],[128.9878138,35.1654177],[128.9878382,35.1653499],[128.9878545,35.1652892],[128.9878453,35.1652871],[128.9878505,35.1652656],[128.9878607,35.1652689],[128.987878,35.1652203],[128.9879107,35.1651269],[128.9879331,35.1650662],[128.9879382,35.1650492],[128.9879656,35.1649657],[128.9879815,35.1649143],[128.9879826,35.1649004],[128.9879707,35.164863],[128.9879943,35.164796],[128.9880002,35.164829],[128.988016,35.1648311],[128.9880355,35.164768],[128.9880384,35.1647534],[128.9880535,35.1647068],[128.988081,35.1646162],[128.9880881,35.1645928],[128.9881101,35.1645201],[128.988131,35.1644548],[128.9881514,35.1643927],[128.9881542,35.1642715],[128.9881128,35.1642725],[128.9880382,35.1642977],[128.9880239,35.1643022],[128.9879457,35.1643215],[128.9878145,35.1643402],[128.9877523,35.1643222],[128.9876857,35.1643652],[128.9875575,35.1643189],[128.9875415,35.1643134],[128.9874143,35.1642712],[128.9873864,35.1642612],[128.9872312,35.1642066],[128.9871299,35.1641707],[128.9871255,35.1641692],[128.9869802,35.1641179],[128.9869142,35.1640945],[128.9868504,35.1640719],[128.986696,35.1640169],[128.9864784,35.1639403],[128.9862583,35.1638621],[128.9860863,35.1638012],[128.9858405,35.1637133],[128.9858758,35.1636475],[128.9858922,35.1636159],[128.985926,35.1635528],[128.9859896,35.1634345],[128.9860402,35.163339],[128.9860492,35.1633216],[128.9860805,35.1632633],[128.9860927,35.1632408],[128.9861032,35.163221],[128.9861605,35.163113],[128.9861695,35.1630961],[128.9862215,35.1629992],[128.9862721,35.1629051],[128.9863391,35.1627787],[128.9863837,35.1626955],[128.9861014,35.1626609],[128.9860327,35.1626527],[128.9859552,35.1627997],[128.9858826,35.1629382],[128.9858722,35.1629579],[128.9858609,35.1629794],[128.9858179,35.1630611],[128.9857687,35.1631547],[128.9857593,35.1631731],[128.9856683,35.1633456],[128.9856578,35.1633654],[128.9856162,35.1634443],[128.985608,35.1634602],[128.9855479,35.1635738],[128.9854829,35.1636978],[128.9854581,35.1637438],[128.9854172,35.1638205],[128.9853637,35.1639225],[128.9852951,35.1640533],[128.9852659,35.1641094],[128.9852276,35.164189],[128.9851246,35.1643825],[128.9850507,35.1645196],[128.9849975,35.1646241],[128.9849575,35.1647032],[128.9849279,35.1647609],[128.9848968,35.1648219],[128.984866,35.1648821],[128.9848349,35.1649443],[128.9847768,35.1650579],[128.9847134,35.1651825],[128.984661,35.1652855],[128.9846145,35.1653772],[128.984552,35.1655022],[128.9844969,35.165609],[128.9844374,35.1657279],[128.9844038,35.1657947],[128.9843636,35.1658731],[128.9843192,35.1659597],[128.9842621,35.1660732],[128.9842078,35.1660935],[128.9841021,35.166081],[128.9839752,35.1660667],[128.9838513,35.1660522],[128.9837083,35.1660361],[128.9836342,35.1660807],[128.9836339,35.1662124],[128.9836338,35.1662523],[128.9836334,35.166408],[128.9836334,35.1664418],[128.9836331,35.1665485],[128.9836329,35.1666407],[128.9836328,35.1666683],[128.9836326,35.1667328],[128.9836324,35.1668247],[128.983632,35.166981],[128.9833224,35.1669746],[128.9832493,35.1669622],[128.9832433,35.1669615],[128.9832429,35.1669615],[128.9831827,35.1669599],[128.9831395,35.1669589],[128.9830716,35.1669571],[128.9830522,35.1669566],[128.9830149,35.1669555],[128.9829965,35.1669555],[128.982928,35.1669559],[128.9828664,35.1669566],[128.9828198,35.1669598],[128.9827918,35.1669619],[128.9826877,35.1669697],[128.9825896,35.1669771],[128.9825825,35.1669776],[128.9824901,35.1669854],[128.9824438,35.166928],[128.9824105,35.1669999],[128.9823725,35.167082],[128.9823113,35.1671977],[128.9822922,35.1672393],[128.9822633,35.1673],[128.9822609,35.1673133],[128.9822457,35.1673903],[128.9822379,35.167421],[128.9822351,35.1674422],[128.9822168,35.1675328],[128.982214,35.1676106],[128.9822122,35.1676287],[128.9824038,35.1675497],[128.9824825,35.167527],[128.9826118,35.1674899],[128.9826456,35.1674805],[128.9828128,35.1674328],[128.9828565,35.1674199],[128.9831253,35.1673426],[128.9831646,35.167331],[128.983398,35.1672644],[128.9835011,35.1672518],[128.9835731,35.1672426],[128.9836306,35.167235],[128.9837224,35.1672296],[128.98399,35.1672337],[128.9840963,35.167243],[128.9841694,35.1672499],[128.9842346,35.167256],[128.9843762,35.167268],[128.9843913,35.1672693],[128.9844328,35.1672697],[128.9845293,35.1672896],[128.9846085,35.1673078],[128.9846843,35.1673255],[128.9847879,35.1673493],[128.9847966,35.1673342],[128.9848677,35.1673673],[128.984985,35.1674187],[128.985084,35.1674507],[128.9850983,35.1674421],[128.9851475,35.1674582],[128.9852313,35.1674566],[128.9852456,35.1674444],[128.9853421,35.1675102],[128.9857474,35.1675864],[128.9859098,35.1675882],[128.9860216,35.1676085],[128.9862151,35.1676819],[128.986275,35.1676971],[128.986344,35.1677148],[128.9864007,35.1677043],[128.9864821,35.167689],[128.9865647,35.1676728],[128.9866661,35.1676508],[128.9867651,35.1676287],[128.9867564,35.1675961],[128.9868038,35.1675781],[128.9868371,35.1675655],[128.9870157,35.1674965],[128.9870208,35.1674944],[128.9870348,35.1674904],[128.9870457,35.167487],[128.9871531,35.1674561],[128.9871664,35.1674067],[128.987184,35.1673426],[128.987186,35.167334],[128.9872162,35.1672594],[128.9872247,35.1672374],[128.9872472,35.1671859],[128.987251,35.1671394],[128.9872984,35.1669921],[128.9873301,35.166893],[128.9873552,35.1667943],[128.9873879,35.1666941],[128.987418,35.1666005],[128.9874358,35.1665195],[128.9874387,35.1665044],[128.9874526,35.1664374],[128.987453,35.1664317],[128.9874392,35.1664269],[128.9874544,35.1663723],[128.9874663,35.1663446],[128.9874933,35.1662795],[128.987519,35.1662092],[128.987543,35.1661418],[128.9875699,35.1660697],[128.9875986,35.1659915],[128.9876052,35.1659735]]]},"properties":{"name":"괘법1 재개발사업 정비구역","type":"재개발","admCode":"26530","mnum":"62600002653020250204UDT1000001001"}},{"type":"Feature","geometry":{"type":"Polygon","coordinates":[[[128.9823079,35.1674114],[128.9823973,35.1674728],[128.9827574,35.1673672],[128.9830005,35.1672969],[128.9831998,35.1672388],[128.9833834,35.1671896],[128.9834749,35.167168],[128.9834342,35.1671202],[128.9833063,35.1671005],[128.9829461,35.1670932],[128.9825742,35.1671087],[128.9824705,35.1671245],[128.9824025,35.167161],[128.9823724,35.167218],[128.9823537,35.1672587],[128.9823309,35.167323],[128.9823105,35.1674],[128.9823079,35.1674114]]]},"properties":{"name":"상업시설용지1","type":"기타","admCode":"26530","mnum":"62600002653020250204UDT9990001004"}},{"type":"Feature","geometry":{"type":"Polygon","coordinates":[[[128.9868748,35.1674091],[128.9869206,35.1672482],[128.9869488,35.1671489],[128.9865589,35.1670752],[128.9864341,35.1675137],[128.9864827,35.1675201],[128.9865509,35.1675291],[128.9865962,35.1675315],[128.9866455,35.1675271],[128.9866964,35.1675165],[128.9867472,35.1674985],[128.9867948,35.1674752],[128.9868349,35.1674477],[128.9868559,35.1674307],[128.9868748,35.1674091]]]},"properties":{"name":"종교용지2","type":"기타","admCode":"26530","mnum":"62600002653020250204UDT9990001003"}},{"type":"Feature","geometry":{"type":"Polygon","coordinates":[[[128.9837687,35.1665739],[128.9842148,35.1665751],[128.9842151,35.1664426],[128.9842156,35.1662501],[128.9841761,35.1662052],[128.9838211,35.1661654],[128.9837696,35.1662004],[128.9837687,35.1665739]]]},"properties":{"name":"종교용지1","type":"기타","admCode":"26530","mnum":"62600002653020250204UDT9990001002"}},{"type":"Feature","geometry":{"type":"Polygon","coordinates":[[[128.9842142,35.1667968],[128.9837682,35.1667959],[128.9837673,35.1671334],[128.9838203,35.1671817],[128.9841222,35.1672187],[128.9842133,35.1671603],[128.9842142,35.1667968]]]},"properties":{"name":"상업시설용지2","type":"기타","admCode":"26530","mnum":"62600002653020250204UDT9990001001"}},{"type":"Feature","geometry":{"type":"Polygon","coordinates":[[[128.9717258,35.1248215],[128.971781,35.1248914],[128.9718216,35.1249407],[128.9718758,35.1250077],[128.9718902,35.1250252],[128.9719782,35.1251342],[128.9719962,35.1251558],[128.9720896,35.1252704],[128.9723371,35.1255785],[128.9723618,35.1256088],[128.9724125,35.1256719],[128.9724476,35.1257161],[128.9726029,35.1259087],[128.972608,35.1259142],[128.972635,35.1259546],[128.9726448,35.1259686],[128.9726521,35.1259786],[128.9726635,35.1259921],[128.9727289,35.1260734],[128.9727599,35.1261109],[128.9730457,35.1264404],[128.9731267,35.1265405],[128.9732434,35.1266834],[128.9733939,35.1268817],[128.9734057,35.1268957],[128.973526,35.1270425],[128.9735902,35.1271229],[128.9738363,35.1274267],[128.9739396,35.1275554],[128.9740455,35.1274944],[128.9740299,35.1274739],[128.9740624,35.1274548],[128.974089,35.1274165],[128.9741185,35.1273927],[128.9741406,35.1273543],[128.9741701,35.1273219],[128.9741274,35.1271594],[128.9740821,35.126977],[128.9741889,35.1268859],[128.974158,35.1268409],[128.9742802,35.1267542],[128.9742328,35.1266865],[128.9742354,35.1266341],[128.9741947,35.1265821],[128.9741626,35.1265577],[128.9740773,35.1264832],[128.9740417,35.1264187],[128.9740329,35.1264013],[128.9741121,35.1263511],[128.9741761,35.1263115],[128.9742549,35.1262521],[128.9742576,35.1262525],[128.9743198,35.1262052],[128.9743819,35.126158],[128.9743942,35.126152],[128.9745089,35.1260123],[128.9746236,35.1258727],[128.9746824,35.1258008],[128.9747885,35.1256731],[128.9748207,35.1256335],[128.9748575,35.125589],[128.9748858,35.1255547],[128.9751823,35.1251951],[128.9751457,35.1251629],[128.975239,35.1250784],[128.974897,35.1244233],[128.9749274,35.1243863],[128.9749149,35.1243764],[128.9749735,35.1242998],[128.9749099,35.1242521],[128.9747586,35.1241801],[128.9746856,35.1240394],[128.9746539,35.1239819],[128.974594,35.123945],[128.9741294,35.1236718],[128.9740073,35.1237943],[128.9737073,35.1240947],[128.9735955,35.1242067],[128.9735312,35.1242412],[128.9735093,35.1242588],[128.973455,35.1243154],[128.9734099,35.1243617],[128.9732075,35.1245159],[128.9732024,35.1245198],[128.9731746,35.1245344],[128.9731431,35.124553],[128.9730722,35.1245771],[128.9730116,35.1245767],[128.9729931,35.1245906],[128.9729639,35.1246031],[128.9728563,35.1246597],[128.9727984,35.1247057],[128.9726767,35.124736],[128.9725954,35.1247919],[128.9725742,35.1248157],[128.9725358,35.1248604],[128.9724907,35.1249308],[128.9724788,35.1249571],[128.9724678,35.1249666],[128.9724637,35.124973],[128.9723844,35.1250849],[128.9722487,35.1250623],[128.9722295,35.1250177],[128.9722477,35.1250039],[128.9723169,35.1249622],[128.9723671,35.1249509],[128.9723413,35.1248995],[128.9722465,35.1249471],[128.9722009,35.1249825],[128.9721826,35.1249729],[128.9722253,35.1249278],[128.9722841,35.1248673],[128.9722899,35.1248254],[128.972273,35.1247918],[128.9721988,35.124778],[128.9721929,35.1247254],[128.9721605,35.124657],[128.9721532,35.1246434],[128.972092,35.12456],[128.9720654,35.124537],[128.9719849,35.1245828],[128.9718487,35.1246587],[128.9718171,35.1246766],[128.9717512,35.1247132],[128.9717258,35.1248215]]]},"properties":{"name":"엄궁3 재개발 정비구역","type":"재개발","admCode":"26530","mnum":"62600002653020220328UDT1000001001"}},{"type":"Feature","geometry":{"type":"Polygon","coordinates":[[[128.9776159,35.1288538],[128.9780232,35.1286868],[128.9782379,35.1282904],[128.9783994,35.1279926],[128.9783372,35.1278778],[128.9782852,35.127782],[128.9782837,35.127782],[128.9782735,35.1277632],[128.9782384,35.1276986],[128.9782254,35.1276745],[128.9777058,35.1267181],[128.9770214,35.1265564],[128.9769503,35.126511],[128.9765397,35.1262487],[128.9764409,35.1261854],[128.9763142,35.1261038],[128.9761875,35.1260222],[128.9760607,35.1259407],[128.9759338,35.1258593],[128.975213,35.1252221],[128.9752096,35.1252191],[128.9751823,35.1251951],[128.975176,35.1252028],[128.9748858,35.1255547],[128.9748575,35.125589],[128.9748207,35.1256335],[128.9747885,35.1256731],[128.9746824,35.1258008],[128.9746236,35.1258727],[128.9745089,35.1260123],[128.9743942,35.126152],[128.9743819,35.126158],[128.9743198,35.1262052],[128.9742576,35.1262525],[128.9742549,35.1262521],[128.9741761,35.1263115],[128.9741121,35.1263511],[128.9740329,35.1264013],[128.9740417,35.1264187],[128.9740773,35.1264832],[128.9741626,35.1265577],[128.9741947,35.1265821],[128.9742354,35.1266341],[128.9742328,35.1266865],[128.9742802,35.1267542],[128.974158,35.1268409],[128.9741889,35.1268859],[128.9741066,35.1269561],[128.9740821,35.126977],[128.9741066,35.1270753],[128.9741274,35.1271594],[128.9741701,35.1273219],[128.9741406,35.1273543],[128.9741185,35.1273927],[128.974089,35.1274165],[128.9740624,35.1274548],[128.9740299,35.1274739],[128.9740455,35.1274944],[128.9739396,35.1275554],[128.9740161,35.1276499],[128.9740332,35.127671],[128.9740723,35.127718],[128.9743867,35.1281143],[128.9744702,35.1281498],[128.9745325,35.1281769],[128.9745861,35.1281598],[128.9751592,35.128089],[128.9753977,35.1280596],[128.9754297,35.1280554],[128.9754448,35.1280534],[128.9755196,35.1280436],[128.97562,35.1280304],[128.9757297,35.1280161],[128.9758051,35.1280063],[128.9758061,35.1280062],[128.9758354,35.1280023],[128.975948,35.1279877],[128.9759845,35.1279829],[128.9760453,35.127975],[128.9761453,35.1279619],[128.9761731,35.1279583],[128.9762778,35.1279447],[128.9763454,35.1279358],[128.9764147,35.1279268],[128.9766904,35.1278907],[128.9767277,35.1279769],[128.9767654,35.1280665],[128.9767844,35.1281617],[128.9768032,35.1282543],[128.9768456,35.1282474],[128.9768619,35.1282857],[128.9769833,35.1285709],[128.9770431,35.1287125],[128.9771015,35.1288469],[128.9771717,35.1290162],[128.9771786,35.1290327],[128.9776018,35.1288596],[128.9776159,35.1288538]],[[128.9777748,35.1277352],[128.9777028,35.1274709],[128.9777371,35.1274376],[128.9779171,35.1274202],[128.9779659,35.1274466],[128.9780223,35.1276996],[128.9779467,35.1277104],[128.9779146,35.1277151],[128.9777748,35.1277352]]]},"properties":{"name":"엄궁지구 주택 재건축정비구역","type":"재건축","admCode":"26530","mnum":"62600002653020063832UDT1003232323"}},{"type":"Feature","geometry":{"type":"Polygon","coordinates":[[[128.9829419,35.1708086],[128.9829647,35.1708797],[128.9829847,35.170943],[128.9830043,35.171005],[128.9830069,35.1710131],[128.9830177,35.1710473],[128.9830365,35.1711069],[128.9830429,35.1711271],[128.9830536,35.171161],[128.9830653,35.1711984],[128.9830732,35.1712184],[128.9830939,35.1712711],[128.9831269,35.1713553],[128.9831659,35.1714546],[128.9831777,35.1714845],[128.9831846,35.1715023],[128.9831991,35.1715521],[128.9832546,35.1716911],[128.9833074,35.1718231],[128.983343,35.1719125],[128.9834101,35.1720811],[128.9834164,35.1720977],[128.9834809,35.1722598],[128.9834949,35.1722977],[128.9835004,35.1723128],[128.9835198,35.1723622],[128.9835851,35.1723105],[128.9836046,35.17231],[128.9836433,35.172309],[128.9844578,35.1722875],[128.9846271,35.1722789],[128.9851407,35.1722437],[128.9852823,35.1722342],[128.9856266,35.1722104],[128.985673,35.1722072],[128.9858039,35.1721981],[128.9857967,35.1721438],[128.9857853,35.1720559],[128.9857502,35.172051],[128.9856905,35.1720406],[128.9856135,35.1720245],[128.9855096,35.171988],[128.9854487,35.171956],[128.9853709,35.1719276],[128.9852776,35.1719048],[128.9852423,35.1718739],[128.9852287,35.1718574],[128.9852421,35.1718474],[128.9852803,35.1718209],[128.9853274,35.171793],[128.9854142,35.1717627],[128.9854424,35.1717315],[128.9854229,35.1717032],[128.9854407,35.1716894],[128.9855168,35.1716249],[128.9855495,35.1715779],[128.9855774,35.171538],[128.9855864,35.1715016],[128.9856193,35.1714674],[128.9855751,35.1714141],[128.9855438,35.1713764],[128.9854959,35.1713422],[128.9854768,35.1713289],[128.9853974,35.1713119],[128.985364,35.1712943],[128.9853215,35.1712725],[128.9852164,35.1712705],[128.9852071,35.1712702],[128.985163,35.1712399],[128.9851014,35.1712396],[128.9850976,35.1711884],[128.9850998,35.1711764],[128.9851068,35.1711375],[128.9851243,35.1711026],[128.9850965,35.1710662],[128.9850668,35.1710264],[128.9850072,35.1709812],[128.9849948,35.1709722],[128.9849804,35.1709383],[128.9849777,35.1709329],[128.9849529,35.1709255],[128.9849455,35.170862],[128.9850013,35.170827],[128.9850155,35.1708171],[128.9850437,35.1707777],[128.9850537,35.1707642],[128.985061,35.1706756],[128.9850456,35.1706382],[128.9850385,35.1706204],[128.985106,35.1705631],[128.9851364,35.1704734],[128.9851528,35.1704454],[128.9851745,35.1704149],[128.9852131,35.1703636],[128.9852519,35.1703122],[128.9852549,35.1702459],[128.9852567,35.1702134],[128.9852668,35.1701531],[128.9853518,35.1701979],[128.9854681,35.1702575],[128.9855337,35.1702949],[128.9856459,35.1703321],[128.9857456,35.1703402],[128.9857334,35.1703006],[128.9856567,35.1702363],[128.9856246,35.1701277],[128.9855931,35.1700214],[128.9855868,35.1700011],[128.9855549,35.1699363],[128.9855559,35.1699094],[128.985557,35.1698616],[128.985591,35.1698252],[128.9856105,35.1697793],[128.9856075,35.1697307],[128.9856413,35.1696744],[128.9857173,35.1696561],[128.9857511,35.1696752],[128.9858397,35.1696329],[128.9858749,35.16962],[128.9859176,35.1696037],[128.9860431,35.1696025],[128.9859919,35.1695787],[128.9859594,35.1695636],[128.9859112,35.169545],[128.9859127,35.1695215],[128.9859205,35.1694219],[128.9859269,35.1693432],[128.9859291,35.1693236],[128.9859339,35.169263],[128.9859355,35.1692444],[128.9859387,35.1692038],[128.9859161,35.169193],[128.9858756,35.1691581],[128.9858813,35.1690397],[128.985801,35.1690711],[128.985727,35.1690827],[128.9856024,35.1690685],[128.985533,35.1690623],[128.9854616,35.1690545],[128.9853543,35.1690414],[128.9852057,35.169022],[128.9851373,35.1690138],[128.985096,35.1690087],[128.9850898,35.1690079],[128.9850087,35.1689978],[128.9849367,35.1689895],[128.9847559,35.1689678],[128.9846871,35.1689532],[128.9845542,35.1689272],[128.9843726,35.1688927],[128.9841881,35.1688617],[128.9840621,35.168841],[128.9837955,35.1688947],[128.9836448,35.1689141],[128.9836088,35.1689225],[128.9835479,35.1689331],[128.9835295,35.1689363],[128.9835218,35.1689383],[128.9835287,35.1689802],[128.9835316,35.1689979],[128.9834317,35.1690004],[128.9834637,35.169029],[128.9834726,35.1690664],[128.9834727,35.1690669],[128.9834879,35.1691306],[128.9835001,35.1691995],[128.9835168,35.1692957],[128.983538,35.1694175],[128.9835663,35.1695784],[128.9835712,35.1696007],[128.983589,35.1697018],[128.9835956,35.1697417],[128.9836134,35.1698106],[128.9836202,35.1698374],[128.9836235,35.1698504],[128.9836097,35.1699721],[128.9836048,35.1699836],[128.9835766,35.1700529],[128.9835495,35.1700852],[128.9835021,35.1701415],[128.9834895,35.1701564],[128.9834243,35.1702339],[128.9833488,35.170324],[128.9832521,35.1704392],[128.9831994,35.1705021],[128.9831286,35.1705863],[128.983055,35.1706734],[128.9829419,35.1708086]]]},"properties":{"name":"정비구역","type":"기타","admCode":"26530","mnum":"62600002653020160379UDT1000001001"}},{"type":"Feature","geometry":{"type":"Polygon","coordinates":[[[128.9963881,35.1520767],[128.9963901,35.1520948],[128.9963921,35.1521081],[128.9964202,35.1522916],[128.9964235,35.1523138],[128.9964458,35.1524871],[128.996464,35.1526077],[128.996486,35.1527452],[128.9964948,35.1528304],[128.9965514,35.1528048],[128.996669,35.152753],[128.9968353,35.1526803],[128.9968652,35.1526665],[128.9971028,35.1525624],[128.9972657,35.1525085],[128.9972805,35.1525037],[128.9974072,35.1524621],[128.9975106,35.1524296],[128.9975286,35.152424],[128.9980134,35.1522812],[128.9985572,35.1521287],[128.9987119,35.1520846],[128.9988895,35.1520369],[128.9990614,35.1519894],[128.9991019,35.1519784],[128.9992321,35.1519429],[128.9993839,35.1519015],[128.9995363,35.1518599],[128.9995673,35.1518514],[128.9995903,35.1518452],[128.9996281,35.1518348],[128.9998573,35.1517723],[128.9999614,35.1517439],[129.0000774,35.1517118],[129.0001713,35.1516847],[129.000301,35.1516476],[129.0004838,35.1515997],[129.0005314,35.1515859],[129.000644,35.1515522],[129.0006889,35.1515387],[129.0007042,35.1515342],[129.0007067,35.1515329],[129.0007301,35.1515213],[129.0007471,35.1515164],[129.0007916,35.151507],[129.0008962,35.1514848],[129.0009819,35.1514667],[129.001035,35.1514554],[129.0010489,35.1514525],[129.0010532,35.1514516],[129.0010944,35.1514428],[129.0013153,35.151396],[129.0013148,35.1513956],[129.0013138,35.1513947],[129.0013038,35.1513858],[129.0012279,35.1513183],[129.0012113,35.1513038],[129.0012007,35.1512943],[129.0011804,35.1512764],[129.0010979,35.151208],[129.0010129,35.1511379],[129.0009963,35.1511242],[129.0009793,35.1511124],[129.0009151,35.1510664],[129.0008678,35.1510323],[129.0007987,35.1509825],[129.0007816,35.1509702],[129.0007654,35.1509586],[129.0006426,35.1508706],[129.0005812,35.1508265],[129.0004107,35.1507169],[129.0003462,35.1506755],[129.0002773,35.15068],[129.0002134,35.1506841],[129.0001213,35.15069],[129.0000953,35.1506917],[129.0000843,35.1506924],[129.0000518,35.1506945],[128.9999189,35.1506336],[128.9998311,35.1505934],[128.9997872,35.1505726],[128.9996633,35.1506249],[128.999582,35.1506593],[128.9994515,35.1507145],[128.9994421,35.1507184],[128.9993779,35.1507456],[128.9992536,35.1507981],[128.9991154,35.1508546],[128.9990596,35.1508775],[128.9990352,35.1508882],[128.9987417,35.1510174],[128.9986947,35.1510381],[128.9986034,35.1510754],[128.998486,35.1511233],[128.9983021,35.1512051],[128.998165,35.1512662],[128.9978658,35.1513993],[128.9977006,35.1514713],[128.9973719,35.1516145],[128.9970732,35.1517446],[128.9970599,35.1517504],[128.9969848,35.1517831],[128.9969159,35.1518132],[128.9965663,35.1519654],[128.9963881,35.1520767]]]},"properties":{"name":"주례2 재개발 정비구역","type":"재개발","admCode":"26530","mnum":"62600002653020220064UDT1002821228"}},{"type":"Feature","geometry":{"type":"Polygon","coordinates":[[[128.9858294,35.1571551],[128.9858677,35.1572811],[128.98593,35.1574892],[128.9859402,35.1575227],[128.9859757,35.1576415],[128.9860548,35.1579057],[128.986087,35.1580214],[128.986108,35.1581087],[128.9861358,35.1582256],[128.9861624,35.1583369],[128.9862161,35.158558],[128.9862364,35.1586425],[128.9862813,35.1586676],[128.9865291,35.1586285],[128.9865715,35.1586218],[128.9868507,35.1585779],[128.9868934,35.1585712],[128.9870345,35.1585475],[128.9872645,35.1585089],[128.9872479,35.1584185],[128.9872282,35.1583101],[128.9872222,35.1582784],[128.9872043,35.1581785],[128.9871408,35.1578323],[128.9871728,35.1577952],[128.9873124,35.1577706],[128.9875196,35.1577344],[128.9876403,35.1577129],[128.9876834,35.1577056],[128.9877929,35.1576862],[128.9879268,35.1576628],[128.98803,35.157645],[128.9880752,35.1576735],[128.9880669,35.1576386],[128.9880464,35.1575518],[128.988024,35.1574602],[128.9879899,35.1573195],[128.9879467,35.1571423],[128.9879089,35.1569786],[128.9879006,35.1569423],[128.9878781,35.1568496],[128.9878053,35.1565476],[128.9876448,35.1565777],[128.9875555,35.1565942],[128.9875362,35.1565978],[128.987357,35.1566308],[128.9872668,35.15666],[128.9870272,35.156737],[128.9869457,35.1567633],[128.9868595,35.1567882],[128.9866912,35.1568429],[128.9865898,35.1568766],[128.9864786,35.1569136],[128.9863571,35.1569526],[128.986343,35.1569571],[128.9863346,35.1569598],[128.9862257,35.1569947],[128.986077,35.1570422],[128.9860359,35.1570553],[128.9858572,35.1571125],[128.9858294,35.1571551]]]},"properties":{"name":"감전1 주거환경관리 정비구역","type":"주거환경관리","admCode":"26530","mnum":"62600002653020160366UDT1000001001"}},{"type":"Feature","geometry":{"type":"Polygon","coordinates":[[[129.2737285,35.3244619],[129.2738211,35.3245217],[129.2739137,35.3245821],[129.2739762,35.3246226],[129.2739387,35.3246659],[129.274095,35.3247985],[129.2742562,35.3249256],[129.2744646,35.3251126],[129.2745552,35.3251918],[129.2746663,35.3252701],[129.274787,35.3253553],[129.2748853,35.3254247],[129.2749808,35.32551],[129.2749989,35.3255262],[129.2750421,35.3255648],[129.2750438,35.3255661],[129.2750848,35.3255985],[129.2750889,35.3255989],[129.2751741,35.3257137],[129.2752091,35.3256929],[129.2752448,35.3256717],[129.2752962,35.3257317],[129.2753705,35.3258185],[129.2754215,35.3258793],[129.2754354,35.3258958],[129.2755857,35.3260638],[129.2756344,35.3261149],[129.2756881,35.3261927],[129.2757784,35.3263273],[129.2758105,35.3263752],[129.2758514,35.326439],[129.2759052,35.3265198],[129.2759427,35.3265775],[129.27603,35.3266066],[129.2760415,35.3266744],[129.2760488,35.3267178],[129.2759491,35.3267256],[129.2759643,35.3267455],[129.2759794,35.3267637],[129.2760638,35.3267543],[129.2760886,35.326792],[129.2761118,35.3268272],[129.2761493,35.3268852],[129.2761684,35.3269147],[129.2762901,35.3271056],[129.2763789,35.3272439],[129.2764917,35.3274125],[129.2765316,35.3274735],[129.2766174,35.3275701],[129.2767248,35.3276981],[129.2767587,35.3277265],[129.2767906,35.3277557],[129.2768273,35.3277893],[129.2768287,35.3277906],[129.276864,35.3278229],[129.2768807,35.3278382],[129.2769007,35.3278565],[129.2769374,35.32789],[129.2769741,35.3279236],[129.2770108,35.3279572],[129.2770474,35.3279908],[129.2770841,35.3280243],[129.2771108,35.3280488],[129.2771207,35.328058],[129.2771575,35.3280914],[129.2771731,35.3281057],[129.2771933,35.3281244],[129.2772282,35.3281577],[129.2772319,35.3281614],[129.277295,35.3282155],[129.2773689,35.3282788],[129.2774264,35.3283281],[129.2774512,35.3283536],[129.2774569,35.3283584],[129.2776355,35.3285086],[129.2777301,35.328414],[129.277741,35.3284031],[129.2778291,35.3283168],[129.277831,35.3283148],[129.2779955,35.3281496],[129.278055,35.3281719],[129.2782183,35.3282328],[129.2783754,35.328291],[129.2784949,35.3283376],[129.2784525,35.3283936],[129.278387,35.3284801],[129.2783884,35.3284854],[129.2783822,35.3285101],[129.2783784,35.3285251],[129.2783522,35.328525],[129.2781999,35.3287283],[129.2784009,35.3287618],[129.2785046,35.3287791],[129.2786698,35.3288093],[129.2786444,35.3288555],[129.2786348,35.3288731],[129.2786224,35.3289286],[129.2786232,35.328928],[129.2786964,35.3288806],[129.2787569,35.3288414],[129.278855,35.3288579],[129.2789361,35.3288486],[129.2789845,35.3288443],[129.2790736,35.328829],[129.2790934,35.3288273],[129.2791688,35.3288209],[129.2792425,35.3288237],[129.2792644,35.3288246],[129.2793417,35.3288349],[129.2793814,35.328843],[129.2794219,35.3288512],[129.2795021,35.3288744],[129.279561,35.3289177],[129.2795695,35.3289248],[129.2795998,35.3289498],[129.2796683,35.3289449],[129.2796949,35.3289617],[129.2797492,35.3288728],[129.2797087,35.3288665],[129.2797382,35.328766],[129.2798578,35.3287884],[129.2799034,35.3286238],[129.2799123,35.3285903],[129.2798808,35.3285875],[129.2798182,35.3285798],[129.2798386,35.3285721],[129.2798709,35.3285757],[129.2799988,35.3285745],[129.2800349,35.3285585],[129.2800598,35.3285268],[129.2800669,35.3285315],[129.280115,35.3284823],[129.2801249,35.3284724],[129.2802492,35.3285755],[129.2804726,35.3287631],[129.280489,35.328827],[129.2804748,35.3288879],[129.2804527,35.3289831],[129.2804487,35.3290001],[129.2807154,35.3290996],[129.2807906,35.3291277],[129.2807345,35.3288759],[129.2807608,35.3288869],[129.2807563,35.3288688],[129.2807098,35.3287641],[129.2807093,35.3287494],[129.2807059,35.3286444],[129.2806966,35.3286186],[129.2808873,35.3286814],[129.2809083,35.3286883],[129.2809101,35.3286778],[129.2808669,35.3285478],[129.2806761,35.3273612],[129.2806296,35.3270448],[129.2806237,35.327012],[129.2805889,35.3267959],[129.2805882,35.3267918],[129.2805715,35.3266932],[129.2805686,35.3266761],[129.2805576,35.3266556],[129.2805355,35.3266143],[129.2805207,35.3265975],[129.2804464,35.3265504],[129.2803399,35.3265011],[129.28029,35.3264835],[129.2799327,35.3264021],[129.279711,35.3263504],[129.2795532,35.3263135],[129.279415,35.3262812],[129.2790966,35.3262063],[129.2789349,35.3261679],[129.2787968,35.3261351],[129.2784321,35.3260505],[129.2783767,35.326053],[129.2783417,35.3260447],[129.2776457,35.325879],[129.2776469,35.3258754],[129.2774715,35.3258226],[129.2772163,35.3257454],[129.2769518,35.3256444],[129.2766645,35.3254146],[129.276664,35.3254142],[129.2766125,35.3253752],[129.2765447,35.3253287],[129.2764928,35.3254013],[129.2764174,35.325515],[129.2762892,35.3255332],[129.2762229,35.3255174],[129.2761195,35.3254904],[129.2760127,35.3254497],[129.2758936,35.3254063],[129.2757976,35.3253689],[129.2756942,35.3253327],[129.2756129,35.3253011],[129.275607,35.3253117],[129.2755919,35.3253003],[129.2755842,35.3252946],[129.2755748,35.3252876],[129.2755713,35.325285],[129.275567,35.3252821],[129.2756716,35.3250882],[129.2757473,35.3249482],[129.2757207,35.3248989],[129.275694,35.324871],[129.2755353,35.3248359],[129.2753958,35.3247524],[129.2752304,35.3246534],[129.275083,35.3245592],[129.2750822,35.3245462],[129.2750818,35.3245382],[129.2750807,35.3245193],[129.2750798,35.3245044],[129.2750795,35.3244985],[129.2750793,35.3244946],[129.275079,35.3244897],[129.2750788,35.3244867],[129.2750787,35.3244846],[129.2750786,35.3244828],[129.2750785,35.324481],[129.2750784,35.3244795],[129.2750783,35.3244783],[129.2750781,35.3244773],[129.2750777,35.3244759],[129.2750762,35.3244717],[129.2750748,35.3244687],[129.2750742,35.3244673],[129.2750732,35.3244653],[129.2750724,35.3244639],[129.2750717,35.3244627],[129.2750712,35.3244618],[129.2750704,35.3244607],[129.2750698,35.3244599],[129.2750691,35.3244588],[129.2750681,35.3244574],[129.2750671,35.3244562],[129.2750655,35.3244542],[129.2750648,35.3244534],[129.2750636,35.3244521],[129.2750623,35.3244507],[129.2750617,35.3244501],[129.2750598,35.3244484],[129.2750592,35.3244478],[129.2750574,35.3244463],[129.2750559,35.3244451],[129.2750546,35.3244441],[129.2750535,35.3244432],[129.2750527,35.3244427],[129.2750503,35.3244411],[129.2750488,35.32444],[129.2750449,35.3244378],[129.275041,35.3244358],[129.2750371,35.324434],[129.2750353,35.3244333],[129.2750308,35.3244317],[129.2750273,35.3244307],[129.2750235,35.3244297],[129.2750204,35.3244289],[129.2750167,35.3244282],[129.2750149,35.324428],[129.2750116,35.3244275],[129.2750064,35.3244264],[129.2750053,35.3244262],[129.275003,35.3244257],[129.2750011,35.3244253],[129.2749999,35.3244251],[129.2749983,35.3244248],[129.2749928,35.3244155],[129.2749327,35.3244112],[129.2749296,35.3244112],[129.2745582,35.3243351],[129.2745066,35.3243256],[129.2743077,35.3242467],[129.2740861,35.3241201],[129.2740274,35.3240814],[129.2740213,35.3240889],[129.2740146,35.3240972],[129.2739645,35.3240438],[129.273897,35.3239788],[129.2738915,35.3239867],[129.2738547,35.3240398],[129.2738781,35.324066],[129.2739349,35.3241272],[129.2739541,35.3241551],[129.2739798,35.3241926],[129.2739876,35.3242591],[129.2739475,35.3242496],[129.2738787,35.3242497],[129.2738425,35.3242998],[129.2738616,35.3243316],[129.2738317,35.3243157],[129.2737285,35.3244619]]]},"properties":{"name":"월내 주거환경개선구역","type":"주거환경개선","admCode":"26710","mnum":"62600002671020240419UDT1000001001"}}]}